type,rate,cutoff,resonance,gain,mix,probe,measured_db,analytic_db,error_db
LOW PASS,44100,20,0,0,1,5,-0.5265781311,-0.5265781262,4.836109999e-09
LOW PASS,44100,20,0,0,1,20,-6.02059992,-6.020599913,6.392909313e-09
LOW PASS,44100,20,0,0,1,39.98186763,-13.97312748,-13.97312757,9.330905382e-08
LOW PASS,44100,20,0,0,1,20671.875,-240,-154.1144042,85.88559576
LOW PASS,44100,20,0.1000000015,0,1,5,0.1528754282,0.1528754198,8.366100448e-09
LOW PASS,44100,20,0.1000000015,0,1,20,-1.41162142,-1.411621432,1.230278995e-08
LOW PASS,44100,20,0.1000000015,0,1,39.98186763,-11.61658214,-11.61658214,7.211840014e-09
LOW PASS,44100,20,0.1000000015,0,1,20671.875,-240,-154.114404,85.88559598
LOW PASS,44100,20,0.6000000238,0,1,5,0.5151272739,0.5151272708,3.153193304e-09
LOW PASS,44100,20,0.6000000238,0,1,20,8.299467236,8.299467238,2.133086596e-09
LOW PASS,44100,20,0.6000000238,0,1,39.98186763,-9.808909926,-9.808909871,5.458802699e-08
LOW PASS,44100,20,0.6000000238,0,1,20671.875,-240,-154.1144039,85.88559609
LOW PASS,44100,20,1,0,1,5,0.5413145618,0.5413145546,7.171218175e-09
LOW PASS,44100,20,1,0,1,20,12.04119982,12.04119983,2.908359775e-09
LOW PASS,44100,20,1,0,1,39.98186763,-9.651137384,-9.651137398,1.342196887e-08
LOW PASS,44100,20,1,0,1,20671.875,-240,-154.1144039,85.8855961
LOW PASS,44100,100,0,0,1,25,-0.5265625402,-0.5265625385,1.704366287e-09
LOW PASS,44100,100,0,0,1,100,-6.020599645,-6.020599656,1.085342483e-08
LOW PASS,44100,100,0,0,1,199.5475113,-13.94863678,-13.94863663,1.520574022e-07
LOW PASS,44100,100,0,0,1,20671.875,-126.4448025,-126.1553255,0.2894769097
LOW PASS,44100,100,0.1000000015,0,1,25,0.1528711908,0.1528712089,1.80851668e-08
LOW PASS,44100,100,0.1000000015,0,1,100,-1.41162117,-1.411621175,5.209480625e-09
LOW PASS,44100,100,0.1000000015,0,1,199.5475113,-11.58546784,-11.58546791,6.715927503e-08
LOW PASS,44100,100,0.1000000015,0,1,20671.875,-126.4448025,-126.15532,0.2894825955
LOW PASS,44100,100,0.6000000238,0,1,25,0.5151111749,0.5151111679,6.973363872e-09
LOW PASS,44100,100,0.6000000238,0,1,100,8.299467496,8.299467495,4.35094627e-10
LOW PASS,44100,100,0.6000000238,0,1,199.5475113,-9.769616905,-9.769616934,2.920982323e-08
LOW PASS,44100,100,0.6000000238,0,1,20671.875,-126.4448026,-126.1553173,0.2894852809
LOW PASS,44100,100,1,0,1,25,0.5412975548,0.541297553,1.742913286e-09
LOW PASS,44100,100,1,0,1,100,12.04120009,12.04120008,7.345332786e-09
LOW PASS,44100,100,1,0,1,199.5475113,-9.610954823,-9.610954819,3.297779383e-09
LOW PASS,44100,100,1,0,1,20671.875,-126.4448026,-126.1553171,0.2894854661
LOW PASS,44100,500,0,0,1,124.9291785,-0.5255952551,-0.5255952216,3.349145838e-08
LOW PASS,44100,500,0,0,1,495.505618,-5.942460127,-5.942460229,1.014265745e-07
LOW PASS,44100,500,0,0,1,980,-13.71636999,-13.71637004,5.196471076e-08
LOW PASS,44100,500,0,0,1,20671.875,-98.19082399,-98.18957341,0.001250584376
LOW PASS,44100,500,0.1000000015,0,1,124.9291785,0.152609846,0.1526098525,6.536466614e-09
LOW PASS,44100,500,0.1000000015,0,1,495.505618,-1.334152061,-1.334151999,6.250847517e-08
LOW PASS,44100,500,0.1000000015,0,1,980,-11.28957729,-11.28957735,5.989016527e-08
LOW PASS,44100,500,0.1000000015,0,1,20671.875,-98.19022768,-98.18943347,0.0007942097533
LOW PASS,44100,500,0.6000000238,0,1,124.9291785,0.514111958,0.5141119854,2.731881837e-08
LOW PASS,44100,500,0.6000000238,0,1,495.505618,8.368381434,8.368381451,1.71274479e-08
LOW PASS,44100,500,0.6000000238,0,1,980,-9.393715244,-9.393715152,9.212190744e-08
LOW PASS,44100,500,0.6000000238,0,1,20671.875,-98.18950576,-98.18936734,0.000138422989
LOW PASS,44100,500,1,0,1,124.9291785,0.540242607,0.5402426147,7.658632561e-09
LOW PASS,44100,500,1,0,1,495.505618,12.09705337,12.09705338,6.241311912e-09
LOW PASS,44100,500,1,0,1,980,-9.226251233,-9.226251033,2.006637725e-07
LOW PASS,44100,500,1,0,1,20671.875,-98.18950726,-98.18936277,0.0001444930955
LOW PASS,44100,1000,0,0,1,249.1525424,-0.5215093671,-0.5215093743,7.198278446e-09
LOW PASS,44100,1000,0,0,1,980,-5.846322274,-5.84632222,5.41672931e-08
LOW PASS,44100,1000,0,0,1,2037.228261,-14.31178524,-14.31178513,1.056590766e-07
LOW PASS,44100,1000,0,0,1,20671.875,-86.12495497,-86.12662297,0.001668007353
LOW PASS,44100,1000,0.1000000015,0,1,249.1525424,0.1515050302,0.1515050163,1.389259495e-08
LOW PASS,44100,1000,0.1000000015,0,1,980,-1.240713951,-1.240713981,2.984263622e-08
LOW PASS,44100,1000,0.1000000015,0,1,2037.228261,-12.04516038,-12.04516036,1.341008815e-08
LOW PASS,44100,1000,0.1000000015,0,1,20671.875,-86.12753272,-86.12606182,0.001470902156
LOW PASS,44100,1000,0.6000000238,0,1,249.1525424,0.5098937999,0.5098937936,6.311482281e-09
LOW PASS,44100,1000,0.6000000238,0,1,980,8.427539195,8.427539138,5.702450245e-08
LOW PASS,44100,1000,0.6000000238,0,1,2037.228261,-10.3458341,-10.34583414,3.387829528e-08
LOW PASS,44100,1000,0.6000000238,0,1,20671.875,-86.12578444,-86.12579662,1.217474534e-05
LOW PASS,44100,1000,1,0,1,249.1525424,0.5357892649,0.5357892663,1.406431444e-09
LOW PASS,44100,1000,1,0,1,980,12.10452204,12.10452205,9.724348882e-09
LOW PASS,44100,1000,1,0,1,2037.228261,-10.19967352,-10.19967357,5.051157403e-08
LOW PASS,44100,1000,1,0,1,20671.875,-86.12410722,-86.12577829,0.001671068319
LOW PASS,44100,5000,0,0,1,1225,-0.4674718002,-0.4674717395,6.069859947e-08
LOW PASS,44100,5000,0,0,1,4995.703125,-6.012465463,-6.012465468,4.633031514e-09
LOW PASS,44100,5000,0,0,1,9991.40625,-16.08999344,-16.08999347,3.106815605e-08
LOW PASS,44100,5000,0,0,1,20671.875,-57.45120547,-57.45125673,5.126488251e-05
LOW PASS,44100,5000,0.1000000015,0,1,1225,0.1367587187,0.1367587855,6.685460859e-08
LOW PASS,44100,5000,0.1000000015,0,1,4995.703125,-1.403494174,-1.403494193,1.9197891e-08
LOW PASS,44100,5000,0.1000000015,0,1,9991.40625,-14.24603508,-14.24603499,9.356399833e-08
LOW PASS,44100,5000,0.1000000015,0,1,20671.875,-57.43601485,-57.43601535,5.002831767e-07
LOW PASS,44100,5000,0.6000000238,0,1,1225,0.4544466156,0.4544466411,2.544488663e-08
LOW PASS,44100,5000,0.6000000238,0,1,4995.703125,8.307502443,8.307502405,3.834905904e-08
LOW PASS,44100,5000,0.6000000238,0,1,9991.40625,-12.9968785,-12.99687872,2.253054037e-07
LOW PASS,44100,5000,0.6000000238,0,1,20671.875,-57.42890222,-57.42879436,0.0001078535251
LOW PASS,44100,5000,1,0,1,1225,0.4772845349,0.4772845257,9.129603934e-09
LOW PASS,44100,5000,1,0,1,4995.703125,12.04909406,12.04909409,2.783595798e-08
LOW PASS,44100,5000,1,0,1,9991.40625,-12.89568508,-12.8956851,2.4677969e-08
LOW PASS,44100,5000,1,0,1,20671.875,-57.42830059,-57.42829489,5.705071745e-06
LOW PASS,44100,10000,0,0,1,2450,-0.3546944674,-0.3546944405,2.684310116e-08
LOW PASS,44100,10000,0,0,1,9991.40625,-6.009856019,-6.00985606,4.119598662e-08
LOW PASS,44100,10000,0,0,1,19982.8125,-35.83754696,-35.83754612,8.363726236e-07
LOW PASS,44100,10000,0,0,1,20671.875,-42.87270866,-42.87269285,1.580793397e-05
LOW PASS,44100,10000,0.1000000015,0,1,2450,0.1052112132,0.1052112785,6.527619737e-08
LOW PASS,44100,10000,0.1000000015,0,1,9991.40625,-1.40089011,-1.400890154,4.364979872e-08
LOW PASS,44100,10000,0.1000000015,0,1,19982.8125,-35.65319412,-35.65319507,9.49970377e-07
LOW PASS,44100,10000,0.1000000015,0,1,20671.875,-42.79089683,-42.79089805,1.221466221e-06
LOW PASS,44100,10000,0.6000000238,0,1,2450,0.3407373071,0.3407372046,1.02538817e-07
LOW PASS,44100,10000,0.6000000238,0,1,9991.40625,8.310037902,8.310037852,4.991617963e-08
LOW PASS,44100,10000,0.6000000238,0,1,19982.8125,-35.56328137,-35.56328002,1.354817101e-06
LOW PASS,44100,10000,0.6000000238,0,1,20671.875,-42.75172655,-42.75170322,2.33321333e-05
LOW PASS,44100,10000,1,0,1,2450,0.3574959971,0.357495836,1.610997427e-07
LOW PASS,44100,10000,1,0,1,9991.40625,12.05152456,12.05152456,2.720155212e-09
LOW PASS,44100,10000,1,0,1,19982.8125,-35.55700333,-35.55699679,6.543963223e-06
LOW PASS,44100,10000,1,0,1,20671.875,-42.74899258,-42.7489814,1.117720864e-05
LOW PASS,44100,20000,0,0,1,4995.703125,-0.03005365376,-0.03005365212,1.634768902e-09
LOW PASS,44100,20000,0,0,1,19982.8125,-6.608564411,-6.608564443,3.143586524e-08
LOW PASS,44100,20000,0,0,1,20671.875,-11.09220407,-11.09220364,4.313619222e-07
LOW PASS,44100,20000,0,0,1,20671.875,-11.09220407,-11.09220364,4.313619222e-07
LOW PASS,44100,20000,0.1000000015,0,1,4995.703125,0.00922891444,0.009228932653,1.821307324e-08
LOW PASS,44100,20000,0.1000000015,0,1,19982.8125,-2.03460748,-2.034607491,1.127097277e-08
LOW PASS,44100,20000,0.1000000015,0,1,20671.875,-7.849474042,-7.849474042,1.553317475e-10
LOW PASS,44100,20000,0.1000000015,0,1,20671.875,-7.849474042,-7.849474042,1.553317475e-10
LOW PASS,44100,20000,0.6000000238,0,1,4995.703125,0.02791632139,0.02791630926,1.212922193e-08
LOW PASS,44100,20000,0.6000000238,0,1,19982.8125,7.252200034,7.252199957,7.663376445e-08
LOW PASS,44100,20000,0.6000000238,0,1,20671.875,-4.620890382,-4.620890187,1.948402313e-07
LOW PASS,44100,20000,0.6000000238,0,1,20671.875,-4.620890382,-4.620890187,1.948402313e-07
LOW PASS,44100,20000,1,0,1,4995.703125,0.02921070873,0.02921074476,3.602964849e-08
LOW PASS,44100,20000,1,0,1,19982.8125,10.41558493,10.41558489,3.875171783e-08
LOW PASS,44100,20000,1,0,1,20671.875,-4.276513687,-4.276513311,3.764583818e-07
LOW PASS,44100,20000,1,0,1,20671.875,-4.276513687,-4.276513311,3.764583818e-07
LOW PASS,44100,1000,0.1000000015,0,0,249.1525424,0,0,0
LOW PASS,44100,1000,0.1000000015,0,0,980,0,0,0
LOW PASS,44100,1000,0.1000000015,0,0,2037.228261,0,0,0
LOW PASS,44100,1000,0.1000000015,0,0,20671.875,0,0,0
LOW PASS,44100,1000,0.1000000015,0,0.349999994,249.1525424,-0.03774379593,-0.03774380723,1.130779278e-08
LOW PASS,44100,1000,0.1000000015,0,0.349999994,980,-2.77248221,-2.772482221,1.119743631e-08
LOW PASS,44100,1000,0.1000000015,0,0.349999994,2037.228261,-4.693226749,-4.693226773,2.369533647e-08
LOW PASS,44100,1000,0.1000000015,0,0.349999994,20671.875,-3.741963754,-3.741963811,5.694769134e-08
LOW PASS,44100,1000,0.1000000015,0,1,249.1525424,0.1515050302,0.1515050163,1.389259495e-08
LOW PASS,44100,1000,0.1000000015,0,1,980,-1.240713951,-1.240713981,2.984263622e-08
LOW PASS,44100,1000,0.1000000015,0,1,2037.228261,-12.04516038,-12.04516036,1.341008815e-08
LOW PASS,44100,1000,0.1000000015,0,1,20671.875,-86.12753272,-86.12606182,0.001470902156
LOW PASS,48000,20,0,0,1,5,-0.5265782312,-0.5265782273,3.928721168e-09
LOW PASS,48000,20,0,0,1,20,-6.020599899,-6.020599913,1.471654887e-08
LOW PASS,48000,20,0,0,1,40,-13.97942397,-13.9794239,7.012080872e-08
LOW PASS,48000,20,0,0,1,22500,-240,-155.586512,84.41348804
LOW PASS,48000,20,0.1000000015,0,1,5,0.1528754423,0.1528754471,4.811357698e-09
LOW PASS,48000,20,0.1000000015,0,1,20,-1.411621417,-1.411621432,1.58966274e-08
LOW PASS,48000,20,0.1000000015,0,1,40,-11.62457855,-11.62457861,6.317314893e-08
LOW PASS,48000,20,0.1000000015,0,1,22500,-240,-155.5865118,84.41348823
LOW PASS,48000,20,0.6000000238,0,1,5,0.5151273733,0.5151273752,1.915820627e-09
LOW PASS,48000,20,0.6000000238,0,1,20,8.29946725,8.299467238,1.161348817e-08
LOW PASS,48000,20,0.6000000238,0,1,40,-9.819001172,-9.819001243,7.092032339e-08
LOW PASS,48000,20,0.6000000238,0,1,22500,-240,-155.5865117,84.41348832
LOW PASS,48000,20,1,0,1,5,0.5413146604,0.5413146648,4.453546698e-09
LOW PASS,48000,20,1,0,1,20,12.04119983,12.04119983,6.895338078e-09
LOW PASS,48000,20,1,0,1,40,-9.66145626,-9.661456345,8.497341653e-08
LOW PASS,48000,20,1,0,1,22500,-240,-155.5865117,84.41348832
LOW PASS,48000,100,0,0,1,25,-0.5265650785,-0.5265650701,8.36744582e-09
LOW PASS,48000,100,0,0,1,100,-6.020599708,-6.0205997,7.701490778e-09
LOW PASS,48000,100,0,0,1,200,-13.97999508,-13.9799951,2.540970456e-08
LOW PASS,48000,100,0,0,1,22500,-127.9006935,-127.6274767,0.2732168483
LOW PASS,48000,100,0.1000000015,0,1,25,0.1528718926,0.1528718928,1.914507129e-10
LOW PASS,48000,100,0.1000000015,0,1,100,-1.411621172,-1.411621219,4.748573146e-08
LOW PASS,48000,100,0.1000000015,0,1,200,-11.62530388,-11.62530399,1.168589066e-07
LOW PASS,48000,100,0.1000000015,0,1,22500,-127.9006936,-127.627472,0.2732216502
LOW PASS,48000,100,0.6000000238,0,1,25,0.5151137875,0.5151137832,4.309989324e-09
LOW PASS,48000,100,0.6000000238,0,1,100,8.299467456,8.299467451,4.411072174e-09
LOW PASS,48000,100,0.6000000238,0,1,200,-9.819916387,-9.819916522,1.355260517e-07
LOW PASS,48000,100,0.6000000238,0,1,22500,-127.9006937,-127.6274697,0.2732239196
LOW PASS,48000,100,1,0,1,25,0.541300315,0.5413003143,7.627094234e-10
LOW PASS,48000,100,1,0,1,100,12.0412,12.04120004,3.919377756e-08
LOW PASS,48000,100,1,0,1,200,-9.662392369,-9.662392247,1.225467698e-07
LOW PASS,48000,100,1,0,1,22500,-127.9006937,-127.6274696,0.2732240766
LOW PASS,48000,500,0,0,1,125,-0.526236786,-0.5262367847,1.253086218e-09
LOW PASS,48000,500,0,0,1,500,-6.020599815,-6.0205997,1.153197176e-07
LOW PASS,48000,500,0,0,1,1000,-13.9943048,-13.9943046,2.086593351e-07
LOW PASS,48000,500,0,0,1,22500,-99.66475832,-99.66280845,0.001949870004
LOW PASS,48000,500,0.1000000015,0,1,125,0.152783219,0.1527832035,1.541939208e-08
LOW PASS,48000,500,0.1000000015,0,1,500,-1.411621152,-1.411621219,6.674518238e-08
LOW PASS,48000,500,0.1000000015,0,1,1000,-11.64347393,-11.64347312,8.106521991e-07
LOW PASS,48000,500,0.1000000015,0,1,22500,-99.66115897,-99.66269034,0.001531369819
LOW PASS,48000,500,0.6000000238,0,1,125,0.5147746739,0.5147746603,1.365310857e-08
LOW PASS,48000,500,0.6000000238,0,1,500,8.299467518,8.299467451,6.672104713e-08
LOW PASS,48000,500,0.6000000238,0,1,1000,-9.84283419,-9.842834323,1.330045327e-07
LOW PASS,48000,500,0.6000000238,0,1,22500,-99.65801635,-99.66263453,0.004618181445
LOW PASS,48000,500,1,0,1,125,0.5409422763,0.5409422655,1.074578172e-08
LOW PASS,48000,500,1,0,1,500,12.0412,12.04120004,4.34085452e-08
LOW PASS,48000,500,1,0,1,1000,-9.685825247,-9.685825434,1.867132169e-07
LOW PASS,48000,500,1,0,1,22500,-99.65685199,-99.66263067,0.005778683724
LOW PASS,48000,1000,0,0,1,250,-0.5252111199,-0.5252111105,9.394155412e-09
LOW PASS,48000,1000,0,0,1,1000,-6.02059974,-6.020599837,9.67606919e-08
LOW PASS,48000,1000,0,0,1,2000,-14.03928265,-14.03928257,7.863273854e-08
LOW PASS,48000,1000,0,0,1,22500,-87.6027458,-87.60325349,0.000507685796
LOW PASS,48000,1000,0.1000000015,0,1,250,0.1525060869,0.1525060483,3.857397016e-08
LOW PASS,48000,1000,0.1000000015,0,1,1000,-1.411621311,-1.411621356,4.518428426e-08
LOW PASS,48000,1000,0.1000000015,0,1,2000,-11.70054641,-11.70054664,2.307058917e-07
LOW PASS,48000,1000,0.1000000015,0,1,22500,-87.60206174,-87.60278006,0.0007183187841
LOW PASS,48000,1000,0.6000000238,0,1,250,0.5137152662,0.5137152775,1.124670485e-08
LOW PASS,48000,1000,0.6000000238,0,1,1000,8.299467281,8.299467315,3.394882042e-08
LOW PASS,48000,1000,0.6000000238,0,1,2000,-9.914728611,-9.914728755,1.439734278e-07
LOW PASS,48000,1000,0.6000000238,0,1,22500,-87.60114105,-87.60255633,0.001415276644
LOW PASS,48000,1000,1,0,1,250,0.5398237976,0.5398237756,2.197266463e-08
LOW PASS,48000,1000,1,0,1,1000,12.04119987,12.0411999,3.671890569e-08
LOW PASS,48000,1000,1,0,1,2000,-9.759324305,-9.759324409,1.03764892e-07
LOW PASS,48000,1000,1,0,1,22500,-87.6009687,-87.60254086,0.001572159642
LOW PASS,48000,5000,0,0,1,1230.769231,-0.477862032,-0.4778620731,4.112866257e-08
LOW PASS,48000,5000,0,0,1,5062.5,-6.137490262,-6.137490217,4.466616477e-08
LOW PASS,48000,5000,0,0,1,9937.5,-15.59742957,-15.59742944,1.251043922e-07
LOW PASS,48000,5000,0,0,1,22500,-59.04255026,-59.04251992,3.033729285e-05
LOW PASS,48000,5000,0.1000000015,0,1,1230.769231,0.1396133564,0.1396133394,1.698442686e-08
LOW PASS,48000,5000,0.1000000015,0,1,5062.5,-1.529978161,-1.529978173,1.197506949e-08
LOW PASS,48000,5000,0.1000000015,0,1,9937.5,-13.64446765,-13.64446755,9.201994455e-08
LOW PASS,48000,5000,0.1000000015,0,1,22500,-59.0298754,-59.02983081,4.459372026e-05
LOW PASS,48000,5000,0.6000000238,0,1,1230.769231,0.4650590241,0.4650590023,2.180273197e-08
LOW PASS,48000,5000,0.6000000238,0,1,5062.5,8.162416144,8.162416156,1.248162596e-08
LOW PASS,48000,5000,0.6000000238,0,1,9937.5,-12.28765655,-12.28765648,7.09034973e-08
LOW PASS,48000,5000,0.6000000238,0,1,22500,-59.02381656,-59.02382163,5.069679563e-06
LOW PASS,48000,5000,1,0,1,1230.769231,0.488477352,0.4884773054,4.662703697e-08
LOW PASS,48000,5000,1,0,1,5062.5,11.87569313,11.87569319,6.537922337e-08
LOW PASS,48000,5000,1,0,1,9937.5,-12.17617063,-12.17617064,1.11604348e-08
LOW PASS,48000,5000,1,0,1,22500,-59.02337206,-59.02340604,3.397434842e-05
LOW PASS,48000,10000,0,0,1,2550,-0.4088897456,-0.4088897439,1.671159086e-09
LOW PASS,48000,10000,0,0,1,9937.5,-5.947262443,-5.947262473,3.04693395e-08
LOW PASS,48000,10000,0,0,1,20062.5,-28.11316724,-28.11316684,3.963882422e-07
LOW PASS,48000,10000,0,0,1,22500,-44.91431416,-44.91431708,2.919330582e-06
LOW PASS,48000,10000,0.1000000015,0,1,2550,0.1204982568,0.1204982706,1.381616333e-08
LOW PASS,48000,10000,0.1000000015,0,1,9937.5,-1.338874011,-1.33887407,5.852172519e-08
LOW PASS,48000,10000,0.1000000015,0,1,20062.5,-27.66160024,-27.66159948,7.596835454e-07
LOW PASS,48000,10000,0.1000000015,0,1,22500,-44.84968595,-44.84968524,7.085657572e-07
LOW PASS,48000,10000,0.6000000238,0,1,2550,0.3950448328,0.3950448268,6.019198764e-09
LOW PASS,48000,10000,0.6000000238,0,1,9937.5,8.364681794,8.364681772,2.256420029e-08
LOW PASS,48000,10000,0.6000000238,0,1,20062.5,-27.43069123,-27.43069124,5.564086969e-09
LOW PASS,48000,10000,0.6000000238,0,1,22500,-44.81880964,-44.81880548,4.152473736e-06
LOW PASS,48000,10000,1,0,1,2550,0.4146752379,0.4146752401,2.192359544e-09
LOW PASS,48000,10000,1,0,1,9937.5,12.09491106,12.0949111,4.221940575e-08
LOW PASS,48000,10000,1,0,1,20062.5,-27.41426937,-27.41427062,1.252038677e-06
LOW PASS,48000,10000,1,0,1,22500,-44.81666201,-44.81666329,1.277677869e-06
LOW PASS,48000,20000,0,0,1,5062.5,-0.07349444807,-0.07349444368,4.390003394e-09
LOW PASS,48000,20000,0,0,1,20062.5,-6.164920038,-6.164920043,4.381220498e-09
LOW PASS,48000,20000,0,0,1,22500,-18.48693329,-18.48693419,9.059642245e-07
LOW PASS,48000,20000,0,0,1,22500,-18.48693329,-18.48693419,9.059642245e-07
LOW PASS,48000,20000,0.1000000015,0,1,5062.5,0.02247380169,0.02247373483,6.685947226e-08
LOW PASS,48000,20000,0.1000000015,0,1,20062.5,-1.558169772,-1.55816976,1.133462019e-08
LOW PASS,48000,20000,0.1000000015,0,1,22500,-17.09445637,-17.09445635,1.691517593e-08
LOW PASS,48000,20000,0.1000000015,0,1,22500,-17.09445637,-17.09445635,1.691517593e-08
LOW PASS,48000,20000,0.6000000238,0,1,5062.5,0.06857217059,0.06857215235,1.82347733e-08
LOW PASS,48000,20000,0.6000000238,0,1,20062.5,8.124547657,8.124547657,5.730453889e-10
LOW PASS,48000,20000,0.6000000238,0,1,22500,-16.23988633,-16.23988644,1.141721979e-07
LOW PASS,48000,20000,0.6000000238,0,1,22500,-16.23988633,-16.23988644,1.141721979e-07
LOW PASS,48000,20000,1,0,1,5062.5,0.07177610998,0.07177610298,6.997513397e-09
LOW PASS,48000,20000,1,0,1,20062.5,11.82321566,11.82321564,1.97497636e-08
LOW PASS,48000,20000,1,0,1,22500,-16.17412041,-16.17412168,1.271647182e-06
LOW PASS,48000,20000,1,0,1,22500,-16.17412041,-16.17412168,1.271647182e-06
LOW PASS,48000,1000,0.1000000015,0,0,250,0,0,0
LOW PASS,48000,1000,0.1000000015,0,0,1000,0,0,0
LOW PASS,48000,1000,0.1000000015,0,0,2000,0,0,0
LOW PASS,48000,1000,0.1000000015,0,0,22500,0,0,0
LOW PASS,48000,1000,0.1000000015,0,0.349999994,250,-0.03810389198,-0.03810385289,3.909444492e-08
LOW PASS,48000,1000,0.1000000015,0,0.349999994,1000,-2.915737728,-2.915737769,4.134257769e-08
LOW PASS,48000,1000,0.1000000015,0,0.349999994,2000,-4.717991329,-4.717991284,4.505761886e-08
LOW PASS,48000,1000,0.1000000015,0,0.349999994,22500,-3.741927684,-3.741927692,8.052644107e-09
LOW PASS,48000,1000,0.1000000015,0,1,250,0.1525060869,0.1525060483,3.857397016e-08
LOW PASS,48000,1000,0.1000000015,0,1,1000,-1.411621311,-1.411621356,4.518428426e-08
LOW PASS,48000,1000,0.1000000015,0,1,2000,-11.70054641,-11.70054664,2.307058917e-07
LOW PASS,48000,1000,0.1000000015,0,1,22500,-87.60206174,-87.60278006,0.0007183187841
LOW PASS,96000,20,0,0,1,5,-0.5265786391,-0.5265786377,1.396008573e-09
LOW PASS,96000,20,0,0,1,20,-6.020599904,-6.020599913,9.753180041e-09
LOW PASS,96000,20,0,0,1,40,-13.97940609,-13.97940604,4.950703403e-08
LOW PASS,96000,20,0,0,1,45000,-240,-167.6277191,72.37228088
LOW PASS,96000,20,0.1000000015,0,1,5,0.1528755566,0.152875558,1.403817194e-09
LOW PASS,96000,20,0.1000000015,0,1,20,-1.411621422,-1.411621432,1.008342204e-08
LOW PASS,96000,20,0.1000000015,0,1,40,-11.62455594,-11.62455593,1.272368433e-08
LOW PASS,96000,20,0.1000000015,0,1,45000,-240,-167.6277191,72.37228093
LOW PASS,96000,20,0.6000000238,0,1,5,0.5151277963,0.5151277991,2.793097517e-09
LOW PASS,96000,20,0.6000000238,0,1,20,8.299467243,8.299467238,5.292418059e-09
LOW PASS,96000,20,0.6000000238,0,1,40,-9.818972682,-9.818972625,5.772312428e-08
LOW PASS,96000,20,0.6000000238,0,1,45000,-240,-167.6277191,72.37228095
LOW PASS,96000,20,1,0,1,5,0.5413151114,0.5413151124,1.043249112e-09
LOW PASS,96000,20,1,0,1,20,12.04119983,12.04119983,9.469025564e-10
LOW PASS,96000,20,1,0,1,40,-9.661427069,-9.661427082,1.325369925e-08
LOW PASS,96000,20,1,0,1,45000,-240,-167.627719,72.37228095
LOW PASS,96000,100,0,0,1,25,-0.5265753505,-0.5265753484,2.153427311e-09
LOW PASS,96000,100,0,0,1,100,-6.020599863,-6.02059986,2.542076771e-09
LOW PASS,96000,100,0,0,1,200,-13.97954877,-13.97954883,6.812972897e-08
LOW PASS,96000,100,0,0,1,45000,-139.670279,-139.6688602,0.001418781771
LOW PASS,96000,100,0.1000000015,0,1,25,0.1528746552,0.1528746694,1.422265794e-08
LOW PASS,96000,100,0.1000000015,0,1,100,-1.411621352,-1.411621379,2.705425778e-08
LOW PASS,96000,100,0.1000000015,0,1,200,-11.62473725,-11.62473727,1.551134776e-08
LOW PASS,96000,100,0.1000000015,0,1,45000,-139.670279,-139.668859,0.001419981646
LOW PASS,96000,100,0.6000000238,0,1,25,0.5151244019,0.5151244011,7.872060781e-10
LOW PASS,96000,100,0.6000000238,0,1,100,8.299467279,8.299467291,1.291438512e-08
LOW PASS,96000,100,0.6000000238,0,1,200,-9.819201502,-9.819201437,6.47059275e-08
LOW PASS,96000,100,0.6000000238,0,1,45000,-139.670279,-139.6688584,0.001420547989
LOW PASS,96000,100,1,0,1,25,0.5413115324,0.5413115248,7.60357638e-09
LOW PASS,96000,100,1,0,1,100,12.04119986,12.04119988,2.213473849e-08
LOW PASS,96000,100,1,0,1,200,-9.661661032,-9.66166105,1.816549511e-08
LOW PASS,96000,100,1,0,1,45000,-139.670279,-139.6688584,0.001420587076
LOW PASS,96000,500,0,0,1,125,-0.5264932607,-0.5264932738,1.310939862e-08
LOW PASS,96000,500,0,0,1,500,-6.020599901,-6.02059986,4.050836666e-08
LOW PASS,96000,500,0,0,1,1000,-13.98312231,-13.98312212,1.840810619e-07
LOW PASS,96000,500,0,0,1,45000,-111.7269453,-111.7085933,0.01835201963
LOW PASS,96000,500,0.1000000015,0,1,125,0.1528525079,0.1528524972,1.075975734e-08
LOW PASS,96000,500,0.1000000015,0,1,500,-1.411621374,-1.411621379,4.940312048e-09
LOW PASS,96000,500,0.1000000015,0,1,1000,-11.62927494,-11.62927493,1.308164954e-08
LOW PASS,96000,500,0.1000000015,0,1,45000,-111.7269504,-111.7085638,0.01838664555
LOW PASS,96000,500,0.6000000238,0,1,125,0.515039614,0.5150396147,6.793309804e-10
LOW PASS,96000,500,0.6000000238,0,1,500,8.299467281,8.299467291,1.084468138e-08
LOW PASS,96000,500,0.6000000238,0,1,1000,-9.824926566,-9.824926559,6.76023193e-09
LOW PASS,96000,500,0.6000000238,0,1,45000,-111.7370652,-111.7085498,0.02851535913
LOW PASS,96000,500,1,0,1,125,0.5412220143,0.5412220064,7.876420974e-09
LOW PASS,96000,500,1,0,1,500,12.04119987,12.04119988,1.009027262e-08
LOW PASS,96000,500,1,0,1,1000,-9.667515023,-9.667515114,9.107916887e-08
LOW PASS,96000,500,1,0,1,45000,-111.7370653,-111.7085488,0.02851647066
LOW PASS,96000,1000,0,0,1,250,-0.5262368271,-0.5262368076,1.952164991e-08
LOW PASS,96000,1000,0,0,1,1000,-6.020599931,-6.020599894,3.70619444e-08
LOW PASS,96000,1000,0,0,1,2000,-13.99430487,-13.99430491,3.834120754e-08
LOW PASS,96000,1000,0,0,1,45000,-99.66475832,-99.66280884,0.001949481572
LOW PASS,96000,1000,0.1000000015,0,1,250,0.1527832323,0.1527832097,2.255929805e-08
LOW PASS,96000,1000,0.1000000015,0,1,1000,-1.411621418,-1.411621413,4.96267516e-09
LOW PASS,96000,1000,0.1000000015,0,1,2000,-11.64347398,-11.64347352,4.647998058e-07
LOW PASS,96000,1000,0.1000000015,0,1,45000,-99.66115897,-99.66269073,0.001531758259
LOW PASS,96000,1000,0.6000000238,0,1,250,0.5147747012,0.5147746839,1.737135162e-08
LOW PASS,96000,1000,0.6000000238,0,1,1000,8.299467321,8.299467257,6.380011519e-08
LOW PASS,96000,1000,0.6000000238,0,1,2000,-9.842834398,-9.842834821,4.23057966e-07
LOW PASS,96000,1000,0.6000000238,0,1,45000,-99.65801635,-99.66263492,0.004618569889
LOW PASS,96000,1000,1,0,1,250,0.5409422785,0.5409422904,1.195542708e-08
LOW PASS,96000,1000,1,0,1,1000,12.04119979,12.04119985,5.546274329e-08
LOW PASS,96000,1000,1,0,1,2000,-9.685825957,-9.685825943,1.38047187e-08
LOW PASS,96000,1000,1,0,1,45000,-99.65685199,-99.66263106,0.005779072169
LOW PASS,96000,5000,0,0,1,1246.753247,-0.5154276509,-0.5154276083,4.260981651e-08
LOW PASS,96000,5000,0,0,1,5100,-6.197541672,-6.197541688,1.56548241e-08
LOW PASS,96000,5000,0,0,1,10125,-14.55385748,-14.55385771,2.367837486e-07
LOW PASS,96000,5000,0,0,1,45000,-71.55655079,-71.55641013,0.0001406659443
LOW PASS,96000,5000,0.1000000015,0,1,1246.753247,0.1498577903,0.1498578017,1.142637046e-08
LOW PASS,96000,5000,0.1000000015,0,1,5100,-1.591899628,-1.591899616,1.125368804e-08
LOW PASS,96000,5000,0.1000000015,0,1,10125,-12.34961503,-12.34961502,1.387935988e-08
LOW PASS,96000,5000,0.1000000015,0,1,45000,-71.55342148,-71.55340666,1.482234349e-05
LOW PASS,96000,5000,0.6000000238,0,1,1246.753247,0.5036217983,0.5036217729,2.541911202e-08
LOW PASS,96000,5000,0.6000000238,0,1,5100,8.076781258,8.076781249,9.206724938e-09
LOW PASS,96000,5000,0.6000000238,0,1,10125,-10.7226268,-10.72262675,4.91103429e-08
LOW PASS,96000,5000,0.6000000238,0,1,45000,-71.55153823,-71.55198664,0.0004484143493
LOW PASS,96000,5000,1,0,1,1246.753247,0.5291682525,0.5291682613,8.773985483e-09
LOW PASS,96000,5000,1,0,1,5100,11.75440286,11.75440286,4.031766032e-09
LOW PASS,96000,5000,1,0,1,10125,-10.58404232,-10.58404247,1.491713282e-07
LOW PASS,96000,5000,1,0,1,45000,-71.55211817,-71.55188849,0.0002296789135
LOW PASS,96000,10000,0,0,1,2461.538462,-0.477862032,-0.4778620792,4.72098273e-08
LOW PASS,96000,10000,0,0,1,10125,-6.137490306,-6.137490275,3.167561835e-08
LOW PASS,96000,10000,0,0,1,19875,-15.5974297,-15.59742954,1.620978156e-07
LOW PASS,96000,10000,0,0,1,45000,-59.04255026,-59.04252004,3.022381649e-05
LOW PASS,96000,10000,0.1000000015,0,1,2461.538462,0.139613358,0.139613341,1.692483084e-08
LOW PASS,96000,10000,0.1000000015,0,1,10125,-1.529978269,-1.529978232,3.740684923e-08
LOW PASS,96000,10000,0.1000000015,0,1,19875,-13.64446767,-13.64446767,1.031244867e-09
LOW PASS,96000,10000,0.1000000015,0,1,45000,-59.0298754,-59.02983092,4.448018666e-05
LOW PASS,96000,10000,0.6000000238,0,1,2461.538462,0.4650590241,0.4650590085,1.558481408e-08
LOW PASS,96000,10000,0.6000000238,0,1,10125,8.162416067,8.162416079,1.230154534e-08
LOW PASS,96000,10000,0.6000000238,0,1,19875,-12.28765662,-12.28765662,3.966458273e-09
LOW PASS,96000,10000,0.6000000238,0,1,45000,-59.02381656,-59.02382174,5.183384904e-06
LOW PASS,96000,10000,1,0,1,2461.538462,0.4884773659,0.4884773119,5.396798979e-08
LOW PASS,96000,10000,1,0,1,10125,11.8756931,11.87569309,1.406192984e-08
LOW PASS,96000,10000,1,0,1,19875,-12.17617074,-12.17617078,3.800604675e-08
LOW PASS,96000,10000,1,0,1,45000,-59.02337206,-59.02340615,3.408807294e-05
LOW PASS,96000,20000,0,0,1,5100,-0.4088897546,-0.40888975,4.534681436e-09
LOW PASS,96000,20000,0,0,1,19875,-5.947262543,-5.94726254,2.991825898e-09
LOW PASS,96000,20000,0,0,1,40125,-28.11316727,-28.11316697,3.031289699e-07
LOW PASS,96000,20000,0,0,1,45000,-44.91431416,-44.91431722,3.052278419e-06
LOW PASS,96000,20000,0.1000000015,0,1,5100,0.1204982559,0.1204982723,1.642939993e-08
LOW PASS,96000,20000,0.1000000015,0,1,19875,-1.338874109,-1.338874135,2.581640279e-08
LOW PASS,96000,20000,0.1000000015,0,1,40125,-27.66160055,-27.66159961,9.362271038e-07
LOW PASS,96000,20000,0.1000000015,0,1,45000,-44.84968595,-44.84968537,5.746269398e-07
LOW PASS,96000,20000,0.6000000238,0,1,5100,0.3950448328,0.395044833,1.770182056e-10
LOW PASS,96000,20000,0.6000000238,0,1,19875,8.364681734,8.36468172,1.350893797e-08
LOW PASS,96000,20000,0.6000000238,0,1,40125,-27.43069123,-27.43069138,1.444993698e-07
LOW PASS,96000,20000,0.6000000238,0,1,45000,-44.81880964,-44.81880562,4.018056243e-06
LOW PASS,96000,20000,1,0,1,5100,0.414675238,0.4146752466,8.555954695e-09
LOW PASS,96000,20000,1,0,1,19875,12.09491108,12.09491107,1.076535616e-08
LOW PASS,96000,20000,1,0,1,40125,-27.41426965,-27.41427076,1.112005927e-06
LOW PASS,96000,20000,1,0,1,45000,-44.81666201,-44.81666343,1.4121287e-06
LOW PASS,96000,1000,0.1000000015,0,0,250,0,0,0
LOW PASS,96000,1000,0.1000000015,0,0,1000,0,0,0
LOW PASS,96000,1000,0.1000000015,0,0,2000,0,0,0
LOW PASS,96000,1000,0.1000000015,0,0,45000,0,0,0
LOW PASS,96000,1000,0.1000000015,0,0.349999994,250,-0.0382038371,-0.03820386529,2.819214573e-08
LOW PASS,96000,1000,0.1000000015,0,0.349999994,1000,-2.915737823,-2.915737816,6.885868875e-09
LOW PASS,96000,1000,0.1000000015,0,0.349999994,2000,-4.722044369,-4.722044422,5.277841741e-08
LOW PASS,96000,1000,0.1000000015,0,0.349999994,45000,-3.741781526,-3.741781409,1.169465264e-07
LOW PASS,96000,1000,0.1000000015,0,1,250,0.1527832323,0.1527832097,2.255929805e-08
LOW PASS,96000,1000,0.1000000015,0,1,1000,-1.411621418,-1.411621413,4.96267516e-09
LOW PASS,96000,1000,0.1000000015,0,1,2000,-11.64347398,-11.64347352,4.647998058e-07
LOW PASS,96000,1000,0.1000000015,0,1,45000,-99.66115897,-99.66269073,0.001531758259
LOW PASS,192000,20,0,0,1,5,-0.5265787376,-0.5265787402,2.669821503e-09
LOW PASS,192000,20,0,0,1,20,-6.020599906,-6.020599913,7.534943114e-09
LOW PASS,192000,20,0,0,1,40,-13.97940162,-13.97940158,4.236389994e-08
LOW PASS,192000,20,0,0,1,90000,-240,-179.6689208,60.33107922
LOW PASS,192000,20,0.1000000015,0,1,5,0.152875584,0.1528755857,1.678341126e-09
LOW PASS,192000,20,0.1000000015,0,1,20,-1.41162142,-1.411621432,1.224420321e-08
LOW PASS,192000,20,0.1000000015,0,1,40,-11.62455027,-11.62455026,1.643236835e-08
LOW PASS,192000,20,0.1000000015,0,1,90000,-240,-179.6689208,60.33107923
LOW PASS,192000,20,0.6000000238,0,1,5,0.5151279092,0.5151279051,4.134236675e-09
LOW PASS,192000,20,0.6000000238,0,1,20,8.299467235,8.299467238,3.131200632e-09
LOW PASS,192000,20,0.6000000238,0,1,40,-9.818965429,-9.81896547,4.130775588e-08
LOW PASS,192000,20,0.6000000238,0,1,90000,-240,-179.6689208,60.33107924
LOW PASS,192000,20,1,0,1,5,0.5413152251,0.5413152243,7.434996507e-10
LOW PASS,192000,20,1,0,1,20,12.04119983,12.04119983,5.856299445e-09
LOW PASS,192000,20,1,0,1,40,-9.661419759,-9.661419766,6.767829408e-09
LOW PASS,192000,20,1,0,1,90000,-240,-179.6689208,60.33107924
LOW PASS,192000,100,0,0,1,25,-0.5265779204,-0.5265779179,2.476133298e-09
LOW PASS,192000,100,0,0,1,100,-6.02059989,-6.0205999,9.848245774e-09
LOW PASS,192000,100,0,0,1,200,-13.9794372,-13.97943727,7.043029049e-08
LOW PASS,192000,100,0,0,1,90000,-238.8213622,-151.7101059,87.11125626
LOW PASS,192000,100,0.1000000015,0,1,25,0.1528753583,0.1528753635,5.209528978e-09
LOW PASS,192000,100,0.1000000015,0,1,100,-1.411621411,-1.411621419,8.005878238e-09
LOW PASS,192000,100,0.1000000015,0,1,200,-11.62459551,-11.62459559,8.038613419e-08
LOW PASS,192000,100,0.1000000015,0,1,90000,-240,-151.7101056,88.28989438
LOW PASS,192000,100,0.6000000238,0,1,25,0.5151270593,0.5151270556,3.667144949e-09
LOW PASS,192000,100,0.6000000238,0,1,100,8.299467241,8.299467252,1.048154652e-08
LOW PASS,192000,100,0.6000000238,0,1,200,-9.819022645,-9.819022673,2.755255646e-08
LOW PASS,192000,100,0.6000000238,0,1,90000,-240,-151.7101055,88.28989452
LOW PASS,192000,100,1,0,1,25,0.5413143299,0.5413143274,2.445026084e-09
LOW PASS,192000,100,1,0,1,100,12.04119982,12.04119984,1.633557067e-08
LOW PASS,192000,100,1,0,1,200,-9.661478255,-9.661478258,2.892189821e-09
LOW PASS,192000,100,1,0,1,90000,-240,-151.7101055,88.28989453
LOW PASS,192000,500,0,0,1,125,-0.526557407,-0.5265573991,7.854866022e-09
LOW PASS,192000,500,0,0,1,500,-6.020599964,-6.0205999,6.420990273e-08
LOW PASS,192000,500,0,0,1,1000,-13.98033027,-13.98033034,7.461028018e-08
LOW PASS,192000,500,0,0,1,90000,-123.7234737,-123.7509391,0.02746536383
LOW PASS,192000,500,0.1000000015,0,1,125,0.1528698215,0.1528698205,1.048672777e-09
LOW PASS,192000,500,0.1000000015,0,1,500,-1.411621428,-1.411621419,8.646920069e-09
LOW PASS,192000,500,0.1000000015,0,1,1000,-11.62572961,-11.62572972,1.113386876e-07
LOW PASS,192000,500,0.1000000015,0,1,90000,-123.7234738,-123.7509317,0.02745786929
LOW PASS,192000,500,0.6000000238,0,1,125,0.5151058435,0.5151058587,1.515131512e-08
LOW PASS,192000,500,0.6000000238,0,1,500,8.299467264,8.299467252,1.262816474e-08
LOW PASS,192000,500,0.6000000238,0,1,1000,-9.820453713,-9.820453683,3.046914343e-08
LOW PASS,192000,500,0.6000000238,0,1,90000,-123.7234739,-123.7509282,0.02745432682
LOW PASS,192000,500,1,0,1,125,0.5412919439,0.5412919474,3.575279364e-09
LOW PASS,192000,500,1,0,1,500,12.04119981,12.04119984,3.013305871e-08
LOW PASS,192000,500,1,0,1,1000,-9.662941457,-9.662941509,5.213860277e-08
LOW PASS,192000,500,1,0,1,90000,-123.7234739,-123.750928,0.02745408179
LOW PASS,192000,1000,0,0,1,250,-0.5264932662,-0.5264932796,1.337518898e-08
LOW PASS,192000,1000,0,0,1,1000,-6.020599938,-6.020599909,2.897883111e-08
LOW PASS,192000,1000,0,0,1,2000,-13.98312237,-13.9831222,1.70424816e-07
LOW PASS,192000,1000,0,0,1,90000,-111.7269453,-111.7085934,0.0183519226
LOW PASS,192000,1000,0.1000000015,0,1,250,0.1528525086,0.1528524987,9.850924864e-09
LOW PASS,192000,1000,0.1000000015,0,1,1000,-1.411621439,-1.411621428,1.133312361e-08
LOW PASS,192000,1000,0.1000000015,0,1,2000,-11.62927496,-11.62927502,6.651715445e-08
LOW PASS,192000,1000,0.1000000015,0,1,90000,-111.7269504,-111.7085638,0.01838654853
LOW PASS,192000,1000,0.6000000238,0,1,250,0.5150396266,0.5150396206,5.9559426e-09
LOW PASS,192000,1000,0.6000000238,0,1,1000,8.299467278,8.299467243,3.481542454e-08
LOW PASS,192000,1000,0.6000000238,0,1,2000,-9.82492683,-9.824926683,1.468015649e-07
LOW PASS,192000,1000,0.6000000238,0,1,90000,-111.7370652,-111.7085499,0.0285152621
LOW PASS,192000,1000,1,0,1,250,0.5412220225,0.5412220126,9.869856904e-09
LOW PASS,192000,1000,1,0,1,1000,12.0411998,12.04119983,3.326643672e-08
LOW PASS,192000,1000,1,0,1,2000,-9.667515154,-9.667515241,8.685733177e-08
LOW PASS,192000,1000,1,0,1,90000,-111.7370653,-111.7085489,0.02851637363
LOW PASS,192000,5000,0,0,1,1246.753247,-0.5218005833,-0.5218005936,1.028518901e-08
LOW PASS,192000,5000,0,0,1,4923.076923,-5.886391907,-5.886391878,2.883312122e-08
LOW PASS,192000,5000,0,0,1,10200,-14.35542371,-14.35542362,9.080531616e-08
LOW PASS,192000,5000,0,0,1,90000,-83.7138527,-83.71306895,0.0007837521961
LOW PASS,192000,5000,0.1000000015,0,1,1246.753247,0.1515837967,0.1515838114,1.473206664e-08
LOW PASS,192000,5000,0.1000000015,0,1,4923.076923,-1.27940308,-1.279403127,4.728734132e-08
LOW PASS,192000,5000,0.1000000015,0,1,10200,-12.10016061,-12.10016063,2.782794173e-08
LOW PASS,192000,5000,0.1000000015,0,1,90000,-83.71132188,-83.71232804,0.001006168251
LOW PASS,192000,5000,0.6000000238,0,1,1246.753247,0.5101942526,0.5101943252,7.25610308e-08
LOW PASS,192000,5000,0.6000000238,0,1,4923.076923,8.406341146,8.406341137,9.558130287e-09
LOW PASS,192000,5000,0.6000000238,0,1,10200,-10.41417738,-10.41417745,7.2800872e-08
LOW PASS,192000,5000,0.6000000238,0,1,90000,-83.71190064,-83.71197788,7.724347057e-05
LOW PASS,192000,5000,1,0,1,1246.753247,0.536106475,0.53610654,6.495108762e-08
LOW PASS,192000,5000,1,0,1,4923.076923,12.10956992,12.10956992,5.734552833e-09
LOW PASS,192000,5000,1,0,1,10200,-10.26942489,-10.26942487,2.61975619e-08
LOW PASS,192000,5000,1,0,1,90000,-83.71335944,-83.71195368,0.00140576082
LOW PASS,192000,10000,0,0,1,2493.506494,-0.5154276509,-0.5154276098,4.110248726e-08
LOW PASS,192000,10000,0,0,1,10200,-6.197541692,-6.197541701,9.096124964e-09
LOW PASS,192000,10000,0,0,1,20250,-14.55385748,-14.55385773,2.520133719e-07
LOW PASS,192000,10000,0,0,1,90000,-71.55655079,-71.55641015,0.000140639789
LOW PASS,192000,10000,0.1000000015,0,1,2493.506494,0.1498578101,0.1498578021,7.990460175e-09
LOW PASS,192000,10000,0.1000000015,0,1,10200,-1.59189963,-1.59189963,7.287870307e-11
LOW PASS,192000,10000,0.1000000015,0,1,20250,-12.34961503,-12.34961504,8.923246586e-09
LOW PASS,192000,10000,0.1000000015,0,1,90000,-71.55342148,-71.55340669,1.479618256e-05
LOW PASS,192000,10000,0.6000000238,0,1,2493.506494,0.5036217983,0.5036217745,2.3865631e-08
LOW PASS,192000,10000,0.6000000238,0,1,10200,8.076781233,8.076781229,3.935999082e-09
LOW PASS,192000,10000,0.6000000238,0,1,20250,-10.72262684,-10.72262678,5.794856817e-08
LOW PASS,192000,10000,0.6000000238,0,1,90000,-71.55153823,-71.55198667,0.0004484405149
LOW PASS,192000,10000,1,0,1,2493.506494,0.5291682539,0.529168263,9.096721487e-09
LOW PASS,192000,10000,1,0,1,10200,11.75440285,11.75440283,2.032231405e-08
LOW PASS,192000,10000,1,0,1,20250,-10.58404235,-10.5840425,1.512823862e-07
LOW PASS,192000,10000,1,0,1,90000,-71.55211817,-71.55188852,0.0002296527464
LOW PASS,192000,20000,0,0,1,4923.076923,-0.4778620324,-0.4778620805,4.810750655e-08
LOW PASS,192000,20000,0,0,1,20250,-6.137490319,-6.137490287,3.251640757e-08
LOW PASS,192000,20000,0,0,1,39750,-15.59742978,-15.59742956,2.180543452e-07
LOW PASS,192000,20000,0,0,1,90000,-59.04255026,-59.04252006,3.02003756e-05
LOW PASS,192000,20000,0.1000000015,0,1,4923.076923,0.1396133576,0.1396133414,1.623419369e-08
LOW PASS,192000,20000,0.1000000015,0,1,20250,-1.52997828,-1.529978244,3.584305031e-08
LOW PASS,192000,20000,0.1000000015,0,1,39750,-13.64446767,-13.64446769,2.505314578e-08
LOW PASS,192000,20000,0.1000000015,0,1,90000,-59.0298754,-59.02983094,4.445671152e-05
LOW PASS,192000,20000,0.6000000238,0,1,4923.076923,0.4650590241,0.4650590098,1.430038428e-08
LOW PASS,192000,20000,0.6000000238,0,1,20250,8.162416067,8.162416063,3.630562073e-09
LOW PASS,192000,20000,0.6000000238,0,1,39750,-12.28765662,-12.28765665,3.249476421e-08
LOW PASS,192000,20000,0.6000000238,0,1,90000,-59.02381656,-59.02382177,5.206874098e-06
LOW PASS,192000,20000,1,0,1,4923.076923,0.4884773659,0.4884773133,5.261317571e-08
LOW PASS,192000,20000,1,0,1,20250,11.87569309,11.87569307,2.060318938e-08
LOW PASS,192000,20000,1,0,1,39750,-12.17617074,-12.17617081,6.697106425e-08
LOW PASS,192000,20000,1,0,1,90000,-59.02337206,-59.02340617,3.411156223e-05
LOW PASS,192000,1000,0.1000000015,0,0,250,0,0,0
LOW PASS,192000,1000,0.1000000015,0,0,1000,0,0,0
LOW PASS,192000,1000,0.1000000015,0,0,2000,0,0,0
LOW PASS,192000,1000,0.1000000015,0,0,90000,0,0,0
LOW PASS,192000,1000,0.1000000015,0,0.349999994,250,-0.03822891465,-0.03822888995,2.470850144e-08
LOW PASS,192000,1000,0.1000000015,0,0.349999994,1000,-2.915737813,-2.915737827,1.406672934e-08
LOW PASS,192000,1000,0.1000000015,0,0.349999994,2000,-4.723050246,-4.723050303,5.661920521e-08
LOW PASS,192000,1000,0.1000000015,0,0.349999994,90000,-3.741744948,-3.741744936,1.138937e-08
LOW PASS,192000,1000,0.1000000015,0,1,250,0.1528525086,0.1528524987,9.850924864e-09
LOW PASS,192000,1000,0.1000000015,0,1,1000,-1.411621439,-1.411621428,1.133312361e-08
LOW PASS,192000,1000,0.1000000015,0,1,2000,-11.62927496,-11.62927502,6.651715445e-08
LOW PASS,192000,1000,0.1000000015,0,1,90000,-111.7269504,-111.7085638,0.01838654853
HIGH PASS,44100,20,0,0,1,5,-24.60898875,-24.6089888,4.891868599e-08
HIGH PASS,44100,20,0,0,1,20,-6.020599924,-6.020599913,1.106292813e-08
HIGH PASS,44100,20,0,0,1,39.98186763,-1.939769108,-1.939769097,1.090199375e-08
HIGH PASS,44100,20,0,0,1,20671.875,-2.612073134e-07,-1.71038587e-07,9.016872647e-08
HIGH PASS,44100,20,0.1000000015,0,1,5,-23.92953532,-23.92953525,6.623578042e-08
HIGH PASS,44100,20,0.1000000015,0,1,20,-1.411621424,-1.411621432,8.766612491e-09
HIGH PASS,44100,20,0.1000000015,0,1,39.98186763,0.4167763372,0.4167763321,5.190441202e-09
HIGH PASS,44100,20,0.1000000015,0,1,20671.875,1.18366565e-07,5.267278304e-08,6.569378197e-08
HIGH PASS,44100,20,0.6000000238,0,1,5,-23.56728329,-23.5672834,1.101764955e-07
HIGH PASS,44100,20,0.6000000238,0,1,20,8.29946724,8.299467238,1.861748977e-09
HIGH PASS,44100,20,0.6000000238,0,1,39.98186763,2.22444861,2.224448604,6.279297637e-09
HIGH PASS,44100,20,0.6000000238,0,1,20671.875,5.807490112e-08,1.583878071e-07,1.00312906e-07
HIGH PASS,44100,20,1,0,1,5,-23.54109611,-23.54109612,1.251947523e-08
HIGH PASS,44100,20,1,0,1,20,12.04119982,12.04119983,4.845947643e-09
HIGH PASS,44100,20,1,0,1,39.98186763,2.382221072,2.382221078,5.376999623e-09
HIGH PASS,44100,20,1,0,1,20671.875,1.708208944e-07,1.656936348e-07,5.127259609e-09
HIGH PASS,44100,100,0,0,1,25,-24.60923832,-24.60923821,1.117467132e-07
HIGH PASS,44100,100,0,0,1,100,-6.020600155,-6.02060017,1.51767392e-08
HIGH PASS,44100,100,0,0,1,199.5475113,-1.945908174,-1.94590818,5.668209735e-09
HIGH PASS,44100,100,0,0,1,20671.875,-4.219177924e-06,-4.276102794e-06,5.692486932e-08
HIGH PASS,44100,100,0.1000000015,0,1,25,-23.92980426,-23.92980446,1.956183491e-07
HIGH PASS,44100,100,0.1000000015,0,1,100,-1.411621666,-1.41162169,2.400210325e-08
HIGH PASS,44100,100,0.1000000015,0,1,199.5475113,0.417260543,0.4172605396,3.436488358e-09
HIGH PASS,44100,100,0.1000000015,0,1,20671.875,1.333958034e-06,1.316861614e-06,1.709642018e-08
HIGH PASS,44100,100,0.6000000238,0,1,25,-23.56756475,-23.5675645,2.461301509e-07
HIGH PASS,44100,100,0.6000000238,0,1,100,8.299466975,8.299466981,5.902676792e-09
HIGH PASS,44100,100,0.6000000238,0,1,199.5475113,2.233111513,2.233111512,1.126821747e-09
HIGH PASS,44100,100,0.6000000238,0,1,20671.875,3.974487994e-06,3.959824746e-06,1.466324817e-08
HIGH PASS,44100,100,1,0,1,25,-23.54137817,-23.54137811,5.893417399e-08
HIGH PASS,44100,100,1,0,1,100,12.04119955,12.04119957,1.70551484e-08
HIGH PASS,44100,100,1,0,1,199.5475113,2.391773599,2.391773627,2.789467335e-08
HIGH PASS,44100,100,1,0,1,20671.875,4.123136637e-06,4.142476522e-06,1.93398848e-08
HIGH PASS,44100,500,0,0,1,124.9291785,-24.62473038,-24.62473044,5.801772041e-08
HIGH PASS,44100,500,0,0,1,495.505618,-6.099448958,-6.099448941,1.705851904e-08
HIGH PASS,44100,500,0,0,1,980,-2.005221474,-2.005221455,1.914524694e-08
HIGH PASS,44100,500,0,0,1,20671.875,-0.0001071222903,-0.0001069887987,1.334915524e-07
HIGH PASS,44100,500,0.1000000015,0,1,124.9291785,-23.94652551,-23.94652537,1.486485024e-07
HIGH PASS,44100,500,0.1000000015,0,1,495.505618,-1.491140681,-1.491140711,3.026571105e-08
HIGH PASS,44100,500,0.1000000015,0,1,980,0.4215712496,0.4215712386,1.10370547e-08
HIGH PASS,44100,500,0.1000000015,0,1,20671.875,3.294590949e-05,3.294777745e-05,1.867964649e-09
HIGH PASS,44100,500,0.6000000238,0,1,124.9291785,-23.58502358,-23.58502323,3.481794257e-07
HIGH PASS,44100,500,0.6000000238,0,1,495.505618,8.211392729,8.211392739,9.483836605e-09
HIGH PASS,44100,500,0.6000000238,0,1,980,2.317433435,2.317433433,2.028813728e-09
HIGH PASS,44100,500,0.6000000238,0,1,20671.875,9.904242145e-05,9.907650794e-05,3.408648303e-08
HIGH PASS,44100,500,1,0,1,124.9291785,-23.55889209,-23.5588926,5.08942521e-07
HIGH PASS,44100,500,1,0,1,495.505618,11.94006471,11.94006467,3.88959065e-08
HIGH PASS,44100,500,1,0,1,980,2.484897572,2.484897553,1.899666541e-08
HIGH PASS,44100,500,1,0,1,20671.875,0.0001036906835,0.000103646615,4.406851022e-08
HIGH PASS,44100,1000,0,0,1,249.1525424,-24.69049406,-24.69049381,2.480149419e-07
HIGH PASS,44100,1000,0,0,1,980,-6.198446304,-6.198446117,1.87311783e-07
HIGH PASS,44100,1000,0,0,1,2037.228261,-1.857054099,-1.857054072,2.658548925e-08
HIGH PASS,44100,1000,0,0,1,20671.875,-0.0004290849973,-0.0004290361474,4.884982775e-08
HIGH PASS,44100,1000,0.1000000015,0,1,249.1525424,-24.01747887,-24.01747942,5.474937641e-07
HIGH PASS,44100,1000,0.1000000015,0,1,980,-1.592837797,-1.592837878,8.008189961e-08
HIGH PASS,44100,1000,0.1000000015,0,1,2037.228261,0.4095706967,0.4095706949,1.814847245e-09
HIGH PASS,44100,1000,0.1000000015,0,1,20671.875,0.000131996135,0.0001321199987,1.238637233e-07
HIGH PASS,44100,1000,0.6000000238,0,1,249.1525424,-23.65909044,-23.65909064,2.028208366e-07
HIGH PASS,44100,1000,0.6000000238,0,1,980,8.075415289,8.075415242,4.73837154e-08
HIGH PASS,44100,1000,0.6000000238,0,1,2037.228261,2.10889692,2.108896922,2.787205799e-09
HIGH PASS,44100,1000,0.6000000238,0,1,20671.875,0.0003972818266,0.0003973200966,3.827001121e-08
HIGH PASS,44100,1000,1,0,1,249.1525424,-23.63319535,-23.63319517,1.793192075e-07
HIGH PASS,44100,1000,1,0,1,980,11.75239818,11.75239815,2.31137296e-08
HIGH PASS,44100,1000,1,0,1,2037.228261,2.255057502,2.255057492,9.171285897e-09
HIGH PASS,44100,1000,1,0,1,20671.875,0.0004157123885,0.0004156483259,6.406269664e-08
HIGH PASS,44100,5000,0,0,1,1225,-25.61386595,-25.61386651,5.62458137e-07
HIGH PASS,44100,5000,0,0,1,4995.703125,-6.028742034,-6.028741984,5.048067742e-08
HIGH PASS,44100,5000,0,0,1,9991.40625,-1.48196189,-1.481961912,2.278752959e-08
HIGH PASS,44100,5000,0,0,1,20671.875,-0.01165583746,-0.01165582003,1.742937217e-08
HIGH PASS,44100,5000,0.1000000015,0,1,1225,-25.00963758,-25.00963599,1.597583839e-06
HIGH PASS,44100,5000,0.1000000015,0,1,4995.703125,-1.419770769,-1.419770708,6.096333488e-08
HIGH PASS,44100,5000,0.1000000015,0,1,9991.40625,0.3619965924,0.3619965655,2.68962695e-08
HIGH PASS,44100,5000,0.1000000015,0,1,20671.875,0.003585555579,0.003585566796,1.121716629e-08
HIGH PASS,44100,5000,0.6000000238,0,1,1225,-24.69194756,-24.69194813,5.672418846e-07
HIGH PASS,44100,5000,0.6000000238,0,1,4995.703125,8.291225894,8.29122589,4.668105458e-09
HIGH PASS,44100,5000,0.6000000238,0,1,9991.40625,1.611152847,1.611152836,1.111185677e-08
HIGH PASS,44100,5000,0.6000000238,0,1,20671.875,0.01080657169,0.01080655134,2.034887758e-08
HIGH PASS,44100,5000,1,0,1,1225,-24.6691094,-24.66911025,8.435894401e-07
HIGH PASS,44100,5000,1,0,1,4995.703125,12.03281759,12.03281757,1.85097293e-08
HIGH PASS,44100,5000,1,0,1,9991.40625,1.712346437,1.712346452,1.519129261e-08
HIGH PASS,44100,5000,1,0,1,20671.875,0.0113060931,0.01130602793,6.516982096e-08
HIGH PASS,44100,10000,0,0,1,2450,-27.955943,-27.95594223,7.671883582e-07
HIGH PASS,44100,10000,0,0,1,9991.40625,-6.031357144,-6.031357072,7.181434203e-08
HIGH PASS,44100,10000,0,0,1,19982.8125,-0.141405962,-0.1414058416,1.203110901e-07
HIGH PASS,44100,10000,0,0,1,20671.875,-0.0626245372,-0.06262450935,2.785342789e-08
HIGH PASS,44100,10000,0.1000000015,0,1,2450,-27.49603548,-27.49603651,1.037038758e-06
HIGH PASS,44100,10000,0.1000000015,0,1,9991.40625,-1.422391095,-1.422391165,7.037605892e-08
HIGH PASS,44100,10000,0.1000000015,0,1,19982.8125,0.04294515102,0.04294520853,5.751089815e-08
HIGH PASS,44100,10000,0.1000000015,0,1,20671.875,0.01917014921,0.0191702954,1.461926647e-07
HIGH PASS,44100,10000,0.6000000238,0,1,2450,-27.26050693,-27.26051059,3.658366353e-06
HIGH PASS,44100,10000,0.6000000238,0,1,9991.40625,8.288536875,8.288536841,3.450156805e-08
HIGH PASS,44100,10000,0.6000000238,0,1,19982.8125,0.1328602423,0.1328602623,1.997655202e-08
HIGH PASS,44100,10000,0.6000000238,0,1,20671.875,0.05836506702,0.05836512539,5.83686546e-08
HIGH PASS,44100,10000,1,0,1,2450,-27.24375723,-27.24375195,5.276156543e-06
HIGH PASS,44100,10000,1,0,1,9991.40625,12.0300235,12.03002355,5.282351356e-08
HIGH PASS,44100,10000,1,0,1,19982.8125,0.1391435143,0.1391434884,2.584720702e-08
HIGH PASS,44100,10000,1,0,1,20671.875,0.06108700998,0.06108694121,6.87692198e-08
HIGH PASS,44100,20000,0,0,1,4995.703125,-49.23335948,-49.23336353,4.052409368e-06
HIGH PASS,44100,20000,0,0,1,19982.8125,-5.469925025,-5.469924961,6.374867878e-08
HIGH PASS,44100,20000,0,0,1,20671.875,-2.83963608,-2.839636092,1.124359483e-08
HIGH PASS,44100,20000,0,0,1,20671.875,-2.83963608,-2.839636092,1.124359483e-08
HIGH PASS,44100,20000,0.1000000015,0,1,4995.703125,-49.1940729,-49.19408095,8.046269855e-06
HIGH PASS,44100,20000,0.1000000015,0,1,19982.8125,-0.8959679541,-0.8959680097,5.5607903e-08
HIGH PASS,44100,20000,0.1000000015,0,1,20671.875,0.4030932916,0.4030935078,2.16196651e-07
HIGH PASS,44100,20000,0.1000000015,0,1,20671.875,0.4030932916,0.4030935078,2.16196651e-07
HIGH PASS,44100,20000,0.6000000238,0,1,4995.703125,-49.1753927,-49.17539357,8.703351035e-07
HIGH PASS,44100,20000,0.6000000238,0,1,19982.8125,8.390839447,8.390839439,8.044875655e-09
HIGH PASS,44100,20000,0.6000000238,0,1,20671.875,3.631677309,3.631677363,5.373812206e-08
HIGH PASS,44100,20000,0.6000000238,0,1,20671.875,3.631677309,3.631677363,5.373812206e-08
HIGH PASS,44100,20000,1,0,1,4995.703125,-49.17409122,-49.17409914,7.920064702e-06
HIGH PASS,44100,20000,1,0,1,19982.8125,11.55422445,11.55422438,7.339579611e-08
HIGH PASS,44100,20000,1,0,1,20671.875,3.976054131,3.976054239,1.086478452e-07
HIGH PASS,44100,20000,1,0,1,20671.875,3.976054131,3.976054239,1.086478452e-07
HIGH PASS,44100,1000,0.1000000015,0,0,249.1525424,0,0,0
HIGH PASS,44100,1000,0.1000000015,0,0,980,0,0,0
HIGH PASS,44100,1000,0.1000000015,0,0,2037.228261,0,0,0
HIGH PASS,44100,1000,0.1000000015,0,0,20671.875,0,0,0
HIGH PASS,44100,1000,0.1000000015,0,0.349999994,249.1525424,-4.027054438,-4.027054414,2.422836032e-08
HIGH PASS,44100,1000,0.1000000015,0,0.349999994,980,-3.059705138,-3.05970512,1.782680004e-08
HIGH PASS,44100,1000,0.1000000015,0,0.349999994,2037.228261,-0.278317513,-0.2783174589,5.409139654e-08
HIGH PASS,44100,1000,0.1000000015,0,0.349999994,20671.875,-2.131758314e-05,-2.131069635e-05,6.886789467e-09
HIGH PASS,44100,1000,0.1000000015,0,1,249.1525424,-24.01747887,-24.01747942,5.474937641e-07
HIGH PASS,44100,1000,0.1000000015,0,1,980,-1.592837797,-1.592837878,8.008189961e-08
HIGH PASS,44100,1000,0.1000000015,0,1,2037.228261,0.4095706967,0.4095706949,1.814847245e-09
HIGH PASS,44100,1000,0.1000000015,0,1,20671.875,0.000131996135,0.0001321199987,1.238637233e-07
HIGH PASS,48000,20,0,0,1,5,-24.60898735,-24.60898718,1.670386878e-07
HIGH PASS,48000,20,0,0,1,20,-6.020599859,-6.020599913,5.385354029e-08
HIGH PASS,48000,20,0,0,1,40,-1.938194324,-1.938194307,1.744632228e-08
HIGH PASS,48000,20,0,0,1,22500,-1.930898761e-07,-1.443739079e-07,4.871596823e-08
HIGH PASS,48000,20,0.1000000015,0,1,5,-23.9295336,-23.92953351,8.803513474e-08
HIGH PASS,48000,20,0.1000000015,0,1,20,-1.411621426,-1.411621432,6.432456845e-09
HIGH PASS,48000,20,0.1000000015,0,1,40,0.4166509809,0.4166509843,3.392084058e-09
HIGH PASS,48000,20,0.1000000015,0,1,22500,8.777204987e-08,4.44611702e-08,4.331087968e-08
HIGH PASS,48000,20,0.6000000238,0,1,5,-23.5672817,-23.56728158,1.196026354e-07
HIGH PASS,48000,20,0.6000000238,0,1,20,8.299467247,8.299467238,8.771620319e-09
HIGH PASS,48000,20,0.6000000238,0,1,40,2.222228346,2.22222835,3.875848753e-09
HIGH PASS,48000,20,0.6000000238,0,1,22500,5.091082755e-08,1.336953676e-07,8.278454007e-08
HIGH PASS,48000,20,1,0,1,5,-23.54109433,-23.54109429,3.830455508e-08
HIGH PASS,48000,20,1,0,1,20,12.04119984,12.04119983,1.063226218e-08
HIGH PASS,48000,20,1,0,1,40,2.379773256,2.379773248,8.64925459e-09
HIGH PASS,48000,20,1,0,1,22500,2.634109596e-07,1.398622262e-07,1.235487334e-07
HIGH PASS,48000,100,0,0,1,25,-24.60919797,-24.6091977,2.735320725e-07
HIGH PASS,48000,100,0,0,1,100,-6.020600169,-6.020600127,4.260548336e-08
HIGH PASS,48000,100,0,0,1,200,-1.938051555,-1.938051513,4.259703085e-08
HIGH PASS,48000,100,0,0,1,22500,-3.522433359e-06,-3.609446113e-06,8.701275338e-08
HIGH PASS,48000,100,0.1000000015,0,1,25,-23.92976097,-23.92976074,2.335161051e-07
HIGH PASS,48000,100,0.1000000015,0,1,100,-1.411621663,-1.411621646,1.718796555e-08
HIGH PASS,48000,100,0.1000000015,0,1,200,0.4166395839,0.4166395954,1.149171842e-08
HIGH PASS,48000,100,0.1000000015,0,1,22500,1.120947151e-06,1.111559183e-06,9.387967762e-09
HIGH PASS,48000,100,0.6000000238,0,1,25,-23.56751903,-23.56751885,1.872488946e-07
HIGH PASS,48000,100,0.6000000238,0,1,100,8.299467039,8.299467025,1.450141163e-08
HIGH PASS,48000,100,0.6000000238,0,1,200,2.222027079,2.222027067,1.152554108e-08
HIGH PASS,48000,100,0.6000000238,0,1,22500,3.254405395e-06,3.342476496e-06,8.807110111e-08
HIGH PASS,48000,100,1,0,1,25,-23.54133228,-23.54133232,3.524340197e-08
HIGH PASS,48000,100,1,0,1,100,12.04119966,12.04119961,4.862077629e-08
HIGH PASS,48000,100,1,0,1,200,2.379551402,2.379551342,5.98268084e-08
HIGH PASS,48000,100,1,0,1,22500,3.585335646e-06,3.496652308e-06,8.868333834e-08
HIGH PASS,48000,500,0,0,1,125,-24.61445227,-24.61445209,1.718059517e-07
HIGH PASS,48000,500,0,0,1,500,-6.020600214,-6.020600127,8.779051974e-08
HIGH PASS,48000,500,0,0,1,1000,-1.934478087,-1.934478126,3.880596017e-08
HIGH PASS,48000,500,0,0,1,22500,-9.034044833e-05,-9.02975864e-05,4.286192885e-08
HIGH PASS,48000,500,0.1000000015,0,1,125,-23.93543159,-23.93543211,5.200901763e-07
HIGH PASS,48000,500,0.1000000015,0,1,500,-1.411621755,-1.411621646,1.094206351e-07
HIGH PASS,48000,500,0.1000000015,0,1,1000,0.4163532658,0.4163533479,8.218045897e-08
HIGH PASS,48000,500,0.1000000015,0,1,22500,2.787072406e-05,2.78076722e-05,6.305185558e-08
HIGH PASS,48000,500,0.6000000238,0,1,125,-23.5734406,-23.57344065,4.645271723e-08
HIGH PASS,48000,500,0.6000000238,0,1,500,8.299466981,8.299467025,4.370352746e-08
HIGH PASS,48000,500,0.6000000238,0,1,1000,2.216992234,2.216992147,8.734723406e-08
HIGH PASS,48000,500,0.6000000238,0,1,22500,8.364483274e-05,8.361954155e-05,2.529119416e-08
HIGH PASS,48000,500,1,0,1,125,-23.54727375,-23.54727304,7.00961607e-07
HIGH PASS,48000,500,1,0,1,500,12.04119962,12.04119961,8.847059529e-09
HIGH PASS,48000,500,1,0,1,1000,2.374001064,2.374001036,2.807670146e-08
HIGH PASS,48000,500,1,0,1,22500,8.742940435e-05,8.747665313e-05,4.724878323e-08
HIGH PASS,48000,1000,0,0,1,250,-24.63089106,-24.63089039,6.713203362e-07
HIGH PASS,48000,1000,0,0,1,1000,-6.020599875,-6.02059999,1.144822681e-07
HIGH PASS,48000,1000,0,0,1,2000,-1.923293709,-1.923293923,2.145640525e-07
HIGH PASS,48000,1000,0,0,1,22500,-0.0003619934719,-0.000361960085,3.33868335e-08
HIGH PASS,48000,1000,0.1000000015,0,1,250,-23.95317359,-23.95317323,3.564453221e-07
HIGH PASS,48000,1000,0.1000000015,0,1,1000,-1.411621638,-1.411621509,1.290130664e-07
HIGH PASS,48000,1000,0.1000000015,0,1,2000,0.4154418995,0.4154420116,1.121213637e-07
HIGH PASS,48000,1000,0.1000000015,0,1,22500,0.000111517863,0.0001114648906,5.297240447e-08
HIGH PASS,48000,1000,0.6000000238,0,1,250,-23.59196362,-23.591964,3.809341864e-07
HIGH PASS,48000,1000,0.6000000238,0,1,1000,8.299467163,8.299467162,1.3161221e-09
HIGH PASS,48000,1000,0.6000000238,0,1,2000,2.201259881,2.201259896,1.507770631e-08
HIGH PASS,48000,1000,0.6000000238,0,1,22500,0.0003351384966,0.0003352002686,6.177197287e-08
HIGH PASS,48000,1000,1,0,1,250,-23.56585545,-23.5658555,5.127181524e-08
HIGH PASS,48000,1000,1,0,1,1000,12.04119962,12.04119975,1.350320584e-07
HIGH PASS,48000,1000,1,0,1,2000,2.356664225,2.356664242,1.728446397e-08
HIGH PASS,48000,1000,1,0,1,22500,0.0003506429268,0.0003506627529,1.982605968e-08
HIGH PASS,48000,5000,0,0,1,1230.769231,-25.42807018,-25.42807053,3.452577388e-07
HIGH PASS,48000,5000,0,0,1,5062.5,-5.90526171,-5.905261795,8.414035846e-08
HIGH PASS,48000,5000,0,0,1,9937.5,-1.576760348,-1.576760356,7.956311388e-09
HIGH PASS,48000,5000,0,0,1,22500,-0.009703554099,-0.009703555117,1.017873231e-09
HIGH PASS,48000,5000,0.1000000015,0,1,1230.769231,-24.81059569,-24.81059512,5.769294553e-07
HIGH PASS,48000,5000,0.1000000015,0,1,5062.5,-1.297749781,-1.29774975,3.052813974e-08
HIGH PASS,48000,5000,0.1000000015,0,1,9937.5,0.3762015465,0.3762015349,1.156270305e-08
HIGH PASS,48000,5000,0.1000000015,0,1,22500,0.00298559437,0.002985561662,3.270813753e-08
HIGH PASS,48000,5000,0.6000000238,0,1,1230.769231,-24.48514932,-24.48514945,1.347517173e-07
HIGH PASS,48000,5000,0.6000000238,0,1,5062.5,8.39464463,8.394644579,5.102147571e-08
HIGH PASS,48000,5000,0.6000000238,0,1,9937.5,1.733012613,1.733012606,6.898264682e-09
HIGH PASS,48000,5000,0.6000000238,0,1,22500,0.008994733389,0.00899473964,6.251369868e-09
HIGH PASS,48000,5000,1,0,1,1230.769231,-24.46173037,-24.46173115,7.795398904e-07
HIGH PASS,48000,5000,1,0,1,5062.5,12.1079216,12.10792161,1.272258121e-08
HIGH PASS,48000,5000,1,0,1,9937.5,1.844498432,1.844498451,1.856842935e-08
HIGH PASS,48000,5000,1,0,1,22500,0.009410429609,0.009410333374,9.623487312e-08
HIGH PASS,48000,10000,0,0,1,2550,-26.74780452,-26.74780466,1.319993883e-07
HIGH PASS,48000,10000,0,0,1,9937.5,-6.094561812,-6.094561839,2.6897373e-08
HIGH PASS,48000,10000,0,0,1,20062.5,-0.3482025293,-0.3482025507,2.144346549e-08
HIGH PASS,48000,10000,0,0,1,22500,-0.04946927936,-0.04946916673,1.126289516e-07
HIGH PASS,48000,10000,0.1000000015,0,1,2550,-26.21841665,-26.21841664,1.316783127e-08
HIGH PASS,48000,10000,0.1000000015,0,1,9937.5,-1.486173418,-1.486173435,1.735514288e-08
HIGH PASS,48000,10000,0.1000000015,0,1,20062.5,0.1033647933,0.1033648133,2.003458931e-08
HIGH PASS,48000,10000,0.1000000015,0,1,22500,0.01516269885,0.01516267608,2.277783379e-08
HIGH PASS,48000,10000,0.6000000238,0,1,2550,-25.94387064,-25.94387008,5.539442807e-07
HIGH PASS,48000,10000,0.6000000238,0,1,9937.5,8.217382408,8.217382407,1.465594091e-09
HIGH PASS,48000,10000,0.6000000238,0,1,20062.5,0.3342730554,0.3342730531,2.260318446e-09
HIGH PASS,48000,10000,0.6000000238,0,1,22500,0.04604234357,0.04604243135,8.777971985e-08
HIGH PASS,48000,10000,1,0,1,2550,-25.92423988,-25.92423967,2.125128784e-07
HIGH PASS,48000,10000,1,0,1,9937.5,11.94761173,11.94761173,7.590021944e-10
HIGH PASS,48000,10000,1,0,1,20062.5,0.3506936546,0.3506936681,1.351053193e-08
HIGH PASS,48000,10000,1,0,1,22500,0.04818445021,0.04818462392,1.737022342e-07
HIGH PASS,48000,20000,0,0,1,5062.5,-41.48791158,-41.48791731,5.73616809e-06
HIGH PASS,48000,20000,0,0,1,20062.5,-5.878638634,-5.878638591,4.259234121e-08
HIGH PASS,48000,20000,0,0,1,22500,-1.10076902,-1.100769117,9.673545187e-08
HIGH PASS,48000,20000,0,0,1,22500,-1.10076902,-1.100769117,9.673545187e-08
HIGH PASS,48000,20000,0.1000000015,0,1,5062.5,-41.39195263,-41.39194914,3.495578451e-06
HIGH PASS,48000,20000,0.1000000015,0,1,20062.5,-1.271888291,-1.271888309,1.838539632e-08
HIGH PASS,48000,20000,0.1000000015,0,1,22500,0.2917087392,0.2917087246,1.467646926e-08
HIGH PASS,48000,20000,0.1000000015,0,1,22500,0.2917087392,0.2917087246,1.467646926e-08
HIGH PASS,48000,20000,0.6000000238,0,1,5062.5,-41.34584505,-41.34585072,5.669233278e-06
HIGH PASS,48000,20000,0.6000000238,0,1,20062.5,8.410829185,8.410829109,7.650008804e-08
HIGH PASS,48000,20000,0.6000000238,0,1,22500,1.146278578,1.146278636,5.799173022e-08
HIGH PASS,48000,20000,0.6000000238,0,1,22500,1.146278578,1.146278636,5.799173022e-08
HIGH PASS,48000,20000,1,0,1,5062.5,-41.34264716,-41.34264677,3.955437204e-07
HIGH PASS,48000,20000,1,0,1,20062.5,12.10949711,12.10949709,1.573229724e-08
HIGH PASS,48000,20000,1,0,1,22500,1.212043431,1.212043398,3.254230535e-08
HIGH PASS,48000,20000,1,0,1,22500,1.212043431,1.212043398,3.254230535e-08
HIGH PASS,48000,1000,0.1000000015,0,0,250,0,0,0
HIGH PASS,48000,1000,0.1000000015,0,0,1000,0,0,0
HIGH PASS,48000,1000,0.1000000015,0,0,2000,0,0,0
HIGH PASS,48000,1000,0.1000000015,0,0,22500,0,0,0
HIGH PASS,48000,1000,0.1000000015,0,0.349999994,250,-4.029095235,-4.029095302,6.769523031e-08
HIGH PASS,48000,1000,0.1000000015,0,0.349999994,1000,-2.91573795,-2.915737894,5.620300569e-08
HIGH PASS,48000,1000,0.1000000015,0,0.349999994,2000,-0.2971072519,-0.2971072685,1.664840717e-08
HIGH PASS,48000,1000,0.1000000015,0,0.349999994,22500,-1.794193361e-05,-1.797798569e-05,3.605207598e-08
HIGH PASS,48000,1000,0.1000000015,0,1,250,-23.95317359,-23.95317323,3.564453221e-07
HIGH PASS,48000,1000,0.1000000015,0,1,1000,-1.411621638,-1.411621509,1.290130664e-07
HIGH PASS,48000,1000,0.1000000015,0,1,2000,0.4154418995,0.4154420116,1.121213637e-07
HIGH PASS,48000,1000,0.1000000015,0,1,22500,0.000111517863,0.0001114648906,5.297240447e-08
HIGH PASS,96000,20,0,0,1,5,-24.60898053,-24.60898062,8.158088782e-08
HIGH PASS,96000,20,0,0,1,20,-6.020599884,-6.020599913,2.913198305e-08
HIGH PASS,96000,20,0,0,1,40,-1.938198751,-1.938198772,2.047940911e-08
HIGH PASS,96000,20,0,0,1,45000,7.219323758e-08,-3.609344638e-08,1.08286684e-07
HIGH PASS,96000,20,0.1000000015,0,1,5,-23.92952633,-23.92952642,9.503056475e-08
HIGH PASS,96000,20,0.1000000015,0,1,20,-1.411621425,-1.411621432,7.077649744e-09
HIGH PASS,96000,20,0.1000000015,0,1,40,0.4166513391,0.4166513404,1.305132613e-09
HIGH PASS,96000,20,0.1000000015,0,1,45000,2.497790007e-08,1.111528196e-08,1.386261811e-08
HIGH PASS,96000,20,0.6000000238,0,1,5,-23.5672742,-23.56727418,2.109549335e-08
HIGH PASS,96000,20,0.6000000238,0,1,20,8.299467241,8.299467238,3.187180964e-09
HIGH PASS,96000,20,0.6000000238,0,1,40,2.222234644,2.222234643,5.734483444e-10
HIGH PASS,96000,20,0.6000000238,0,1,45000,3.842175317e-08,3.342381172e-08,4.997941445e-09
HIGH PASS,96000,20,1,0,1,5,-23.54108683,-23.54108687,3.9477972e-08
HIGH PASS,96000,20,1,0,1,20,12.04119983,12.04119983,3.946221128e-09
HIGH PASS,96000,20,1,0,1,40,2.379780189,2.379780186,2.675555166e-09
HIGH PASS,96000,20,1,0,1,45000,1.080247535e-08,3.49655264e-08,2.416305105e-08
HIGH PASS,96000,100,0,0,1,25,-24.60903319,-24.60903325,5.211094223e-08
HIGH PASS,96000,100,0,0,1,100,-6.020599959,-6.020599967,7.208857733e-09
HIGH PASS,96000,100,0,0,1,200,-1.938163089,-1.938163074,1.574374908e-08
HIGH PASS,96000,100,0,0,1,45000,-8.159956935e-07,-9.023423086e-07,8.634661507e-08
HIGH PASS,96000,100,0.1000000015,0,1,25,-23.9295833,-23.92958323,7.003594238e-08
HIGH PASS,96000,100,0.1000000015,0,1,100,-1.411621473,-1.411621486,1.271301953e-08
HIGH PASS,96000,100,0.1000000015,0,1,200,0.4166485008,0.4166484936,7.207986527e-09
HIGH PASS,96000,100,0.1000000015,0,1,45000,3.17676027e-07,2.778839484e-07,3.979207858e-08
HIGH PASS,96000,100,0.6000000238,0,1,25,-23.56733357,-23.5673335,7.889896736e-08
HIGH PASS,96000,100,0.6000000238,0,1,100,8.299467174,8.299467185,1.051292653e-08
HIGH PASS,96000,100,0.6000000238,0,1,200,2.222184327,2.222184323,4.322358693e-09
HIGH PASS,96000,100,0.6000000238,0,1,45000,7.668099678e-07,8.356010944e-07,6.879112666e-08
HIGH PASS,96000,100,1,0,1,25,-23.54114632,-23.54114637,4.90872889e-08
HIGH PASS,96000,100,1,0,1,100,12.04119976,12.04119977,9.173073412e-09
HIGH PASS,96000,100,1,0,1,200,2.3797247,2.37972471,9.883133922e-09
HIGH PASS,96000,100,1,0,1,45000,8.825085043e-07,8.741441987e-07,8.364305587e-09
HIGH PASS,96000,500,0,0,1,125,-24.61034634,-24.61034655,2.162782184e-07
HIGH PASS,96000,500,0,0,1,500,-6.020599952,-6.020599967,1.459307142e-08
HIGH PASS,96000,500,0,0,1,1000,-1.937269987,-1.93727,1.306370451e-08
HIGH PASS,96000,500,0,0,1,45000,-2.253172251e-05,-2.256239551e-05,3.06730017e-08
HIGH PASS,96000,500,0.1000000015,0,1,125,-23.931001,-23.93100078,2.231798621e-07
HIGH PASS,96000,500,0.1000000015,0,1,500,-1.411621481,-1.411621486,5.090238842e-09
HIGH PASS,96000,500,0.1000000015,0,1,1000,0.4165772368,0.4165771963,4.041957541e-08
HIGH PASS,96000,500,0.1000000015,0,1,45000,6.925426278e-06,6.94826644e-06,2.284016267e-08
HIGH PASS,96000,500,0.6000000238,0,1,125,-23.5688127,-23.56881366,9.634779374e-07
HIGH PASS,96000,500,0.6000000238,0,1,500,8.29946719,8.299467185,4.73892281e-09
HIGH PASS,96000,500,0.6000000238,0,1,1000,2.220925558,2.220925563,5.593411512e-09
HIGH PASS,96000,500,0.6000000238,0,1,45000,2.104118125e-05,2.089362747e-05,1.475537791e-07
HIGH PASS,96000,500,1,0,1,125,-23.54263151,-23.54263127,2.342981142e-07
HIGH PASS,96000,500,1,0,1,500,12.0411998,12.04119977,2.331508986e-08
HIGH PASS,96000,500,1,0,1,1000,2.378336985,2.378337008,2.380856129e-08
HIGH PASS,96000,500,1,0,1,45000,2.1927097e-05,2.185737474e-05,6.972226231e-08
HIGH PASS,96000,1000,0,0,1,250,-24.61445171,-24.61445173,1.511403447e-08
HIGH PASS,96000,1000,0,0,1,1000,-6.020599965,-6.020599932,3.309402508e-08
HIGH PASS,96000,1000,0,0,1,2000,-1.934478058,-1.934478048,9.432078674e-09
HIGH PASS,96000,1000,0,0,1,45000,-9.034044831e-05,-9.029758236e-05,4.286595399e-08
HIGH PASS,96000,1000,0.1000000015,0,1,250,-23.93543124,-23.93543171,4.679010388e-07
HIGH PASS,96000,1000,0.1000000015,0,1,1000,-1.411621455,-1.411621451,3.953226357e-09
HIGH PASS,96000,1000,0.1000000015,0,1,2000,0.4163532286,0.4163533417,1.131563723e-07
HIGH PASS,96000,1000,0.1000000015,0,1,45000,2.787072407e-05,2.780767096e-05,6.305311113e-08
HIGH PASS,96000,1000,0.6000000238,0,1,250,-23.57344021,-23.57344024,2.504864938e-08
HIGH PASS,96000,1000,0.6000000238,0,1,1000,8.299467246,8.299467219,2.731627546e-08
HIGH PASS,96000,1000,0.6000000238,0,1,2000,2.216992125,2.216992037,8.775512478e-08
HIGH PASS,96000,1000,0.6000000238,0,1,45000,8.364483276e-05,8.361953781e-05,2.529494536e-08
HIGH PASS,96000,1000,1,0,1,250,-23.54727311,-23.54727263,4.741183526e-07
HIGH PASS,96000,1000,1,0,1,1000,12.04119981,12.04119981,4.325029224e-09
HIGH PASS,96000,1000,1,0,1,2000,2.374000907,2.374000915,8.679254981e-09
HIGH PASS,96000,1000,1,0,1,45000,8.742940436e-05,8.747664922e-05,4.724486617e-08
HIGH PASS,96000,5000,0,0,1,1246.753247,-24.78937203,-24.78937202,1.051515675e-08
HIGH PASS,96000,5000,0,0,1,5100,-5.847190787,-5.847190806,1.924186921e-08
HIGH PASS,96000,5000,0,0,1,10125,-1.800331957,-1.800331951,5.802625047e-09
HIGH PASS,96000,5000,0,0,1,45000,-0.002296345242,-0.002296419414,7.417176619e-08
HIGH PASS,96000,5000,0.1000000015,0,1,1246.753247,-24.12408699,-24.12408661,3.802983066e-07
HIGH PASS,96000,5000,0.1000000015,0,1,5100,-1.241548779,-1.241548735,4.447977928e-08
HIGH PASS,96000,5000,0.1000000015,0,1,10125,0.4039107341,0.4039107455,1.141011535e-08
HIGH PASS,96000,5000,0.1000000015,0,1,45000,0.0007070471033,0.0007070492434,2.140073453e-09
HIGH PASS,96000,5000,0.6000000238,0,1,1246.753247,-23.77032289,-23.77032264,2.461776569e-07
HIGH PASS,96000,5000,0.6000000238,0,1,5100,8.427132159,8.427132131,2.800956067e-08
HIGH PASS,96000,5000,0.6000000238,0,1,10125,2.030898984,2.030899016,3.268905224e-08
HIGH PASS,96000,5000,0.6000000238,0,1,45000,0.0021269212,0.002127064215,1.430146936e-07
HIGH PASS,96000,5000,1,0,1,1246.753247,-23.74477521,-23.74477615,9.384222128e-07
HIGH PASS,96000,5000,1,0,1,5100,12.10475373,12.10475374,6.783995143e-09
HIGH PASS,96000,5000,1,0,1,10125,2.169483307,2.169483292,1.485344558e-08
HIGH PASS,96000,5000,1,0,1,45000,0.002225297233,0.002225216742,8.049073507e-08
HIGH PASS,96000,10000,0,0,1,2461.538462,-25.42807018,-25.42807042,2.377357058e-07
HIGH PASS,96000,10000,0,0,1,10125,-5.905261664,-5.905261739,7.440463023e-08
HIGH PASS,96000,10000,0,0,1,19875,-1.576760356,-1.576760337,1.869433947e-08
HIGH PASS,96000,10000,0,0,1,45000,-0.009703554099,-0.00970355499,8.910459952e-10
HIGH PASS,96000,10000,0.1000000015,0,1,2461.538462,-24.81059498,-24.810595,2.269617294e-08
HIGH PASS,96000,10000,0.1000000015,0,1,10125,-1.297749727,-1.297749695,3.114328045e-08
HIGH PASS,96000,10000,0.1000000015,0,1,19875,0.3762015349,0.3762015322,2.658667175e-09
HIGH PASS,96000,10000,0.1000000015,0,1,45000,0.00298559437,0.002985561623,3.274714274e-08
HIGH PASS,96000,10000,0.6000000238,0,1,2461.538462,-24.48514862,-24.48514933,7.099714052e-07
HIGH PASS,96000,10000,0.6000000238,0,1,10125,8.394644648,8.394644615,3.286426375e-08
HIGH PASS,96000,10000,0.6000000238,0,1,19875,1.733012611,1.733012581,3.000542809e-08
HIGH PASS,96000,10000,0.6000000238,0,1,45000,0.008994733389,0.008994739522,6.133664507e-09
HIGH PASS,96000,10000,1,0,1,2461.538462,-24.46173037,-24.46173103,6.595483981e-07
HIGH PASS,96000,10000,1,0,1,10125,12.1079216,12.10792162,2.055830839e-08
HIGH PASS,96000,10000,1,0,1,19875,1.844498393,1.844498424,3.05392448e-08
HIGH PASS,96000,10000,1,0,1,45000,0.009410429609,0.009410333251,9.635803467e-08
HIGH PASS,96000,20000,0,0,1,5100,-26.74780437,-26.74780453,1.568531225e-07
HIGH PASS,96000,20000,0,0,1,19875,-6.094561687,-6.094561771,8.398622597e-08
HIGH PASS,96000,20000,0,0,1,40125,-0.3482025343,-0.3482025454,1.118719693e-08
HIGH PASS,96000,20000,0,0,1,45000,-0.04946927936,-0.04946916597,1.133882668e-07
HIGH PASS,96000,20000,0.1000000015,0,1,5100,-26.21841665,-26.21841651,1.48596202e-07
HIGH PASS,96000,20000,0.1000000015,0,1,19875,-1.486173344,-1.486173367,2.225752666e-08
HIGH PASS,96000,20000,0.1000000015,0,1,40125,0.1033647897,0.1033648118,2.211844551e-08
HIGH PASS,96000,20000,0.1000000015,0,1,45000,0.01516269885,0.01516267584,2.300947904e-08
HIGH PASS,96000,20000,0.6000000238,0,1,5100,-25.94387047,-25.94386995,5.218288255e-07
HIGH PASS,96000,20000,0.6000000238,0,1,19875,8.217382518,8.217382489,2.911160291e-08
HIGH PASS,96000,20000,0.6000000238,0,1,40125,0.334273051,0.3342730479,3.136193971e-09
HIGH PASS,96000,20000,0.6000000238,0,1,45000,0.04604234357,0.04604243064,8.706939139e-08
HIGH PASS,96000,20000,1,0,1,5100,-25.92423982,-25.92423953,2.901491811e-07
HIGH PASS,96000,20000,1,0,1,19875,11.94761181,11.94761184,2.686320011e-08
HIGH PASS,96000,20000,1,0,1,40125,0.3506936426,0.3506936626,2.00109934e-08
HIGH PASS,96000,20000,1,0,1,45000,0.04818445021,0.04818462317,1.729585603e-07
HIGH PASS,96000,1000,0.1000000015,0,0,250,0,0,0
HIGH PASS,96000,1000,0.1000000015,0,0,1000,0,0,0
HIGH PASS,96000,1000,0.1000000015,0,0,2000,0,0,0
HIGH PASS,96000,1000,0.1000000015,0,0,45000,0,0,0
HIGH PASS,96000,1000,0.1000000015,0,0.349999994,250,-4.029660792,-4.029660794,2.742754468e-09
HIGH PASS,96000,1000,0.1000000015,0,0.349999994,1000,-2.915737837,-2.915737847,9.83561721e-09
HIGH PASS,96000,1000,0.1000000015,0,0.349999994,2000,-0.3003537974,-0.3003537262,7.118766335e-08
HIGH PASS,96000,1000,0.1000000015,0,0.349999994,45000,-4.52363657e-06,-4.483959282e-06,3.967728865e-08
HIGH PASS,96000,1000,0.1000000015,0,1,250,-23.93543124,-23.93543171,4.679010388e-07
HIGH PASS,96000,1000,0.1000000015,0,1,1000,-1.411621455,-1.411621451,3.953226357e-09
HIGH PASS,96000,1000,0.1000000015,0,1,2000,0.4163532286,0.4163533417,1.131563723e-07
HIGH PASS,96000,1000,0.1000000015,0,1,45000,2.787072407e-05,2.780767096e-05,6.305311113e-08
HIGH PASS,192000,20,0,0,1,5,-24.60897893,-24.60897897,4.376372686e-08
HIGH PASS,192000,20,0,0,1,20,-6.020599894,-6.020599913,1.951082229e-08
HIGH PASS,192000,20,0,0,1,40,-1.938199884,-1.938199888,4.567696998e-09
HIGH PASS,192000,20,0,0,1,90000,1.805272511e-08,-9.023359651e-09,2.707608476e-08
HIGH PASS,192000,20,0.1000000015,0,1,5,-23.92952463,-23.92952465,1.449835274e-08
HIGH PASS,192000,20,0.1000000015,0,1,20,-1.411621429,-1.411621432,3.407982285e-09
HIGH PASS,192000,20,0.1000000015,0,1,40,0.4166514388,0.4166514294,9.411132151e-09
HIGH PASS,192000,20,0.1000000015,0,1,90000,6.24554591e-09,2.778819528e-09,3.466726382e-09
HIGH PASS,192000,20,0.6000000238,0,1,5,-23.56727235,-23.56727233,1.787257364e-08
HIGH PASS,192000,20,0.6000000238,0,1,20,8.299467238,8.299467238,3.957421058e-10
HIGH PASS,192000,20,0.6000000238,0,1,40,2.222236219,2.222236217,2.420546652e-09
HIGH PASS,192000,20,0.6000000238,0,1,90000,6.671217413e-10,8.355949567e-09,7.688827826e-09
HIGH PASS,192000,20,1,0,1,5,-23.54108499,-23.54108501,2.209221694e-08
HIGH PASS,192000,20,1,0,1,20,12.04119983,12.04119983,5.154949356e-09
HIGH PASS,192000,20,1,0,1,40,2.379781931,2.379781921,9.671099033e-09
HIGH PASS,192000,20,1,0,1,90000,2.820387828e-10,8.741377755e-09,8.459338972e-09
HIGH PASS,192000,100,0,0,1,25,-24.60899224,-24.60899213,1.119931445e-07
HIGH PASS,192000,100,0,0,1,100,-6.020599913,-6.020599927,1.356345769e-08
HIGH PASS,192000,100,0,0,1,200,-1.938190974,-1.938190964,1.073283129e-08
HIGH PASS,192000,100,0,0,1,90000,-2.234040334e-07,-2.25584376e-07,2.18034253e-09
HIGH PASS,192000,100,0.1000000015,0,1,25,-23.92953888,-23.92953885,2.530703647e-08
HIGH PASS,192000,100,0.1000000015,0,1,100,-1.411621442,-1.411621446,4.02185002e-09
HIGH PASS,192000,100,0.1000000015,0,1,200,0.4166506957,0.4166507177,2.201411982e-08
HIGH PASS,192000,100,0.1000000015,0,1,90000,1.561074253e-07,6.9470621e-08,8.663680433e-08
HIGH PASS,192000,100,0.6000000238,0,1,25,-23.56728697,-23.56728716,1.885642495e-07
HIGH PASS,192000,100,0.6000000238,0,1,100,8.299467208,8.299467225,1.667973382e-08
HIGH PASS,192000,100,0.6000000238,0,1,200,2.222223639,2.222223637,1.879672362e-09
HIGH PASS,192000,100,0.6000000238,0,1,90000,1.836208697e-07,2.088991476e-07,2.52782779e-08
HIGH PASS,192000,100,1,0,1,25,-23.54109987,-23.54109989,1.557105112e-08
HIGH PASS,192000,100,1,0,1,100,12.0411998,12.04119981,1.056900656e-08
HIGH PASS,192000,100,1,0,1,200,2.379768043,2.379768052,8.41824549e-09
HIGH PASS,192000,100,1,0,1,90000,3.596994221e-07,2.185348713e-07,1.411645508e-07
HIGH PASS,192000,500,0,0,1,125,-24.60932079,-24.60932044,3.50062769e-07
HIGH PASS,192000,500,0,0,1,500,-6.020599945,-6.020599927,1.801327931e-08
HIGH PASS,192000,500,0,0,1,1000,-1.937967686,-1.937967712,2.650913072e-08
HIGH PASS,192000,500,0,0,1,90000,-5.582367422e-06,-5.639849232e-06,5.748181052e-08
HIGH PASS,192000,500,0.1000000015,0,1,125,-23.92989321,-23.92989322,9.745816598e-09
HIGH PASS,192000,500,0.1000000015,0,1,500,-1.411621427,-1.411621446,1.853426712e-08
HIGH PASS,192000,500,0.1000000015,0,1,1000,0.4166328643,0.4166329099,4.559607601e-08
HIGH PASS,192000,500,0.1000000015,0,1,90000,1.782002759e-06,1.73683851e-06,4.516424846e-08
HIGH PASS,192000,500,0.6000000238,0,1,125,-23.56765722,-23.56765718,4.136133125e-08
HIGH PASS,192000,500,0.6000000238,0,1,500,8.299467244,8.299467225,1.870177657e-08
HIGH PASS,192000,500,0.6000000238,0,1,1000,2.221908959,2.221908945,1.37877561e-08
HIGH PASS,192000,500,0.6000000238,0,1,90000,5.273745733e-06,5.222703652e-06,5.10420804e-08
HIGH PASS,192000,500,1,0,1,125,-23.54147138,-23.54147109,2.839597038e-07
HIGH PASS,192000,500,1,0,1,500,12.04119979,12.04119981,2.545312272e-08
HIGH PASS,192000,500,1,0,1,1000,2.379421116,2.379421119,3.040721119e-09
HIGH PASS,192000,500,1,0,1,90000,5.399575578e-06,5.463607323e-06,6.40317454e-08
HIGH PASS,192000,1000,0,0,1,250,-24.61034615,-24.61034646,3.1232645e-07
HIGH PASS,192000,1000,0,0,1,1000,-6.0205999,-6.020599918,1.826315787e-08
HIGH PASS,192000,1000,0,0,1,2000,-1.937269951,-1.937269981,3.019243849e-08
HIGH PASS,192000,1000,0,0,1,90000,-2.253172253e-05,-2.256239526e-05,3.067273265e-08
HIGH PASS,192000,1000,0.1000000015,0,1,250,-23.931001,-23.93100068,3.181700601e-07
HIGH PASS,192000,1000,0.1000000015,0,1,1000,-1.411621424,-1.411621437,1.348906919e-08
HIGH PASS,192000,1000,0.1000000015,0,1,2000,0.416577276,0.4165771948,8.118312769e-08
HIGH PASS,192000,1000,0.1000000015,0,1,90000,6.92542626e-06,6.948266363e-06,2.284010288e-08
HIGH PASS,192000,1000,0.6000000238,0,1,250,-23.5688126,-23.56881356,9.641470511e-07
HIGH PASS,192000,1000,0.6000000238,0,1,1000,8.299467287,8.299467233,5.308154427e-08
HIGH PASS,192000,1000,0.6000000238,0,1,2000,2.220925533,2.220925536,3.538902893e-09
HIGH PASS,192000,1000,0.6000000238,0,1,90000,2.104118123e-05,2.089362724e-05,1.475539951e-07
HIGH PASS,192000,1000,1,0,1,250,-23.54263149,-23.54263117,3.181022192e-07
HIGH PASS,192000,1000,1,0,1,1000,12.04119981,12.04119982,1.079828804e-08
HIGH PASS,192000,1000,1,0,1,2000,2.378336985,2.378336978,6.329545388e-09
HIGH PASS,192000,1000,1,0,1,90000,2.192709699e-05,2.185737449e-05,6.972249954e-08
HIGH PASS,192000,5000,0,0,1,1246.753247,-24.685788,-24.68578898,9.775960494e-07
HIGH PASS,192000,5000,0,0,1,4923.076923,-6.156914157,-6.15691422,6.319495571e-08
HIGH PASS,192000,5000,0,0,1,10200,-1.846684009,-1.846683963,4.608731902e-08
HIGH PASS,192000,5000,0,0,1,90000,-0.0005663781901,-0.0005664675299,8.933987449e-08
HIGH PASS,192000,5000,0.1000000015,0,1,1246.753247,-24.01240472,-24.01240457,1.42237691e-07
HIGH PASS,192000,5000,0.1000000015,0,1,4923.076923,-1.549925386,-1.549925469,8.267354068e-08
HIGH PASS,192000,5000,0.1000000015,0,1,10200,0.4085790083,0.4085790229,1.460225434e-08
HIGH PASS,192000,5000,0.1000000015,0,1,90000,0.0001744481228,0.0001744392019,8.920916446e-09
HIGH PASS,192000,5000,0.6000000238,0,1,1246.753247,-23.65379379,-23.65379406,2.738864371e-07
HIGH PASS,192000,5000,0.6000000238,0,1,4923.076923,8.135818815,8.135818795,2.046520242e-08
HIGH PASS,192000,5000,0.6000000238,0,1,10200,2.094562196,2.094562207,1.16441799e-08
HIGH PASS,192000,5000,0.6000000238,0,1,90000,0.0005246949191,0.0005245993624,9.555667875e-08
HIGH PASS,192000,5000,1,0,1,1246.753247,-23.62788205,-23.62788184,2.017798097e-07
HIGH PASS,192000,5000,1,0,1,4923.076923,11.83904759,11.83904757,1.590834131e-08
HIGH PASS,192000,5000,1,0,1,10200,2.239314811,2.239314789,2.10359653e-08
HIGH PASS,192000,5000,1,0,1,90000,0.0005487463883,0.0005487995148,5.312653708e-08
HIGH PASS,192000,10000,0,0,1,2493.506494,-24.78937167,-24.789372,3.274404978e-07
HIGH PASS,192000,10000,0,0,1,10200,-5.847190768,-5.847190793,2.501932528e-08
HIGH PASS,192000,10000,0,0,1,20250,-1.800331949,-1.800331946,2.686483036e-09
HIGH PASS,192000,10000,0,0,1,90000,-0.002296345242,-0.002296419407,7.416484242e-08
HIGH PASS,192000,10000,0.1000000015,0,1,2493.506494,-24.12408699,-24.12408659,4.068692094e-07
HIGH PASS,192000,10000,0.1000000015,0,1,10200,-1.241548735,-1.241548722,1.292561402e-08
HIGH PASS,192000,10000,0.1000000015,0,1,20250,0.4039107301,0.403910745,1.492443322e-08
HIGH PASS,192000,10000,0.1000000015,0,1,90000,0.0007070471033,0.0007070492413,2.13795789e-09
HIGH PASS,192000,10000,0.6000000238,0,1,2493.506494,-23.77032289,-23.77032261,2.738934182e-07
HIGH PASS,192000,10000,0.6000000238,0,1,10200,8.427132158,8.427132137,2.12146003e-08
HIGH PASS,192000,10000,0.6000000238,0,1,20250,2.03089898,2.03089901,2.990168546e-08
HIGH PASS,192000,10000,0.6000000238,0,1,90000,0.0021269212,0.002127064209,1.430083094e-07
HIGH PASS,192000,10000,1,0,1,2493.506494,-23.74477521,-23.74477613,9.106201109e-07
HIGH PASS,192000,10000,1,0,1,10200,12.10475378,12.10475374,4.132044262e-08
HIGH PASS,192000,10000,1,0,1,20250,2.169483289,2.169483285,3.576644259e-09
HIGH PASS,192000,10000,1,0,1,90000,0.002225297233,0.002225216735,8.049742193e-08
HIGH PASS,192000,20000,0,0,1,4923.076923,-25.42807018,-25.4280704,2.155248238e-07
HIGH PASS,192000,20000,0,0,1,20250,-5.905261645,-5.905261727,8.15289487e-08
HIGH PASS,192000,20000,0,0,1,39750,-1.576760356,-1.576760334,2.259002069e-08
HIGH PASS,192000,20000,0,0,1,90000,-0.009703554099,-0.009703554964,8.648294466e-10
HIGH PASS,192000,20000,0.1000000015,0,1,4923.076923,-24.81059495,-24.81059498,3.141395588e-08
HIGH PASS,192000,20000,0.1000000015,0,1,20250,-1.297749719,-1.297749684,3.518101233e-08
HIGH PASS,192000,20000,0.1000000015,0,1,39750,0.3762015252,0.3762015317,6.447968617e-09
HIGH PASS,192000,20000,0.1000000015,0,1,90000,0.00298559437,0.002985561615,3.275517475e-08
HIGH PASS,192000,20000,0.6000000238,0,1,4923.076923,-24.48514862,-24.48514931,6.852198657e-07
HIGH PASS,192000,20000,0.6000000238,0,1,20250,8.39464466,8.394644623,3.787071301e-08
HIGH PASS,192000,20000,0.6000000238,0,1,39750,1.733012603,1.733012576,2.729386062e-08
HIGH PASS,192000,20000,0.6000000238,0,1,90000,0.008994733389,0.008994739498,6.109361633e-09
HIGH PASS,192000,20000,1,0,1,4923.076923,-24.46173037,-24.46173101,6.347264776e-07
HIGH PASS,192000,20000,1,0,1,20250,12.1079216,12.10792163,2.898218554e-08
HIGH PASS,192000,20000,1,0,1,39750,1.844498384,1.844498418,3.495998213e-08
HIGH PASS,192000,20000,1,0,1,90000,0.009410429609,0.009410333225,9.638344608e-08
HIGH PASS,192000,1000,0.1000000015,0,0,250,0,0,0
HIGH PASS,192000,1000,0.1000000015,0,0,1000,0,0,0
HIGH PASS,192000,1000,0.1000000015,0,0,2000,0,0,0
HIGH PASS,192000,1000,0.1000000015,0,0,90000,0,0,0
HIGH PASS,192000,1000,0.1000000015,0,0.349999994,250,-4.029802174,-4.029802193,1.90155125e-08
HIGH PASS,192000,1000,0.1000000015,0,0.349999994,1000,-2.915737822,-2.915737835,1.271370775e-08
HIGH PASS,192000,1000,0.1000000015,0,0.349999994,2000,-0.3011675032,-0.3011675062,3.06518274e-09
HIGH PASS,192000,1000,0.1000000015,0,0.349999994,90000,-1.197500188e-06,-1.120332924e-06,7.716726371e-08
HIGH PASS,192000,1000,0.1000000015,0,1,250,-23.931001,-23.93100068,3.181700601e-07
HIGH PASS,192000,1000,0.1000000015,0,1,1000,-1.411621424,-1.411621437,1.348906919e-08
HIGH PASS,192000,1000,0.1000000015,0,1,2000,0.416577276,0.4165771948,8.118312769e-08
HIGH PASS,192000,1000,0.1000000015,0,1,90000,6.92542626e-06,6.948266363e-06,2.284010288e-08
BAND PASS,44100,20,0,0,1,5,-6.547183544,-6.547183549,5.191279406e-09
BAND PASS,44100,20,0,0,1,20,3.453746535e-09,0,3.453746535e-09
BAND PASS,44100,20,0,0,1,39.98186763,-1.935848429,-1.935848421,7.592908469e-09
BAND PASS,44100,20,0,0,1,20671.875,-71.03653303,-71.03660229,6.926052272e-05
BAND PASS,44100,20,0.1000000015,0,1,5,-10.47670848,-10.47670848,7.325721363e-09
BAND PASS,44100,20,0.1000000015,0,1,20,4.76333795e-09,0,4.76333795e-09
BAND PASS,44100,20,0.1000000015,0,1,39.98186763,-4.188281471,-4.188281473,2.062344517e-09
BAND PASS,44100,20,0.1000000015,0,1,20671.875,-75.64578905,-75.64558055,0.0002085010786
BAND PASS,44100,20,0.6000000238,0,1,5,-19.82554532,-19.8255453,1.663117333e-08
BAND PASS,44100,20,0.6000000238,0,1,20,3.860949237e-09,0,3.860949237e-09
BAND PASS,44100,20,0.6000000238,0,1,39.98186763,-12.09169787,-12.09169787,3.823514394e-09
BAND PASS,44100,20,0.6000000238,0,1,20671.875,-85.35495455,-85.35666911,0.00171456076
BAND PASS,44100,20,1,0,1,5,-23.54109059,-23.54109061,2.214452266e-08
BAND PASS,44100,20,1,0,1,20,4.559822424e-09,0,4.559822424e-09
BAND PASS,44100,20,1,0,1,39.98186763,-15.67565796,-15.67565799,2.368166152e-08
BAND PASS,44100,20,1,0,1,20671.875,-89.09977252,-89.09840169,0.001370827512
BAND PASS,44100,100,0,0,1,25,-6.547300466,-6.547300459,7.02987224e-09
BAND PASS,44100,100,0,0,1,100,7.488133923e-09,-3.857309866e-15,7.48813778e-09
BAND PASS,44100,100,0,0,1,199.5475113,-1.926672502,-1.92667249,1.182702275e-08
BAND PASS,44100,100,0,0,1,20671.875,-57.05701145,-57.057065,5.354683513e-05
BAND PASS,44100,100,0.1000000015,0,1,25,-10.47684516,-10.47684519,3.13816062e-08
BAND PASS,44100,100,0.1000000015,0,1,100,5.429562867e-09,-1.15719296e-14,5.429574438e-09
BAND PASS,44100,100,0.1000000015,0,1,199.5475113,-4.172482277,-4.172482251,2.557163092e-08
BAND PASS,44100,100,0.1000000015,0,1,20671.875,-61.6660859,-61.66603788,4.801236731e-05
BAND PASS,44100,100,0.6000000238,0,1,25,-19.82569387,-19.8256939,3.622484046e-08
BAND PASS,44100,100,0.6000000238,0,1,100,-3.913144427e-10,-1.031830389e-13,3.912112596e-10
BAND PASS,44100,100,0.6000000238,0,1,199.5475113,-12.06771995,-12.06771995,2.260925225e-09
BAND PASS,44100,100,0.6000000238,0,1,20671.875,-71.37720917,-71.37712391,8.525489537e-05
BAND PASS,44100,100,1,0,1,25,-23.5412401,-23.54124011,2.879812833e-09
BAND PASS,44100,100,1,0,1,100,-9.465635908e-09,-2.43974849e-13,9.465391933e-09
BAND PASS,44100,100,1,0,1,199.5475113,-15.65079047,-15.65079042,4.321321745e-08
BAND PASS,44100,100,1,0,1,20671.875,-75.11890464,-75.11885632,4.831749766e-05
BAND PASS,44100,500,0,0,1,124.9291785,-6.554562931,-6.554562917,1.408715677e-08
BAND PASS,44100,500,0,0,1,495.505618,-0.0003547240402,-0.0003546717924,5.224781612e-08
BAND PASS,44100,500,0,0,1,980,-1.840195864,-1.840195835,2.908156332e-08
BAND PASS,44100,500,0,0,1,20671.875,-43.07424791,-43.07424028,7.626753332e-06
BAND PASS,44100,500,0.1000000015,0,1,124.9291785,-10.48533631,-10.48533632,9.800258383e-09
BAND PASS,44100,500,0.1000000015,0,1,495.505618,-0.001024946716,-0.001024922399,2.431720406e-08
BAND PASS,44100,500,0.1000000015,0,1,980,-4.022381593,-4.022381622,2.863597104e-08
BAND PASS,44100,500,0.1000000015,0,1,20671.875,-47.68308201,-47.68307883,3.180799723e-06
BAND PASS,44100,500,0.6000000238,0,1,124.9291785,-19.83492286,-19.83492286,1.655997117e-09
BAND PASS,44100,500,0.6000000238,0,1,495.505618,-0.009580121346,-0.009580143256,2.19100146e-08
BAND PASS,44100,500,0.6000000238,0,1,980,-11.83760808,-11.8376081,2.126795806e-08
BAND PASS,44100,500,0.6000000238,0,1,20671.875,-57.39407334,-57.39410137,2.802655866e-05
BAND PASS,44100,500,1,0,1,124.9291785,-23.5505248,-23.55052482,1.777785119e-08
BAND PASS,44100,500,1,0,1,495.505618,-0.02264075962,-0.02264080298,4.335938525e-08
BAND PASS,44100,500,1,0,1,980,-15.41187658,-15.41187657,1.065299671e-08
BAND PASS,44100,500,1,0,1,20671.875,-61.13582943,-61.13582939,4.269808507e-08
BAND PASS,44100,1000,0,0,1,249.1525424,-6.585401679,-6.58540168,6.932341368e-10
BAND PASS,44100,1000,0,0,1,980,-0.001784296749,-0.001784255181,4.156776449e-08
BAND PASS,44100,1000,0,0,1,2037.228261,-2.063819685,-2.063819688,3.870569143e-09
BAND PASS,44100,1000,0,0,1,20671.875,-37.04292232,-37.04292609,3.769040891e-06
BAND PASS,44100,1000,0.1000000015,0,1,249.1525424,-10.5213658,-10.52136577,2.584625181e-08
BAND PASS,44100,1000,0.1000000015,0,1,980,-0.0051544585,-0.005154496869,3.836913736e-08
BAND PASS,44100,1000,0.1000000015,0,1,2037.228261,-4.406173422,-4.406173402,1.97611888e-08
BAND PASS,44100,1000,0.1000000015,0,1,20671.875,-41.65134465,-41.65134342,1.234770407e-06
BAND PASS,44100,1000,0.6000000238,0,1,249.1525424,-19.87406535,-19.87406566,3.130391439e-07
BAND PASS,44100,1000,0.6000000238,0,1,980,-0.047989976,-0.04799004814,7.213787176e-08
BAND PASS,44100,1000,0.6000000238,0,1,2037.228261,-12.41793595,-12.41793585,1.018033755e-07
BAND PASS,44100,1000,0.6000000238,0,1,20671.875,-51.36218608,-51.36216689,1.918923705e-05
BAND PASS,44100,1000,1,0,1,249.1525424,-23.58990306,-23.58990278,2.83918741e-07
BAND PASS,44100,1000,1,0,1,980,-0.1127397856,-0.1127397262,5.934734881e-08
BAND PASS,44100,1000,1,0,1,2037.228261,-16.01350782,-16.01350786,4.424887434e-08
BAND PASS,44100,1000,1,0,1,20671.875,-55.10385872,-55.10388115,2.243141988e-05
BAND PASS,44100,5000,0,0,1,1225,-7.020069357,-7.020069212,1.452831599e-07
BAND PASS,44100,5000,0,0,1,4995.703125,-3.830888762e-06,-3.812576036e-06,1.831272647e-08
BAND PASS,44100,5000,0,0,1,9991.40625,-2.765377828,-2.765377778,5.068530839e-08
BAND PASS,44100,5000,0,0,1,20671.875,-22.71085616,-22.71085636,2.04664377e-07
BAND PASS,44100,5000,0.1000000015,0,1,1225,-11.02481708,-11.02481717,8.776725746e-08
BAND PASS,44100,5000,0.1000000015,0,1,4995.703125,-1.105193012e-05,-1.101833574e-05,3.359438228e-08
BAND PASS,44100,5000,0.1000000015,0,1,9991.40625,-5.530397804,-5.530397781,2.356639395e-08
BAND PASS,44100,5000,0.1000000015,0,1,20671.875,-27.30459368,-27.30459346,2.183488901e-07
BAND PASS,44100,5000,0.6000000238,0,1,1225,-20.41821775,-20.41821798,2.316544494e-07
BAND PASS,44100,5000,0.6000000238,0,1,4995.703125,-0.0001031059036,-0.0001030908843,1.501925841e-08
BAND PASS,44100,5000,0.6000000238,0,1,9991.40625,-13.99233027,-13.99233018,9.117484634e-08
BAND PASS,44100,5000,0.6000000238,0,1,20671.875,-37.00846068,-37.00846114,4.620502354e-07
BAND PASS,44100,5000,1,0,1,1225,-24.13711162,-24.13711269,1.070456761e-06
BAND PASS,44100,5000,1,0,1,4995.703125,-0.0002439745517,-0.000243998119,2.356731707e-08
BAND PASS,44100,5000,1,0,1,9991.40625,-17.63286907,-17.63286915,8.153373798e-08
BAND PASS,44100,5000,1,0,1,20671.875,-40.74969273,-40.74969426,1.528026255e-06
BAND PASS,44100,10000,0,0,1,2450,-8.134718285,-8.134718423,1.37747884e-07
BAND PASS,44100,10000,0,0,1,9991.40625,-6.619543039e-06,-6.652936526e-06,3.339348702e-08
BAND PASS,44100,10000,0,0,1,19982.8125,-11.96887618,-11.96887607,1.096091089e-07
BAND PASS,44100,10000,0,0,1,20671.875,-15.44705914,-15.44705877,3.74492886e-07
BAND PASS,44100,10000,0.1000000015,0,1,2450,-12.28379101,-12.28379118,1.73733322e-07
BAND PASS,44100,10000,0.1000000015,0,1,9991.40625,-1.92201115e-05,-1.922695896e-05,6.847457627e-09
BAND PASS,44100,10000,0.1000000015,0,1,19982.8125,-16.39350351,-16.3935035,1.53574633e-08
BAND PASS,44100,10000,0.1000000015,0,1,20671.875,-19.97424314,-19.97424244,6.982288254e-07
BAND PASS,44100,10000,0.6000000238,0,1,2450,-21.75935466,-21.75935393,7.345066422e-07
BAND PASS,44100,10000,0.6000000238,0,1,9991.40625,-0.0001799290865,-0.0001798918272,3.72592317e-08
BAND PASS,44100,10000,0.6000000238,0,1,19982.8125,-26.01467727,-26.01467711,1.534517624e-07
BAND PASS,44100,10000,0.6000000238,0,1,20671.875,-29.64613705,-29.64613629,7.599070315e-07
BAND PASS,44100,10000,1,0,1,2450,-25.48432639,-25.48432789,1.493319107e-06
BAND PASS,44100,10000,1,0,1,9991.40625,-0.0004257183132,-0.0004257673927,4.907949615e-08
BAND PASS,44100,10000,1,0,1,19982.8125,-29.75012688,-29.75012648,3.982217125e-07
BAND PASS,44100,10000,1,0,1,20671.875,-33.38514853,-33.38514706,1.475387156e-06
BAND PASS,44100,20000,0,0,1,4995.703125,-18.61110865,-18.61110868,2.465236415e-08
BAND PASS,44100,20000,0,0,1,19982.8125,-0.01864483107,-0.01864478841,4.265890066e-08
BAND PASS,44100,20000,0,0,1,20671.875,-0.9453199296,-0.9453199531,2.348911299e-08
BAND PASS,44100,20000,0,0,1,20671.875,-0.9453199296,-0.9453199531,2.348911299e-08
BAND PASS,44100,20000,0.1000000015,0,1,4995.703125,-23.18080442,-23.18080457,1.511800614e-07
BAND PASS,44100,20000,0.1000000015,0,1,19982.8125,-0.05366636183,-0.05366631818,4.365245971e-08
BAND PASS,44100,20000,0.1000000015,0,1,20671.875,-2.311568869,-2.311568835,3.438190299e-08
BAND PASS,44100,20000,0.1000000015,0,1,20671.875,-2.311568869,-2.311568835,3.438190299e-08
BAND PASS,44100,20000,0.6000000238,0,1,4995.703125,-32.87320585,-32.87320587,1.437543951e-08
BAND PASS,44100,20000,0.6000000238,0,1,19982.8125,-0.4779475005,-0.47794754,3.940188875e-08
BAND PASS,44100,20000,0.6000000238,0,1,20671.875,-8.794073825,-8.79407365,1.751442582e-07
BAND PASS,44100,20000,0.6000000238,0,1,20671.875,-8.794073825,-8.79407365,1.751442582e-07
BAND PASS,44100,20000,1,0,1,4995.703125,-36.61364335,-36.61364402,6.688331249e-07
BAND PASS,44100,20000,1,0,1,19982.8125,-1.056295195,-1.056295191,4.016866728e-09
BAND PASS,44100,20000,1,0,1,20671.875,-12.19142952,-12.19142936,1.612786145e-07
BAND PASS,44100,20000,1,0,1,20671.875,-12.19142952,-12.19142936,1.612786145e-07
BAND PASS,44100,1000,0.1000000015,0,0,249.1525424,0,0,0
BAND PASS,44100,1000,0.1000000015,0,0,980,0,0,0
BAND PASS,44100,1000,0.1000000015,0,0,2037.228261,0,0,0
BAND PASS,44100,1000,0.1000000015,0,0,20671.875,0,0,0
BAND PASS,44100,1000,0.1000000015,0,0.349999994,249.1525424,-3.244808836,-3.244808854,1.755254841e-08
BAND PASS,44100,1000,0.1000000015,0,0.349999994,980,-0.002975931776,-0.002975975516,4.373973551e-08
BAND PASS,44100,1000,0.1000000015,0,0.349999994,2037.228261,-1.993655688,-1.993655684,3.30892963e-09
BAND PASS,44100,1000,0.1000000015,0,0.349999994,20671.875,-3.741326931,-3.741326947,1.680063488e-08
BAND PASS,44100,1000,0.1000000015,0,1,249.1525424,-10.5213658,-10.52136577,2.584625181e-08
BAND PASS,44100,1000,0.1000000015,0,1,980,-0.0051544585,-0.005154496869,3.836913736e-08
BAND PASS,44100,1000,0.1000000015,0,1,2037.228261,-4.406173422,-4.406173402,1.97611888e-08
BAND PASS,44100,1000,0.1000000015,0,1,20671.875,-41.65134465,-41.65134342,1.234770407e-06
BAND PASS,48000,20,0,0,1,5,-6.547182796,-6.547182792,4.125991326e-09
BAND PASS,48000,20,0,0,1,20,1.129686482e-08,0,1.129686482e-08
BAND PASS,48000,20,0,0,1,40,-1.938209161,-1.93820919,2.950502881e-08
BAND PASS,48000,20,0,0,1,22500,-71.77266331,-71.77265614,7.167315164e-06
BAND PASS,48000,20,0.1000000015,0,1,5,-10.47670762,-10.4767076,1.874127564e-08
BAND PASS,48000,20,0.1000000015,0,1,20,7.769316383e-09,0,7.769316383e-09
BAND PASS,48000,20,0.1000000015,0,1,40,-4.192342367,-4.19234238,1.273670314e-08
BAND PASS,48000,20,0.1000000015,0,1,22500,-76.38145205,-76.38163443,0.0001823840306
BAND PASS,48000,20,0.6000000238,0,1,5,-19.82554438,-19.82554434,4.025667932e-08
BAND PASS,48000,20,0.6000000238,0,1,20,9.068161332e-09,0,9.068161332e-09
BAND PASS,48000,20,0.6000000238,0,1,40,-12.09785366,-12.09785368,2.357083195e-08
BAND PASS,48000,20,0.6000000238,0,1,22500,-86.0918644,-86.09272301,0.0008586139093
BAND PASS,48000,20,1,0,1,5,-23.54108964,-23.54108964,3.910619384e-09
BAND PASS,48000,20,1,0,1,20,1.032684397e-08,0,1.032684397e-08
BAND PASS,48000,20,1,0,1,40,-15.68204136,-15.68204138,1.638235014e-08
BAND PASS,48000,20,1,0,1,22500,-89.8371174,-89.8344556,0.002661807655
BAND PASS,48000,100,0,0,1,25,-6.547281465,-6.547281472,6.538436681e-09
BAND PASS,48000,100,0,0,1,100,3.055130586e-08,-2.8929824e-15,3.055130876e-08
BAND PASS,48000,100,0,0,1,200,-1.938423377,-1.938423394,1.732122362e-08
BAND PASS,48000,100,0,0,1,22500,-57.79313695,-57.79314024,3.285190981e-06
BAND PASS,48000,100,0.1000000015,0,1,25,-10.476823,-10.47682299,7.162761939e-09
BAND PASS,48000,100,0.1000000015,0,1,100,2.230257024e-08,-7.714619732e-15,2.230257796e-08
BAND PASS,48000,100,0.1000000015,0,1,200,-4.192710769,-4.192710767,2.418723111e-09
BAND PASS,48000,100,0.1000000015,0,1,22500,-62.40211168,-62.402114,2.317819508e-06
BAND PASS,48000,100,0.6000000238,0,1,25,-19.82566974,-19.82566977,2.840452673e-08
BAND PASS,48000,100,0.6000000238,0,1,100,-3.405543284e-08,-7.136023252e-14,3.405536148e-08
BAND PASS,48000,100,0.6000000238,0,1,200,-12.09841206,-12.09841197,8.945234509e-08
BAND PASS,48000,100,0.6000000238,0,1,22500,-72.11334788,-72.11320044,0.0001474457313
BAND PASS,48000,100,1,0,1,25,-23.54121582,-23.54121583,5.851885199e-09
BAND PASS,48000,100,1,0,1,100,-8.640827335e-10,-1.677929792e-13,8.639149405e-10
BAND PASS,48000,100,1,0,1,200,-15.68262039,-15.68262028,1.091239237e-07
BAND PASS,48000,100,1,0,1,22500,-75.85495814,-75.85493287,2.526315913e-05
BAND PASS,48000,500,0,0,1,125,-6.549744542,-6.549744527,1.574703168e-08
BAND PASS,48000,500,0,0,1,500,2.939743019e-08,-2.8929824e-15,2.939743309e-08
BAND PASS,48000,500,0,0,1,1000,-1.943791437,-1.943791447,1.013467232e-08
BAND PASS,48000,500,0,0,1,22500,-43.81084442,-43.81084946,5.036479049e-06
BAND PASS,48000,500,0.1000000015,0,1,125,-10.47970302,-10.47970302,6.043001655e-10
BAND PASS,48000,500,0.1000000015,0,1,500,1.773026365e-08,-7.714619732e-15,1.773027136e-08
BAND PASS,48000,500,0.1000000015,0,1,1000,-4.201938509,-4.201938455,5.446171103e-08
BAND PASS,48000,500,0.1000000015,0,1,22500,-48.41970173,-48.41970983,8.105449108e-06
BAND PASS,48000,500,0.6000000238,0,1,125,-19.82880031,-19.82880023,7.774670019e-08
BAND PASS,48000,500,0.6000000238,0,1,500,1.34724628e-08,-7.136023252e-14,1.347253416e-08
BAND PASS,48000,500,0.6000000238,0,1,1000,-12.11238831,-12.11238833,1.195942012e-08
BAND PASS,48000,500,0.6000000238,0,1,22500,-58.13070056,-58.13074269,4.21346653e-05
BAND PASS,48000,500,1,0,1,125,-23.54436521,-23.54436522,3.784550451e-09
BAND PASS,48000,500,1,0,1,500,6.075399972e-09,-1.677929792e-13,6.075567765e-09
BAND PASS,48000,500,1,0,1,1000,-15.69711184,-15.69711203,1.902339224e-07
BAND PASS,48000,500,1,0,1,22500,-61.87245709,-61.87247142,1.433244468e-05
BAND PASS,48000,1000,0,0,1,250,-6.557450881,-6.557450836,4.489429228e-08
BAND PASS,48000,1000,0,0,1,1000,5.737831339e-08,-9.643274666e-16,5.737831436e-08
BAND PASS,48000,1000,0,0,1,2000,-1.96068839,-1.960688336,5.397819036e-08
BAND PASS,48000,1000,0,0,1,22500,-37.78121308,-37.78120781,5.270814413e-06
BAND PASS,48000,1000,0.1000000015,0,1,250,-10.48871208,-10.48871216,8.042028554e-08
BAND PASS,48000,1000,0.1000000015,0,1,1000,5.039763562e-08,0,5.039763562e-08
BAND PASS,48000,1000,0.1000000015,0,1,2000,-4.230930837,-4.230930881,4.443259582e-08
BAND PASS,48000,1000,0.1000000015,0,1,22500,-42.38972266,-42.38971287,9.791146274e-06
BAND PASS,48000,1000,0.6000000238,0,1,250,-19.83859183,-19.8385916,2.294407002e-07
BAND PASS,48000,1000,0.6000000238,0,1,1000,-9.476189265e-08,-9.643274666e-15,9.476188301e-08
BAND PASS,48000,1000,0.6000000238,0,1,2000,-12.15620157,-12.15620167,9.705878279e-08
BAND PASS,48000,1000,0.6000000238,0,1,22500,-52.10059358,-52.1005778,1.578005611e-05
BAND PASS,48000,1000,1,0,1,250,-23.55421553,-23.55421569,1.608900959e-07
BAND PASS,48000,1000,1,0,1,1000,-7.145973695e-08,-2.217953173e-14,7.145971477e-08
BAND PASS,48000,1000,1,0,1,2000,-15.74252981,-15.74252991,9.675908075e-08
BAND PASS,48000,1000,1,0,1,22500,-55.84229561,-55.84229493,6.863461781e-07
BAND PASS,48000,5000,0,0,1,1230.769231,-6.932366306,-6.932366388,8.163674048e-08
BAND PASS,48000,5000,0,0,1,5062.5,-0.000776109014,-0.0007760925515,1.646250024e-08
BAND PASS,48000,5000,0,0,1,9937.5,-2.566495,-2.566494987,1.277727801e-08
BAND PASS,48000,5000,0,0,1,22500,-23.50551229,-23.50551183,4.658398876e-07
BAND PASS,48000,5000,0.1000000015,0,1,1230.769231,-10.92386958,-10.92386946,1.205227478e-07
BAND PASS,48000,5000,0.1000000015,0,1,5062.5,-0.002242560339,-0.002242528842,3.149717399e-08
BAND PASS,48000,5000,0.1000000015,0,1,9937.5,-5.222511601,-5.222511577,2.382212916e-08
BAND PASS,48000,5000,0.1000000015,0,1,22500,-28.10180282,-28.10180119,1.633508134e-06
BAND PASS,48000,5000,0.6000000238,0,1,1230.769231,-20.30951274,-20.30951246,2.809950255e-07
BAND PASS,48000,5000,0.6000000238,0,1,5062.5,-0.02093689508,-0.02093687073,2.435432753e-08
BAND PASS,48000,5000,0.6000000238,0,1,9937.5,-13.57678908,-13.57678918,9.444755333e-08
BAND PASS,48000,5000,0.6000000238,0,1,22500,-37.80687727,-37.80688068,3.414851532e-06
BAND PASS,48000,5000,1,0,1,1230.769231,-24.02782684,-24.02782675,9.304512805e-08
BAND PASS,48000,5000,1,0,1,5062.5,-0.04939244815,-0.04939242315,2.500393942e-08
BAND PASS,48000,5000,1,0,1,9937.5,-17.20703585,-17.20703592,7.449603245e-08
BAND PASS,48000,5000,1,0,1,22500,-41.54819804,-41.54819768,3.636637906e-07
BAND PASS,48000,10000,0,0,1,2550,-7.557747307,-7.557747286,2.052649117e-08
BAND PASS,48000,10000,0,0,1,9937.5,-0.0003122441474,-0.0003122426707,1.476760523e-09
BAND PASS,48000,10000,0,0,1,20062.5,-8.210084801,-8.210084783,1.806506722e-08
BAND PASS,48000,10000,0,0,1,22500,-16.46129332,-16.46129321,1.052076373e-07
BAND PASS,48000,10000,0.1000000015,0,1,2550,-11.63733772,-11.63733775,3.764562129e-08
BAND PASS,48000,10000,0.1000000015,0,1,9937.5,-0.0009023153286,-0.0009023200266,4.697939253e-09
BAND PASS,48000,10000,0.1000000015,0,1,20062.5,-12.36749595,-12.3674959,5.326646102e-08
BAND PASS,48000,10000,0.1000000015,0,1,22500,-21.00563947,-21.00563985,3.831478734e-07
BAND PASS,48000,10000,0.6000000238,0,1,2550,-21.07388,-21.07387987,1.311150788e-07
BAND PASS,48000,10000,0.6000000238,0,1,9937.5,-0.008435183306,-0.008435148925,3.438102918e-08
BAND PASS,48000,10000,0.6000000238,0,1,20062.5,-21.84767613,-21.84767633,2.013213205e-07
BAND PASS,48000,10000,0.6000000238,0,1,22500,-30.68584706,-30.68584876,1.701236049e-06
BAND PASS,48000,10000,1,0,1,2550,-24.79598188,-24.79598204,1.582918703e-07
BAND PASS,48000,10000,1,0,1,9937.5,-0.01993842024,-0.01993841068,9.553743365e-09
BAND PASS,48000,10000,1,0,1,20062.5,-25.57298795,-25.5729883,3.584427333e-07
BAND PASS,48000,10000,1,0,1,22500,-34.425438,-34.42543916,1.157800517e-06
BAND PASS,48000,20000,0,0,1,5062.5,-14.76010585,-14.76010597,1.191237122e-07
BAND PASS,48000,20000,0,0,1,20062.5,-0.001179404019,-0.001179403658,3.610054651e-10
BAND PASS,48000,20000,0,0,1,22500,-3.773251812,-3.773251742,7.054325113e-08
BAND PASS,48000,20000,0,0,1,22500,-3.773251812,-3.773251742,7.054325113e-08
BAND PASS,48000,20000,0.1000000015,0,1,5062.5,-19.2731164,-19.27311627,1.352608292e-07
BAND PASS,48000,20000,0.1000000015,0,1,20062.5,-0.003407558203,-0.00340760227,4.406717417e-08
BAND PASS,48000,20000,0.1000000015,0,1,22500,-6.989752325,-6.989752381,5.639735923e-08
BAND PASS,48000,20000,0.1000000015,0,1,22500,-6.989752325,-6.989752381,5.639735923e-08
BAND PASS,48000,20000,0.6000000238,0,1,5062.5,-28.93810608,-28.93810652,4.360936225e-07
BAND PASS,48000,20000,0.6000000238,0,1,20062.5,-0.03177885951,-0.03177885501,4.506240075e-09
BAND PASS,48000,20000,0.6000000238,0,1,22500,-15.84627095,-15.84627114,1.890996661e-07
BAND PASS,48000,20000,0.6000000238,0,1,22500,-15.84627095,-15.84627114,1.890996661e-07
BAND PASS,48000,20000,1,0,1,5062.5,-32.67663497,-32.67663516,1.903466043e-07
BAND PASS,48000,20000,1,0,1,20062.5,-0.07484346024,-0.07484346208,1.844610477e-09
BAND PASS,48000,20000,1,0,1,22500,-19.52223917,-19.52223897,2.0192258e-07
BAND PASS,48000,20000,1,0,1,22500,-19.52223917,-19.52223897,2.0192258e-07
BAND PASS,48000,1000,0.1000000015,0,0,250,0,0,0
BAND PASS,48000,1000,0.1000000015,0,0,1000,0,0,0
BAND PASS,48000,1000,0.1000000015,0,0,2000,0,0,0
BAND PASS,48000,1000,0.1000000015,0,0,22500,0,0,0
BAND PASS,48000,1000,0.1000000015,0,0.349999994,250,-3.241266525,-3.241266564,3.914272428e-08
BAND PASS,48000,1000,0.1000000015,0,0.349999994,1000,-1.0998743e-09,0,1.0998743e-09
BAND PASS,48000,1000,0.1000000015,0,0.349999994,2000,-1.934800535,-1.934800435,1.003953177e-07
BAND PASS,48000,1000,0.1000000015,0,0.349999994,22500,-3.741390333,-3.741390397,6.454782486e-08
BAND PASS,48000,1000,0.1000000015,0,1,250,-10.48871208,-10.48871216,8.042028554e-08
BAND PASS,48000,1000,0.1000000015,0,1,1000,5.039763562e-08,0,5.039763562e-08
BAND PASS,48000,1000,0.1000000015,0,1,2000,-4.230930837,-4.230930881,4.443259582e-08
BAND PASS,48000,1000,0.1000000015,0,1,22500,-42.38972266,-42.38971287,9.791146274e-06
BAND PASS,96000,20,0,0,1,5,-6.547179708,-6.547179714,5.235035294e-09
BAND PASS,96000,20,0,0,1,20,3.093392791e-09,0,3.093392791e-09
BAND PASS,96000,20,0,0,1,40,-1.938202496,-1.938202493,3.015456496e-09
BAND PASS,96000,20,0,0,1,45000,-77.7933374,-77.79325967,7.773835927e-05
BAND PASS,96000,20,0.1000000015,0,1,5,-10.476704,-10.476704,1.658297943e-09
BAND PASS,96000,20,0.1000000015,0,1,20,1.826204783e-09,0,1.826204783e-09
BAND PASS,96000,20,0.1000000015,0,1,40,-4.19233086,-4.192330861,1.457506671e-09
BAND PASS,96000,20,0.1000000015,0,1,45000,-82.40243016,-82.4022381,0.0001920659934
BAND PASS,96000,20,0.6000000238,0,1,5,-19.82554043,-19.82554043,1.518321469e-09
BAND PASS,96000,20,0.6000000238,0,1,20,3.855948235e-09,0,3.855948235e-09
BAND PASS,96000,20,0.6000000238,0,1,40,-12.09783621,-12.09783623,2.045926584e-08
BAND PASS,96000,20,0.6000000238,0,1,45000,-92.11221126,-92.11332675,0.00111548493
BAND PASS,96000,20,1,0,1,5,-23.54108577,-23.5410857,6.720012991e-08
BAND PASS,96000,20,1,0,1,20,3.59985179e-09,0,3.59985179e-09
BAND PASS,96000,20,1,0,1,40,-15.68202327,-15.68202327,5.945155035e-09
BAND PASS,96000,20,1,0,1,45000,-95.85487485,-95.85505933,0.0001844885653
BAND PASS,96000,100,0,0,1,25,-6.547204376,-6.547204383,7.562194648e-09
BAND PASS,96000,100,0,0,1,100,8.404893044e-09,0,8.404893044e-09
BAND PASS,96000,100,0,0,1,200,-1.938256001,-1.938256041,3.976827156e-08
BAND PASS,96000,100,0,0,1,45000,-63.81382611,-63.81383063,4.516459498e-06
BAND PASS,96000,100,0.1000000015,0,1,25,-10.47673283,-10.47673285,1.710086828e-08
BAND PASS,96000,100,0.1000000015,0,1,100,7.087180063e-09,-9.643274666e-16,7.087181028e-09
BAND PASS,96000,100,0.1000000015,0,1,200,-4.192422969,-4.192422954,1.520649817e-08
BAND PASS,96000,100,0.1000000015,0,1,45000,-68.42274184,-68.42280793,6.608237344e-05
BAND PASS,96000,100,0.6000000238,0,1,25,-19.82557178,-19.82557179,3.464518894e-09
BAND PASS,96000,100,0.6000000238,0,1,100,1.699205361e-08,-3.857309866e-15,1.699205747e-08
BAND PASS,96000,100,0.6000000238,0,1,200,-12.09797573,-12.0979758,6.597613877e-08
BAND PASS,96000,100,0.6000000238,0,1,45000,-78.13372435,-78.13389604,0.0001716932463
BAND PASS,96000,100,1,0,1,25,-23.5411172,-23.54111725,4.845200952e-08
BAND PASS,96000,100,1,0,1,100,-1.45324699e-08,-1.060760213e-14,1.453245929e-08
BAND PASS,96000,100,1,0,1,200,-15.68216801,-15.682168,1.449228959e-08
BAND PASS,96000,100,1,0,1,45000,-81.87512827,-81.87562859,0.0005003224324
BAND PASS,96000,500,0,0,1,125,-6.547819989,-6.547819999,1.019696283e-08
BAND PASS,96000,500,0,0,1,500,4.198308584e-08,0,4.198308584e-08
BAND PASS,96000,500,0,0,1,1000,-1.939596149,-1.939596148,7.397338297e-10
BAND PASS,96000,500,0,0,1,45000,-49.8336906,-49.833708,1.739871387e-05
BAND PASS,96000,500,0.1000000015,0,1,125,-10.47745278,-10.47745271,6.743797254e-08
BAND PASS,96000,500,0.1000000015,0,1,500,3.919419297e-08,-9.643274666e-16,3.919419393e-08
BAND PASS,96000,500,0.1000000015,0,1,1000,-4.194727474,-4.194727432,4.202501769e-08
BAND PASS,96000,500,0.1000000015,0,1,45000,-54.44265748,-54.44265697,5.078826888e-07
BAND PASS,96000,500,0.6000000238,0,1,125,-19.82635417,-19.82635426,8.985386568e-08
BAND PASS,96000,500,0.6000000238,0,1,500,4.838628962e-08,-3.857309866e-15,4.838629348e-08
BAND PASS,96000,500,0.6000000238,0,1,1000,-12.10146782,-12.10146774,8.551361752e-08
BAND PASS,96000,500,0.6000000238,0,1,45000,-64.15380332,-64.15373169,7.162293218e-05
BAND PASS,96000,500,1,0,1,125,-23.54190438,-23.54190446,8.247164995e-08
BAND PASS,96000,500,1,0,1,500,1.110235419e-08,-1.060760213e-14,1.11023648e-08
BAND PASS,96000,500,1,0,1,1000,-15.68578888,-15.68578888,5.32375255e-09
BAND PASS,96000,500,1,0,1,45000,-67.89551134,-67.89546332,4.801717767e-05
BAND PASS,96000,1000,0,0,1,250,-6.549744331,-6.549744355,2.374226704e-08
BAND PASS,96000,1000,0,0,1,1000,2.951111861e-08,0,2.951111861e-08
BAND PASS,96000,1000,0,0,1,2000,-1.943791536,-1.943791564,2.820681128e-08
BAND PASS,96000,1000,0,0,1,45000,-43.81084442,-43.81084965,5.230695908e-06
BAND PASS,96000,1000,0.1000000015,0,1,250,-10.47970288,-10.47970282,5.945678661e-08
BAND PASS,96000,1000,0.1000000015,0,1,1000,2.951111861e-08,0,2.951111861e-08
BAND PASS,96000,1000,0.1000000015,0,1,2000,-4.201938585,-4.201938655,6.990916324e-08
BAND PASS,96000,1000,0.1000000015,0,1,45000,-48.419705,-48.41971003,5.029141729e-06
BAND PASS,96000,1000,0.6000000238,0,1,250,-19.8288,-19.82880002,1.32690694e-08
BAND PASS,96000,1000,0.6000000238,0,1,1000,4.782789966e-08,-1.928654933e-15,4.782790159e-08
BAND PASS,96000,1000,0.6000000238,0,1,2000,-12.1123887,-12.11238863,6.783349438e-08
BAND PASS,96000,1000,0.6000000238,0,1,45000,-58.13070056,-58.13074289,4.232888994e-05
BAND PASS,96000,1000,1,0,1,250,-23.54436496,-23.544365,3.555467831e-08
BAND PASS,96000,1000,1,0,1,1000,3.262208916e-08,-1.928654933e-15,3.262209108e-08
BAND PASS,96000,1000,1,0,1,2000,-15.69711212,-15.69711234,2.250340829e-07
BAND PASS,96000,1000,1,0,1,45000,-61.87245709,-61.87247162,1.452666949e-05
BAND PASS,96000,5000,0,0,1,1246.753247,-6.631799871,-6.631799902,3.115781988e-08
BAND PASS,96000,5000,0,0,1,5100,-0.001766338637,-0.001766333466,5.171339521e-09
BAND PASS,96000,5000,0,0,1,10125,-2.15649491,-2.156494919,9.24243565e-09
BAND PASS,96000,5000,0,0,1,45000,-29.75875437,-29.75875336,1.014142504e-06
BAND PASS,96000,5000,0.1000000015,0,1,1246.753247,-10.57549307,-10.57549297,9.675434764e-08
BAND PASS,96000,5000,0.1000000015,0,1,5100,-0.00510271551,-0.005102743088,2.757793399e-08
BAND PASS,96000,5000,0.1000000015,0,1,10125,-4.561230629,-4.561230703,7.457260065e-08
BAND PASS,96000,5000,0.1000000015,0,1,45000,-34.36473009,-34.36472837,1.71218751e-06
BAND PASS,96000,5000,0.6000000238,0,1,1246.753247,-19.93281755,-19.93281767,1.254696045e-07
BAND PASS,96000,5000,0.6000000238,0,1,5100,-0.0475105352,-0.04751054795,1.274254492e-08
BAND PASS,96000,5000,0.6000000238,0,1,10125,-12.64533123,-12.6453311,1.287811369e-07
BAND PASS,96000,5000,0.6000000238,0,1,45000,-44.07439119,-44.07439703,5.833847293e-06
BAND PASS,96000,5000,1,0,1,1246.753247,-23.64900381,-23.64900377,3.327307141e-08
BAND PASS,96000,5000,1,0,1,5100,-0.1116215295,-0.1116215274,2.106049005e-09
BAND PASS,96000,5000,1,0,1,10125,-16.2484796,-16.24847942,1.852888123e-07
BAND PASS,96000,5000,1,0,1,45000,-47.81603881,-47.81603146,7.344299709e-06
BAND PASS,96000,10000,0,0,1,2461.538462,-6.93236627,-6.932366337,6.729312618e-08
BAND PASS,96000,10000,0,0,1,10125,-0.0007761280917,-0.0007760933108,3.478090751e-08
BAND PASS,96000,10000,0,0,1,19875,-2.566495007,-2.566495025,1.804816518e-08
BAND PASS,96000,10000,0,0,1,45000,-23.50551248,-23.50551188,5.968190306e-07
BAND PASS,96000,10000,0.1000000015,0,1,2461.538462,-10.92386958,-10.9238694,1.789924142e-07
BAND PASS,96000,10000,0.1000000015,0,1,10125,-0.002242569002,-0.002242531035,3.796624598e-08
BAND PASS,96000,10000,0.1000000015,0,1,19875,-5.222511659,-5.222511636,2.258006115e-08
BAND PASS,96000,10000,0.1000000015,0,1,45000,-28.10180282,-28.10180125,1.576667455e-06
BAND PASS,96000,10000,0.6000000238,0,1,2461.538462,-20.30951274,-20.3095124,3.440145502e-07
BAND PASS,96000,10000,0.6000000238,0,1,10125,-0.02093685804,-0.02093689117,3.312167518e-08
BAND PASS,96000,10000,0.6000000238,0,1,19875,-13.57678917,-13.57678926,8.824488296e-08
BAND PASS,96000,10000,0.6000000238,0,1,45000,-37.80687739,-37.80688074,3.349040452e-06
BAND PASS,96000,10000,1,0,1,2461.538462,-24.02782684,-24.02782669,1.564053775e-07
BAND PASS,96000,10000,1,0,1,10125,-0.04939249444,-0.0493924712,2.324048126e-08
BAND PASS,96000,10000,1,0,1,19875,-17.20703595,-17.207036,5.351112753e-08
BAND PASS,96000,10000,1,0,1,45000,-41.54819804,-41.54819773,3.067389649e-07
BAND PASS,96000,20000,0,0,1,5100,-7.557747238,-7.557747226,1.258655313e-08
BAND PASS,96000,20000,0,0,1,19875,-0.0003122626321,-0.0003122421038,2.052827356e-08
BAND PASS,96000,20000,0,0,1,40125,-8.210084837,-8.210084844,7.215744668e-09
BAND PASS,96000,20000,0,0,1,45000,-16.46129332,-16.46129328,3.911331348e-08
BAND PASS,96000,20000,0.1000000015,0,1,5100,-11.63733766,-11.63733768,2.002773325e-08
BAND PASS,96000,20000,0.1000000015,0,1,19875,-0.0009023214097,-0.0009023183886,3.021089865e-09
BAND PASS,96000,20000,0.1000000015,0,1,40125,-12.367496,-12.36749597,2.794471587e-08
BAND PASS,96000,20000,0.1000000015,0,1,45000,-21.00563947,-21.00563992,4.502331654e-07
BAND PASS,96000,20000,0.6000000238,0,1,5100,-21.07387997,-21.07387979,1.756043533e-07
BAND PASS,96000,20000,0.6000000238,0,1,19875,-0.00843514913,-0.008435133626,1.550423719e-08
BAND PASS,96000,20000,0.6000000238,0,1,40125,-21.84767632,-21.8476764,7.838883409e-08
BAND PASS,96000,20000,0.6000000238,0,1,45000,-30.68584706,-30.68584883,1.768800034e-06
BAND PASS,96000,20000,1,0,1,5100,-24.79598186,-24.79598197,1.066629141e-07
BAND PASS,96000,20000,1,0,1,19875,-0.01993835925,-0.01993837457,1.531958964e-08
BAND PASS,96000,20000,1,0,1,40125,-25.57298813,-25.57298838,2.446055705e-07
BAND PASS,96000,20000,1,0,1,45000,-34.425438,-34.42543923,1.225397826e-06
BAND PASS,96000,1000,0.1000000015,0,0,250,0,0,0
BAND PASS,96000,1000,0.1000000015,0,0,1000,0,0,0
BAND PASS,96000,1000,0.1000000015,0,0,2000,0,0,0
BAND PASS,96000,1000,0.1000000015,0,0,45000,0,0,0
BAND PASS,96000,1000,0.1000000015,0,0.349999994,250,-3.240285005,-3.240285038,3.274443727e-08
BAND PASS,96000,1000,0.1000000015,0,0.349999994,1000,0,0,0
BAND PASS,96000,1000,0.1000000015,0,0.349999994,2000,-1.924910904,-1.924910889,1.481654949e-08
BAND PASS,96000,1000,0.1000000015,0,0.349999994,45000,-3.741647368,-3.741647372,4.63120986e-09
BAND PASS,96000,1000,0.1000000015,0,1,250,-10.47970288,-10.47970282,5.945678661e-08
BAND PASS,96000,1000,0.1000000015,0,1,1000,2.951111861e-08,0,2.951111861e-08
BAND PASS,96000,1000,0.1000000015,0,1,2000,-4.201938585,-4.201938655,6.990916324e-08
BAND PASS,96000,1000,0.1000000015,0,1,45000,-48.419705,-48.41971003,5.029141729e-06
BAND PASS,192000,20,0,0,1,5,-6.547178951,-6.547178944,6.635431982e-09
BAND PASS,192000,20,0,0,1,20,8.872561006e-09,0,8.872561006e-09
BAND PASS,192000,20,0,0,1,40,-1.938200821,-1.938200818,2.701557367e-09
BAND PASS,192000,20,0,0,1,90000,-83.81269268,-83.81386048,0.001167804009
BAND PASS,192000,20,0.1000000015,0,1,5,-10.47670309,-10.4767031,4.588887936e-09
BAND PASS,192000,20,0.1000000015,0,1,20,8.727059421e-09,0,8.727059421e-09
BAND PASS,192000,20,0.1000000015,0,1,40,-4.192327976,-4.192327982,6.102521377e-09
BAND PASS,192000,20,0.1000000015,0,1,90000,-88.42260768,-88.42283895,0.0002312708058
BAND PASS,192000,20,0.6000000238,0,1,5,-19.82553944,-19.82553945,1.231762203e-08
BAND PASS,192000,20,0.6000000238,0,1,20,9.608975461e-09,0,9.608975461e-09
BAND PASS,192000,20,0.6000000238,0,1,40,-12.09783187,-12.09783186,1.117457238e-09
BAND PASS,192000,20,0.6000000238,0,1,90000,-98.13720302,-98.13392762,0.003275402474
BAND PASS,192000,20,1,0,1,5,-23.54108472,-23.54108472,1.67007741e-10
BAND PASS,192000,20,1,0,1,20,9.943988608e-09,0,9.943988608e-09
BAND PASS,192000,20,1,0,1,40,-15.68201873,-15.68201875,2.132033128e-08
BAND PASS,192000,20,1,0,1,90000,-101.8770134,-101.8756602,0.001353146758
BAND PASS,192000,100,0,0,1,25,-6.547185114,-6.547185112,2.09144746e-09
BAND PASS,192000,100,0,0,1,100,8.437309876e-09,0,8.437309876e-09
BAND PASS,192000,100,0,0,1,200,-1.938214216,-1.938214205,1.133167254e-08
BAND PASS,192000,100,0,0,1,90000,-69.83445018,-69.83445316,2.974806664e-06
BAND PASS,192000,100,0.1000000015,0,1,25,-10.47671032,-10.47671031,1.327671528e-08
BAND PASS,192000,100,0.1000000015,0,1,100,8.54064335e-09,0,8.54064335e-09
BAND PASS,192000,100,0.1000000015,0,1,200,-4.192351,-4.192351005,5.017145366e-09
BAND PASS,192000,100,0.1000000015,0,1,90000,-74.44322285,-74.44343134,0.0002084892589
BAND PASS,192000,100,0.6000000238,0,1,25,-19.82554728,-19.82554729,6.574952138e-09
BAND PASS,192000,100,0.6000000238,0,1,100,8.807370541e-09,0,8.807370541e-09
BAND PASS,192000,100,0.6000000238,0,1,200,-12.09786672,-12.09786676,3.754213251e-08
BAND PASS,192000,100,0.6000000238,0,1,90000,-84.15351158,-84.15451987,0.001008290574
BAND PASS,192000,100,1,0,1,25,-23.54109261,-23.54109261,7.612982245e-09
BAND PASS,192000,100,1,0,1,100,8.023599892e-09,-9.643274666e-16,8.023600857e-09
BAND PASS,192000,100,1,0,1,200,-15.68205488,-15.68205493,4.754897187e-08
BAND PASS,192000,100,1,0,1,90000,-87.89698258,-87.89625245,0.0007301269404
BAND PASS,192000,500,0,0,1,125,-6.547339004,-6.547339006,2.095600804e-09
BAND PASS,192000,500,0,0,1,500,2.723274266e-09,0,2.723274266e-09
BAND PASS,192000,500,0,0,1,1000,-1.938549121,-1.938549113,8.269117058e-09
BAND PASS,192000,500,0,0,1,90000,-55.8548552,-55.85487244,1.723987515e-05
BAND PASS,192000,500,0.1000000015,0,1,125,-10.47689026,-10.47689027,1.018279416e-08
BAND PASS,192000,500,0.1000000015,0,1,500,2.671954687e-09,0,2.671954687e-09
BAND PASS,192000,500,0.1000000015,0,1,1000,-4.192926949,-4.192926972,2.240755281e-08
BAND PASS,192000,500,0.1000000015,0,1,90000,-60.46389719,-60.46384355,5.364716729e-05
BAND PASS,192000,500,0.6000000238,0,1,125,-19.82574292,-19.8257429,2.076299932e-08
BAND PASS,192000,500,0.6000000238,0,1,500,8.807202748e-09,0,8.807202748e-09
BAND PASS,192000,500,0.6000000238,0,1,1000,-12.09873963,-12.09873961,2.02849435e-08
BAND PASS,192000,500,0.6000000238,0,1,90000,-70.17483678,-70.17492873,9.194743447e-05
BAND PASS,192000,500,1,0,1,125,-23.54128941,-23.5412894,6.831010424e-09
BAND PASS,192000,500,1,0,1,500,1.784963388e-08,-9.643274666e-16,1.784963485e-08
BAND PASS,192000,500,1,0,1,1000,-15.68296014,-15.68296002,1.21428176e-07
BAND PASS,192000,500,1,0,1,90000,-73.91672975,-73.91666108,6.866822026e-05
BAND PASS,192000,1000,0,0,1,250,-6.547819959,-6.547819957,2.578402158e-09
BAND PASS,192000,1000,0,0,1,1000,2.61787462e-08,0,2.61787462e-08
BAND PASS,192000,1000,0,0,1,2000,-1.939596141,-1.939596177,3.594157982e-08
BAND PASS,192000,1000,0,0,1,90000,-49.8336906,-49.83370805,1.744722969e-05
BAND PASS,192000,1000,0.1000000015,0,1,250,-10.4774527,-10.47745266,4.469760917e-08
BAND PASS,192000,1000,0.1000000015,0,1,1000,4.10416303e-08,0,4.10416303e-08
BAND PASS,192000,1000,0.1000000015,0,1,2000,-4.194727474,-4.194727482,8.041347699e-09
BAND PASS,192000,1000,0.1000000015,0,1,90000,-54.44265748,-54.44265702,4.593665626e-07
BAND PASS,192000,1000,0.6000000238,0,1,250,-19.82635413,-19.82635421,8.219880954e-08
BAND PASS,192000,1000,0.6000000238,0,1,1000,2.901145234e-08,0,2.901145234e-08
BAND PASS,192000,1000,0.6000000238,0,1,2000,-12.10146782,-12.10146781,9.659128608e-09
BAND PASS,192000,1000,0.6000000238,0,1,90000,-64.15380332,-64.15373174,7.157441581e-05
BAND PASS,192000,1000,1,0,1,250,-23.54190435,-23.5419044,5.511910484e-08
BAND PASS,192000,1000,1,0,1,1000,2.502472203e-08,0,2.502472203e-08
BAND PASS,192000,1000,1,0,1,2000,-15.68578898,-15.68578896,2.571650493e-08
BAND PASS,192000,1000,1,0,1,90000,-67.89551134,-67.89546337,4.796866113e-05
BAND PASS,192000,5000,0,0,1,1246.753247,-6.583194905,-6.583194873,3.264751913e-08
BAND PASS,192000,5000,0,0,1,4923.076923,-0.001053144885,-0.00105313593,8.954685863e-09
BAND PASS,192000,5000,0,0,1,10200,-2.08045388,-2.080453877,2.21626778e-09
BAND PASS,192000,5000,0,0,1,90000,-35.83622106,-35.8362178,3.261802396e-06
BAND PASS,192000,5000,0.1000000015,0,1,1246.753247,-10.518789,-10.51878895,5.370686029e-08
BAND PASS,192000,5000,0.1000000015,0,1,4923.076923,-0.003042898119,-0.003042865694,3.242467818e-08
BAND PASS,192000,5000,0.1000000015,0,1,10200,-4.434169384,-4.434169373,1.113145287e-08
BAND PASS,192000,5000,0.1000000015,0,1,90000,-40.44445643,-40.44445537,1.064633775e-06
BAND PASS,192000,5000,0.6000000238,0,1,1246.753247,-19.871267,-19.87126711,1.020416267e-07
BAND PASS,192000,5000,0.6000000238,0,1,4923.076923,-0.0283873186,-0.02838727247,4.612934696e-08
BAND PASS,192000,5000,0.6000000238,0,1,10200,-12.45927488,-12.45927486,1.868460808e-08
BAND PASS,192000,5000,0.6000000238,0,1,90000,-50.15520289,-50.15519388,9.008742788e-06
BAND PASS,192000,5000,1,0,1,1246.753247,-23.58708756,-23.58708748,7.655538514e-08
BAND PASS,192000,5000,1,0,1,4923.076923,-0.06689117312,-0.0668910811,9.201938633e-08
BAND PASS,192000,5000,1,0,1,10200,-16.0562548,-16.05625487,6.518831608e-08
BAND PASS,192000,5000,1,0,1,90000,-53.89689901,-53.89690227,3.260904887e-06
BAND PASS,192000,10000,0,0,1,2493.506494,-6.631799871,-6.631799891,1.958399021e-08
BAND PASS,192000,10000,0,0,1,10200,-0.001766339236,-0.00176633373,5.506521113e-09
BAND PASS,192000,10000,0,0,1,20250,-2.15649491,-2.156494927,1.742601546e-08
BAND PASS,192000,10000,0,0,1,90000,-29.75875437,-29.75875337,1.001068279e-06
BAND PASS,192000,10000,0.1000000015,0,1,2493.506494,-10.57549298,-10.57549296,1.838890995e-08
BAND PASS,192000,10000,0.1000000015,0,1,10200,-0.005102716136,-0.005102743849,2.771299312e-08
BAND PASS,192000,10000,0.1000000015,0,1,20250,-4.561230645,-4.561230717,7.208361952e-08
BAND PASS,192000,10000,0.1000000015,0,1,90000,-34.36473009,-34.36472839,1.699104224e-06
BAND PASS,192000,10000,0.6000000238,0,1,2493.506494,-19.93281752,-19.93281766,1.36627611e-07
BAND PASS,192000,10000,0.6000000238,0,1,10200,-0.04751054405,-0.047510555,1.095738372e-08
BAND PASS,192000,10000,0.6000000238,0,1,20250,-12.64533123,-12.64533112,1.090084192e-07
BAND PASS,192000,10000,0.6000000238,0,1,90000,-44.07439119,-44.07439704,5.84693486e-06
BAND PASS,192000,10000,1,0,1,2493.506494,-23.64900381,-23.64900376,4.799401054e-08
BAND PASS,192000,10000,1,0,1,10200,-0.11162155,-0.1116215439,6.068538481e-09
BAND PASS,192000,10000,1,0,1,20250,-16.2484796,-16.24847944,1.648749555e-07
BAND PASS,192000,10000,1,0,1,90000,-47.81603881,-47.81603148,7.331211844e-06
BAND PASS,192000,20000,0,0,1,4923.076923,-6.93236627,-6.932366326,5.681577986e-08
BAND PASS,192000,20000,0,0,1,20250,-0.0007761322028,-0.0007760934676,3.873516931e-08
BAND PASS,192000,20000,0,0,1,39750,-2.566495021,-2.566495033,1.245948156e-08
BAND PASS,192000,20000,0,0,1,90000,-23.50551248,-23.50551189,5.8511168e-07
BAND PASS,192000,20000,0.1000000015,0,1,4923.076923,-10.92386958,-10.92386939,1.910705061e-07
BAND PASS,192000,20000,0.1000000015,0,1,20250,-0.002242568752,-0.002242531489,3.726342759e-08
BAND PASS,192000,20000,0.1000000015,0,1,39750,-5.222511664,-5.222511649,1.563591723e-08
BAND PASS,192000,20000,0.1000000015,0,1,90000,-28.10180282,-28.10180126,1.564925851e-06
BAND PASS,192000,20000,0.6000000238,0,1,4923.076923,-20.30951274,-20.30951239,3.570325049e-07
BAND PASS,192000,20000,0.6000000238,0,1,20250,-0.02093688056,-0.02093689539,1.482404471e-08
BAND PASS,192000,20000,0.6000000238,0,1,39750,-13.57678917,-13.57678927,1.050396228e-07
BAND PASS,192000,20000,0.6000000238,0,1,90000,-37.80687739,-37.80688075,3.360798326e-06
BAND PASS,192000,20000,1,0,1,4923.076923,-24.02782684,-24.02782667,1.694937186e-07
BAND PASS,192000,20000,1,0,1,20250,-0.04939250988,-0.04939248113,2.87506713e-08
BAND PASS,192000,20000,1,0,1,39750,-17.20703595,-17.20703602,7.074259178e-08
BAND PASS,192000,20000,1,0,1,90000,-41.54819804,-41.54819775,2.949799516e-07
BAND PASS,192000,1000,0.1000000015,0,0,250,0,0,0
BAND PASS,192000,1000,0.1000000015,0,0,1000,0,0,0
BAND PASS,192000,1000,0.1000000015,0,0,2000,0,0,0
BAND PASS,192000,1000,0.1000000015,0,0,90000,0,0,0
BAND PASS,192000,1000,0.1000000015,0,0.349999994,250,-3.240039606,-3.24003961,4.55347815e-09
BAND PASS,192000,1000,0.1000000015,0,0.349999994,1000,0,0,0
BAND PASS,192000,1000,0.1000000015,0,0.349999994,2000,-1.922444348,-1.922444325,2.31112568e-08
BAND PASS,192000,1000,0.1000000015,0,0.349999994,90000,-3.741711474,-3.741711445,2.854102721e-08
BAND PASS,192000,1000,0.1000000015,0,1,250,-10.4774527,-10.47745266,4.469760917e-08
BAND PASS,192000,1000,0.1000000015,0,1,1000,4.10416303e-08,0,4.10416303e-08
BAND PASS,192000,1000,0.1000000015,0,1,2000,-4.194727474,-4.194727482,8.041347699e-09
BAND PASS,192000,1000,0.1000000015,0,1,90000,-54.44265748,-54.44265702,4.593665626e-07
NOTCH,44100,20,0,0,1,5,-1.087151862,-1.087151864,1.537335953e-09
NOTCH,44100,20,0,0,1,20,-187.940741,-240,52.05925901
NOTCH,44100,20,0,0,1,39.98186763,-4.441159197,-4.441159186,1.063130017e-08
NOTCH,44100,20,0,0,1,20671.875,-3.924061734e-07,-3.420771763e-07,5.032899707e-08
NOTCH,44100,20,0.1000000015,0,1,5,-0.4076983206,-0.4076983175,3.04093882e-09
NOTCH,44100,20,0.1000000015,0,1,20,-185.1929224,-240,54.80707756
NOTCH,44100,20,0.1000000015,0,1,39.98186763,-2.084613759,-2.084613758,1.804502159e-09
NOTCH,44100,20,0.1000000015,0,1,20671.875,-5.104469579e-08,-1.183658058e-07,6.732110998e-08
NOTCH,44100,20,0.6000000238,0,1,5,-0.0454464659,-0.04544646656,6.579980692e-10
NOTCH,44100,20,0.6000000238,0,1,20,-187.0329443,-240,52.96705567
NOTCH,44100,20,0.6000000238,0,1,39.98186763,-0.2769414817,-0.2769414855,3.821970677e-09
NOTCH,44100,20,0.6000000238,0,1,20671.875,1.265385679e-08,-1.26507835e-08,2.530464029e-08
NOTCH,44100,20,1,0,1,5,-0.0192591775,-0.01925918273,5.230291133e-09
NOTCH,44100,20,1,0,1,20,-185.5961254,-240,54.40387459
NOTCH,44100,20,1,0,1,39.98186763,-0.1191690108,-0.1191690119,1.163328073e-09
NOTCH,44100,20,1,0,1,20671.875,-9.383210546e-08,-5.344956635e-09,8.848714882e-08
NOTCH,44100,100,0,0,1,25,-1.087118599,-1.08711861,1.094630389e-08
NOTCH,44100,100,0,0,1,100,-150.2272572,-150.5747216,0.3474644027
NOTCH,44100,100,0,0,1,199.5475113,-4.457544635,-4.457544665,3.011731797e-08
NOTCH,44100,100,0,0,1,20671.875,-8.467979031e-06,-8.552207692e-06,8.422866142e-08
NOTCH,44100,100,0.1000000015,0,1,25,-0.4076848574,-0.4076848625,5.074089066e-09
NOTCH,44100,100,0.1000000015,0,1,100,-145.7386236,-145.9657431,0.2271195076
NOTCH,44100,100,0.1000000015,0,1,199.5475113,-2.094375939,-2.094375945,6.175316314e-09
NOTCH,44100,100,0.1000000015,0,1,20671.875,-2.929023403e-06,-2.959243285e-06,3.021988163e-08
NOTCH,44100,100,0.6000000238,0,1,25,-0.04544490443,-0.0454449034,1.02633462e-09
NOTCH,44100,100,0.6000000238,0,1,100,-136.2098532,-136.2546545,0.0448012582
NOTCH,44100,100,0.6000000238,0,1,199.5475113,-0.2785249573,-0.2785249726,1.52867377e-08
NOTCH,44100,100,0.6000000238,0,1,20671.875,-2.788098708e-07,-3.162801495e-07,3.747027866e-08
NOTCH,44100,100,1,0,1,25,-0.01925852632,-0.0192585183,8.013325121e-09
NOTCH,44100,100,1,0,1,100,-132.5509917,-132.5129219,0.03806982147
NOTCH,44100,100,1,0,1,199.5475113,-0.1198628221,-0.1198628578,3.567691398e-08
NOTCH,44100,100,1,0,1,20671.875,-1.909381934e-07,-1.33628374e-07,5.730981944e-08
NOTCH,44100,500,0,0,1,124.9291785,-1.085055141,-1.085055135,5.746809334e-09
NOTCH,44100,500,0,0,1,495.505618,-40.87974888,-40.87975395,5.067201272e-06
NOTCH,44100,500,0,0,1,980,-4.616860378,-4.616860353,2.528979404e-08
NOTCH,44100,500,0,0,1,20671.875,-0.0002139437371,-0.0002139789153,3.517822007e-08
NOTCH,44100,500,0.1000000015,0,1,124.9291785,-0.4068500605,-0.4068500608,3.1300533e-10
NOTCH,44100,500,0.1000000015,0,1,495.505618,-36.271445,-36.27144572,7.184501243e-07
NOTCH,44100,500,0.1000000015,0,1,980,-2.190067633,-2.190067659,2.572298963e-08
NOTCH,44100,500,0.1000000015,0,1,20671.875,-7.394483437e-05,-7.404233914e-05,9.750477826e-08
NOTCH,44100,500,0.6000000238,0,1,124.9291785,-0.04534791845,-0.04534792802,9.566321466e-09
NOTCH,44100,500,0.6000000238,0,1,495.505618,-26.56891232,-26.56891227,4.932457109e-08
NOTCH,44100,500,0.6000000238,0,1,980,-0.2942054557,-0.2942054641,8.383614365e-09
NOTCH,44100,500,0.6000000238,0,1,20671.875,-8.08288606e-06,-7.913608659e-06,1.692774009e-07
NOTCH,44100,500,1,0,1,124.9291785,-0.01921730293,-0.01921729867,4.258270499e-09
NOTCH,44100,500,1,0,1,495.505618,-22.84024031,-22.84024034,2.766910434e-08
NOTCH,44100,500,1,0,1,980,-0.1267413101,-0.1267413447,3.465480361e-08
NOTCH,44100,500,1,0,1,20671.875,-3.264400632e-06,-3.343501632e-06,7.910100019e-08
NOTCH,44100,1000,0,0,1,249.1525424,-1.076342086,-1.076342101,1.428234436e-08
NOTCH,44100,1000,0,0,1,980,-33.86416686,-33.86416554,1.316299043e-06
NOTCH,44100,1000,0,0,1,2037.228261,-4.222247408,-4.222247408,4.696575351e-10
NOTCH,44100,1000,0,0,1,20671.875,-0.0008580620509,-0.000858093488,3.143712208e-08
NOTCH,44100,1000,0.1000000015,0,1,249.1525424,-0.4033276994,-0.40332771,1.06005567e-08
NOTCH,44100,1000,0.1000000015,0,1,980,-29.25855675,-29.2585573,5.583138671e-07
NOTCH,44100,1000,0.1000000015,0,1,2037.228261,-1.955622658,-1.95562264,1.756384371e-08
NOTCH,44100,1000,0.1000000015,0,1,20671.875,-0.0002968673133,-0.0002969373419,7.002860549e-08
NOTCH,44100,1000,0.6000000238,0,1,249.1525424,-0.04493890641,-0.04493893273,2.63242182e-08
NOTCH,44100,1000,0.6000000238,0,1,980,-19.59030396,-19.59030419,2.22412285e-07
NOTCH,44100,1000,0.6000000238,0,1,2037.228261,-0.256296397,-0.2562964128,1.574428544e-08
NOTCH,44100,1000,0.6000000238,0,1,20671.875,-3.167681458e-05,-3.173724391e-05,6.042933262e-08
NOTCH,44100,1000,1,0,1,249.1525424,-0.01904345226,-0.01904346002,7.76093024e-09
NOTCH,44100,1000,1,0,1,980,-15.913321,-15.91332128,2.775538981e-07
NOTCH,44100,1000,1,0,1,2037.228261,-0.110135812,-0.1101358428,3.078856741e-08
NOTCH,44100,1000,1,0,1,20671.875,-1.346082788e-05,-1.340901471e-05,5.18131683e-08
NOTCH,44100,5000,0,0,1,1225,-0.9615409242,-0.9615409042,1.996448926e-08
NOTCH,44100,5000,0,0,1,4995.703125,-60.56564423,-60.56565988,1.565503249e-05
NOTCH,44100,5000,0,0,1,9991.40625,-3.269864532,-3.269864498,3.362284517e-08
NOTCH,44100,5000,0,0,1,20671.875,-0.02332730348,-0.02332730233,1.151844402e-09
NOTCH,44100,5000,0.1000000015,0,1,1225,-0.3573104214,-0.3573103792,4.224863358e-08
NOTCH,44100,5000,0.1000000015,0,1,4995.703125,-55.95666947,-55.95668861,1.91334965e-05
NOTCH,44100,5000,0.1000000015,0,1,9991.40625,-1.425906029,-1.42590602,8.96995539e-09
NOTCH,44100,5000,0.1000000015,0,1,20671.875,-0.00808594194,-0.008085915501,2.643902343e-08
NOTCH,44100,5000,0.6000000238,0,1,1225,-0.03962251745,-0.03962252362,6.168936298e-09
NOTCH,44100,5000,0.6000000238,0,1,4995.703125,-46.24569358,-46.24569201,1.568673374e-06
NOTCH,44100,5000,0.6000000238,0,1,9991.40625,-0.1767497131,-0.1767497502,3.710509653e-08
NOTCH,44100,5000,0.6000000238,0,1,20671.875,-0.0008650034769,-0.0008649309598,7.251717596e-08
NOTCH,44100,5000,1,0,1,1225,-0.0167846731,-0.01678463897,3.412219032e-08
NOTCH,44100,5000,1,0,1,4995.703125,-42.50410305,-42.50410033,2.725450788e-06
NOTCH,44100,5000,1,0,1,9991.40625,-0.07555609501,-0.07555613357,3.856419875e-08
NOTCH,44100,5000,1,0,1,20671.875,-0.0003654792601,-0.0003654543691,2.489103448e-08
NOTCH,44100,10000,0,0,1,2450,-0.7244920567,-0.7244920142,4.245518245e-08
NOTCH,44100,10000,0,0,1,9991.40625,-58.1477202,-58.14771264,7.562790685e-06
NOTCH,44100,10000,0,0,1,19982.8125,-0.2851519443,-0.2851519146,2.974258424e-08
NOTCH,44100,10000,0,0,1,20671.875,-0.1257038935,-0.125703817,7.65024541e-08
NOTCH,44100,10000,0.1000000015,0,1,2450,-0.2645862618,-0.2645862952,3.341138589e-08
NOTCH,44100,10000,0.1000000015,0,1,9991.40625,-53.5387456,-53.53874673,1.130519081e-06
NOTCH,44100,10000,0.1000000015,0,1,19982.8125,-0.1008009401,-0.1008008644,7.5739954e-08
NOTCH,44100,10000,0.1000000015,0,1,20671.875,-0.04390903862,-0.04390901226,2.63666085e-08
NOTCH,44100,10000,0.6000000238,0,1,2450,-0.02906024178,-0.02906036914,1.273576101e-07
NOTCH,44100,10000,0.6000000238,0,1,9991.40625,-43.82781467,-43.82781873,4.058242984e-06
NOTCH,44100,10000,0.6000000238,0,1,19982.8125,-0.01088571623,-0.01088581067,9.444178999e-08
NOTCH,44100,10000,0.6000000238,0,1,20671.875,-0.004714170619,-0.004714182274,1.165527836e-08
NOTCH,44100,10000,1,0,1,2450,-0.01230186268,-0.01230173775,1.249352358e-07
NOTCH,44100,10000,1,0,1,9991.40625,-40.08632866,-40.08633201,3.353606544e-06
NOTCH,44100,10000,1,0,1,19982.8125,-0.004602581871,-0.00460258452,2.649649388e-09
NOTCH,44100,10000,1,0,1,20671.875,-0.001992326469,-0.00199236645,3.998136004e-08
NOTCH,44100,20000,0,0,1,4995.703125,-0.06021163189,-0.06021165267,2.078586314e-08
NOTCH,44100,20000,0,0,1,19982.8125,-23.68158715,-23.68158758,4.34414881e-07
NOTCH,44100,20000,0,0,1,20671.875,-7.086144671,-7.086144647,2.466758242e-08
NOTCH,44100,20000,0,0,1,20671.875,-7.086144671,-7.086144647,2.466758242e-08
NOTCH,44100,20000,0.1000000015,0,1,4995.703125,-0.02092906953,-0.0209290679,1.632071314e-09
NOTCH,44100,20000,0.1000000015,0,1,19982.8125,-19.10763072,-19.10763063,9.589296868e-08
NOTCH,44100,20000,0.1000000015,0,1,20671.875,-3.843415114,-3.843415047,6.635939476e-08
NOTCH,44100,20000,0.1000000015,0,1,20671.875,-3.843415114,-3.843415047,6.635939476e-08
NOTCH,44100,20000,0.6000000238,0,1,4995.703125,-0.002241694726,-0.002241691289,3.437357624e-09
NOTCH,44100,20000,0.6000000238,0,1,19982.8125,-9.82082325,-9.82082318,6.954711074e-08
NOTCH,44100,20000,0.6000000238,0,1,20671.875,-0.6148311326,-0.6148311925,5.985508512e-08
NOTCH,44100,20000,0.6000000238,0,1,20671.875,-0.6148311326,-0.6148311925,5.985508512e-08
NOTCH,44100,20000,1,0,1,4995.703125,-0.0009472526497,-0.0009472557955,3.14577963e-09
NOTCH,44100,20000,1,0,1,19982.8125,-6.65743824,-6.657438242,1.990184906e-09
NOTCH,44100,20000,1,0,1,20671.875,-0.2704543261,-0.2704543161,1.001079963e-08
NOTCH,44100,20000,1,0,1,20671.875,-0.2704543261,-0.2704543161,1.001079963e-08
NOTCH,44100,1000,0.1000000015,0,0,249.1525424,0,0,0
NOTCH,44100,1000,0.1000000015,0,0,980,0,0,0
NOTCH,44100,1000,0.1000000015,0,0,2037.228261,0,0,0
NOTCH,44100,1000,0.1000000015,0,0,20671.875,0,0,0
NOTCH,44100,1000,0.1000000015,0,0.349999994,249.1525424,-0.228331739,-0.2283317398,8.309955918e-10
NOTCH,44100,1000,0.1000000015,0,0.349999994,980,-3.734697207,-3.734697173,3.338967458e-08
NOTCH,44100,1000,0.1000000015,0,0.349999994,2037.228261,-1.020320547,-1.020320572,2.505767357e-08
NOTCH,44100,1000,0.1000000015,0,0.349999994,20671.875,-0.0001714980961,-0.0001714788358,1.926028136e-08
NOTCH,44100,1000,0.1000000015,0,1,249.1525424,-0.4033276994,-0.40332771,1.06005567e-08
NOTCH,44100,1000,0.1000000015,0,1,980,-29.25855675,-29.2585573,5.583138671e-07
NOTCH,44100,1000,0.1000000015,0,1,2037.228261,-1.955622658,-1.95562264,1.756384371e-08
NOTCH,44100,1000,0.1000000015,0,1,20671.875,-0.0002968673133,-0.0002969373419,7.002860549e-08
NOTCH,48000,20,0,0,1,5,-1.087152074,-1.087152079,4.687452287e-09
NOTCH,48000,20,0,0,1,20,-177.4634067,-240,62.53659332
NOTCH,48000,20,0,0,1,40,-4.436959128,-4.436959117,1.139709349e-08
NOTCH,48000,20,0,0,1,22500,-3.498391796e-07,-2.887478182e-07,6.109136134e-08
NOTCH,48000,20,0.1000000015,0,1,5,-0.4076984074,-0.4076984048,2.597942847e-09
NOTCH,48000,20,0.1000000015,0,1,20,-180.770005,-240,59.22999497
NOTCH,48000,20,0.1000000015,0,1,40,-2.082113842,-2.082113826,1.658384563e-08
NOTCH,48000,20,0.1000000015,0,1,22500,-7.523236925e-08,-9.991274083e-08,2.468037158e-08
NOTCH,48000,20,0.6000000238,0,1,5,-0.04544648092,-0.04544647669,4.230285323e-09
NOTCH,48000,20,0.6000000238,0,1,20,-179.5435474,-240,60.45645257
NOTCH,48000,20,0.6000000238,0,1,40,-0.2765364796,-0.2765364605,1.902798834e-08
NOTCH,48000,20,0.6000000238,0,1,22500,1.06818727e-08,-1.067854385e-08,2.136041655e-08
NOTCH,48000,20,1,0,1,5,-0.0192591933,-0.01925918704,6.260675576e-09
NOTCH,48000,20,1,0,1,20,-178.4727408,-240,61.52725921
NOTCH,48000,20,1,0,1,40,-0.1189915518,-0.1189915626,1.076025109e-08
NOTCH,48000,20,1,0,1,22500,-2.357909493e-08,-4.511685128e-09,1.90674098e-08
NOTCH,48000,100,0,0,1,25,-1.08712403,-1.087124011,1.982382128e-08
NOTCH,48000,100,0,0,1,100,-152.2853092,-152.1986535,0.08665561947
NOTCH,48000,100,0,0,1,200,-4.436578353,-4.436578338,1.48084538e-08
NOTCH,48000,100,0,0,1,22500,-7.29440876e-06,-7.218893726e-06,7.551503397e-08
NOTCH,48000,100,0.1000000015,0,1,25,-0.4076870535,-0.4076870477,5.825693497e-09
NOTCH,48000,100,0.1000000015,0,1,100,-147.5935149,-147.5896751,0.003839818349
NOTCH,48000,100,0.1000000015,0,1,200,-2.081887277,-2.08188723,4.69456457e-08
NOTCH,48000,100,0.1000000015,0,1,22500,-2.40689883e-06,-2.497888429e-06,9.098959896e-08
NOTCH,48000,100,0.6000000238,0,1,25,-0.04544515491,-0.04544515728,2.36105039e-09
NOTCH,48000,100,0.6000000238,0,1,100,-137.8149309,-137.8785864,0.06365549038
NOTCH,48000,100,0.6000000238,0,1,200,-0.2764998066,-0.2764997584,4.815080897e-08
NOTCH,48000,100,0.6000000238,0,1,22500,-3.468563015e-07,-2.669711182e-07,7.988518331e-08
NOTCH,48000,100,1,0,1,25,-0.01925862958,-0.01925862621,3.372578917e-09
NOTCH,48000,100,1,0,1,100,-134.1741194,-134.1368538,0.03726556976
NOTCH,48000,100,1,0,1,200,-0.1189755109,-0.1189754831,2.777185016e-08
NOTCH,48000,100,1,0,1,22500,-1.464327278e-07,-1.127953064e-07,3.363742143e-08
NOTCH,48000,500,0,0,1,125,-1.086423673,-1.086423685,1.160541252e-08
NOTCH,48000,500,0,0,1,500,-152.8186801,-152.1980138,0.6206663844
NOTCH,48000,500,0,0,1,1000,-4.427052825,-4.427052843,1.782591341e-08
NOTCH,48000,500,0,0,1,22500,-0.0001805456927,-0.0001805961115,5.041879979e-08
NOTCH,48000,500,0.1000000015,0,1,125,-0.4074037246,-0.4074036964,2.818843929e-08
NOTCH,48000,500,0.1000000015,0,1,500,-148.6851356,-147.5890353,1.096100279
NOTCH,48000,500,0.1000000015,0,1,1000,-2.076221304,-2.076221369,6.49899512e-08
NOTCH,48000,500,0.1000000015,0,1,22500,-6.251528202e-05,-6.249085293e-05,2.442908427e-08
NOTCH,48000,500,0.6000000238,0,1,125,-0.04541223479,-0.04541223969,4.89452826e-09
NOTCH,48000,500,0.6000000238,0,1,500,-137.7413343,-137.8779466,0.1366122641
NOTCH,48000,500,0.6000000238,0,1,1000,-0.2755825515,-0.2755825704,1.889864603e-08
NOTCH,48000,500,0.6000000238,0,1,22500,-6.7742569e-06,-6.678983581e-06,9.527331888e-08
NOTCH,48000,500,1,0,1,125,-0.01924467033,-0.01924463445,3.587758689e-08
NOTCH,48000,500,1,0,1,500,-134.0917154,-134.136214,0.0444986439
NOTCH,48000,500,1,0,1,1000,-0.1185736711,-0.1185736814,1.032512293e-08
NOTCH,48000,500,1,0,1,22500,-2.73385983e-06,-2.821871998e-06,8.801216804e-08
NOTCH,48000,1000,0,0,1,250,-1.084235818,-1.084235824,5.866766517e-09
NOTCH,48000,1000,0,0,1,1000,-159.9877337,-161.1133526,1.125618966
NOTCH,48000,1000,0,0,1,2000,-4.397281454,-4.397281468,1.482256751e-08
NOTCH,48000,1000,0,0,1,22500,-0.0007239036263,-0.0007239352544,3.162809559e-08
NOTCH,48000,1000,0.1000000015,0,1,250,-0.4065186879,-0.4065186649,2.296919722e-08
NOTCH,48000,1000,0.1000000015,0,1,1000,-156.3388124,-156.5043741,0.1655617659
NOTCH,48000,1000,0.1000000015,0,1,2000,-2.05854561,-2.058545533,7.688777748e-08
NOTCH,48000,1000,0.1000000015,0,1,22500,-0.0002504486503,-0.0002505102787,6.162842674e-08
NOTCH,48000,1000,0.6000000238,0,1,250,-0.04530945499,-0.04530943572,1.927497621e-08
NOTCH,48000,1000,0.6000000238,0,1,1000,-146.0531808,-146.7932855,0.7401046705
NOTCH,48000,1000,0.6000000238,0,1,2000,-0.2727275883,-0.2727276486,6.025899902e-08
NOTCH,48000,1000,0.6000000238,0,1,22500,-2.680718381e-05,-2.677490076e-05,3.228304832e-08
NOTCH,48000,1000,1,0,1,250,-0.01920091818,-0.01920093757,1.93910025e-08
NOTCH,48000,1000,1,0,1,1000,-143.1781978,-143.0515529,0.1266449157
NOTCH,48000,1000,1,0,1,2000,-0.1173233307,-0.1173233025,2.819885225e-08
NOTCH,48000,1000,1,0,1,22500,-1.138793165e-05,-1.131241644e-05,7.551520842e-08
NOTCH,48000,5000,0,0,1,1230.769231,-0.9835525992,-0.9835525943,4.934979925e-09
NOTCH,48000,5000,0,0,1,5062.5,-37.47909676,-37.479096,7.564071343e-07
NOTCH,48000,5000,0,0,1,9937.5,-3.504673913,-3.504673931,1.830903518e-08
NOTCH,48000,5000,0,0,1,22500,-0.01941790171,-0.01941796281,6.110065196e-08
NOTCH,48000,5000,0.1000000015,0,1,1230.769231,-0.3660771656,-0.3660771818,1.618265619e-08
NOTCH,48000,5000,0.1000000015,0,1,5062.5,-32.87158422,-32.87158396,2.650178983e-07
NOTCH,48000,5000,0.1000000015,0,1,9937.5,-1.551712032,-1.55171204,7.316678541e-09
NOTCH,48000,5000,0.1000000015,0,1,22500,-0.006728750448,-0.006728846034,9.558617064e-08
NOTCH,48000,5000,0.6000000238,0,1,1230.769231,-0.04063147485,-0.04063151884,4.399305912e-08
NOTCH,48000,5000,0.6000000238,0,1,5062.5,-23.1791895,-23.17918963,1.265848084e-07
NOTCH,48000,5000,0.6000000238,0,1,9937.5,-0.194900968,-0.1949009689,9.273198598e-10
NOTCH,48000,5000,0.6000000238,0,1,22500,-0.0007195692394,-0.0007196680558,9.881634559e-08
NOTCH,48000,5000,1,0,1,1230.769231,-0.017213104,-0.01721321578,1.117807746e-07
NOTCH,48000,5000,1,0,1,5062.5,-19.46591273,-19.46591259,1.378790353e-07
NOTCH,48000,5000,1,0,1,9937.5,-0.08341514265,-0.08341512402,1.862716622e-08
NOTCH,48000,5000,1,0,1,22500,-0.0003040587532,-0.0003040743221,1.556887328e-08
NOTCH,48000,10000,0,0,1,2550,-0.8379830462,-0.8379830434,2.784347336e-09
NOTCH,48000,10000,0,0,1,9937.5,-41.43307988,-41.4330767,3.178397574e-06
NOTCH,48000,10000,0,0,1,20062.5,-0.7109490158,-0.7109490197,3.812951871e-09
NOTCH,48000,10000,0,0,1,22500,-0.09922178472,-0.09922169219,9.25324568e-08
NOTCH,48000,10000,0.1000000015,0,1,2550,-0.3085949846,-0.3085950289,4.431361284e-08
NOTCH,48000,10000,0.1000000015,0,1,9937.5,-36.82468811,-36.8246883,1.884183662e-07
NOTCH,48000,10000,0.1000000015,0,1,20062.5,-0.2593816241,-0.2593816556,3.153345519e-08
NOTCH,48000,10000,0.1000000015,0,1,22500,-0.03458983699,-0.03458984938,1.239330015e-08
NOTCH,48000,10000,0.6000000238,0,1,2550,-0.03404846048,-0.03404847272,1.224516319e-08
NOTCH,48000,10000,0.6000000238,0,1,9937.5,-27.12113258,-27.12113246,1.166440367e-07
NOTCH,48000,10000,0.6000000238,0,1,20062.5,-0.02847339839,-0.02847341587,1.747939768e-08
NOTCH,48000,10000,0.6000000238,0,1,22500,-0.003710055021,-0.003710094113,3.909152444e-08
NOTCH,48000,10000,1,0,1,2550,-0.01441806855,-0.01441805941,9.148066399e-09
NOTCH,48000,10000,1,0,1,9937.5,-23.39090317,-23.39090313,4.131073972e-08
NOTCH,48000,10000,1,0,1,20062.5,-0.01205285572,-0.01205280087,5.484779034e-08
NOTCH,48000,10000,1,0,1,22500,-0.001567909272,-0.001567901545,7.727643362e-09
NOTCH,48000,20000,0,0,1,5062.5,-0.1476160394,-0.1476160609,2.140726198e-08
NOTCH,48000,20000,0,0,1,20062.5,-35.66180777,-35.6618081,3.230253736e-07
NOTCH,48000,20000,0,0,1,22500,-2.361564853,-2.361564887,3.432834605e-08
NOTCH,48000,20000,0,0,1,22500,-2.361564853,-2.361564887,3.432834605e-08
NOTCH,48000,20000,0.1000000015,0,1,5062.5,-0.05164784808,-0.05164788235,3.42658521e-08
NOTCH,48000,20000,0.1000000015,0,1,20062.5,-31.05505749,-31.05505781,3.196800558e-07
NOTCH,48000,20000,0.1000000015,0,1,22500,-0.9690870699,-0.9690870457,2.422833181e-08
NOTCH,48000,20000,0.1000000015,0,1,22500,-0.9690870699,-0.9690870457,2.422833181e-08
NOTCH,48000,20000,0.6000000238,0,1,5062.5,-0.005549411597,-0.005549464824,5.322655047e-08
NOTCH,48000,20000,0.6000000238,0,1,20062.5,-21.37234064,-21.3723404,2.441722211e-07
NOTCH,48000,20000,0.6000000238,0,1,22500,-0.1145171066,-0.1145171344,2.785310797e-08
NOTCH,48000,20000,0.6000000238,0,1,22500,-0.1145171066,-0.1145171344,2.785310797e-08
NOTCH,48000,20000,1,0,1,5062.5,-0.002345503213,-0.002345514196,1.09835194e-08
NOTCH,48000,20000,1,0,1,20062.5,-17.67367249,-17.67367242,7.396228741e-08
NOTCH,48000,20000,1,0,1,22500,-0.04875241092,-0.04875237224,3.867335696e-08
NOTCH,48000,20000,1,0,1,22500,-0.04875241092,-0.04875237224,3.867335696e-08
NOTCH,48000,1000,0.1000000015,0,0,250,0,0,0
NOTCH,48000,1000,0.1000000015,0,0,1000,0,0,0
NOTCH,48000,1000,0.1000000015,0,0,2000,0,0,0
NOTCH,48000,1000,0.1000000015,0,0,22500,0,0,0
NOTCH,48000,1000,0.1000000015,0,0.349999994,250,-0.2301013949,-0.2301014494,5.444667129e-08
NOTCH,48000,1000,0.1000000015,0,0.349999994,1000,-3.741732833,-3.741732787,4.538411669e-08
NOTCH,48000,1000,0.1000000015,0,0.349999994,2000,-1.067939359,-1.067939163,1.966679468e-07
NOTCH,48000,1000,0.1000000015,0,0.349999994,22500,-0.000144769857,-0.0001446679212,1.019358435e-07
NOTCH,48000,1000,0.1000000015,0,1,250,-0.4065186879,-0.4065186649,2.296919722e-08
NOTCH,48000,1000,0.1000000015,0,1,1000,-156.3388124,-156.5043741,0.1655617659
NOTCH,48000,1000,0.1000000015,0,1,2000,-2.05854561,-2.058545533,7.688777748e-08
NOTCH,48000,1000,0.1000000015,0,1,22500,-0.0002504486503,-0.0002505102787,6.162842674e-08
NOTCH,96000,20,0,0,1,5,-1.087152962,-1.087152955,7.155331549e-09
NOTCH,96000,20,0,0,1,20,-187.6209514,-240,52.37904858
NOTCH,96000,20,0,0,1,40,-4.436971018,-4.436971024,5.345713205e-09
NOTCH,96000,20,0,0,1,45000,3.412509573e-08,-7.21868929e-08,1.063119886e-07
NOTCH,96000,20,0.1000000015,0,1,5,-0.4076987649,-0.407698759,5.932852543e-09
NOTCH,96000,20,0.1000000015,0,1,20,-193.5431638,-240,46.45683623
NOTCH,96000,20,0.1000000015,0,1,40,-2.082120921,-2.082120911,1.002303729e-08
NOTCH,96000,20,0.1000000015,0,1,45000,2.497790007e-08,-2.49781634e-08,4.995606347e-08
NOTCH,96000,20,0.6000000238,0,1,5,-0.04544651561,-0.04544651785,2.236524377e-09
NOTCH,96000,20,0.6000000238,0,1,20,-187.0339704,-240,52.96602956
NOTCH,96000,20,0.6000000238,0,1,40,-0.2765376118,-0.2765376082,3.573697581e-09
NOTCH,96000,20,0.6000000238,0,1,45000,2.670589199e-09,-2.669633551e-09,5.34022275e-09
NOTCH,96000,20,1,0,1,5,-0.01925920849,-0.01925920453,3.957958205e-09
NOTCH,96000,20,1,0,1,20,-187.6472663,-240,52.35273368
NOTCH,96000,20,1,0,1,40,-0.1189920591,-0.1189920654,6.249984103e-09
NOTCH,96000,20,1,0,1,45000,1.128145488e-09,-1.1279208e-09,2.256066288e-09
NOTCH,96000,100,0,0,1,25,-1.087145935,-1.087145937,2.246917929e-09
NOTCH,96000,100,0,0,1,100,-164.3555607,-164.2401347,0.1154259919
NOTCH,96000,100,0,0,1,200,-4.436875806,-4.436875829,2.315650549e-08
NOTCH,96000,100,0,0,1,45000,-1.742286455e-06,-1.804684711e-06,6.239825638e-08
NOTCH,96000,100,0.1000000015,0,1,25,-0.4076959135,-0.4076959197,6.256677343e-09
NOTCH,96000,100,0.1000000015,0,1,100,-159.8165305,-159.6311562,0.1853742332
NOTCH,96000,100,0.1000000015,0,1,200,-2.082064232,-2.082064262,2.963779677e-08
NOTCH,96000,100,0.1000000015,0,1,45000,-6.09194175e-07,-6.244584548e-07,1.52642798e-08
NOTCH,96000,100,0.6000000238,0,1,25,-0.04544619335,-0.04544618799,5.361383447e-09
NOTCH,96000,100,0.6000000238,0,1,100,-149.8521087,-149.9200676,0.06795891266
NOTCH,96000,100,0.6000000238,0,1,200,-0.2765284265,-0.2765284324,5.907797217e-09
NOTCH,96000,100,0.6000000238,0,1,45000,-1.745886853e-07,-6.674130769e-08,1.078473776e-07
NOTCH,96000,100,1,0,1,25,-0.01925906054,-0.01925906432,3.783024524e-09
NOTCH,96000,100,1,0,1,100,-145.8950497,-146.178335,0.2832852595
NOTCH,96000,100,1,0,1,200,-0.1189880251,-0.1189880454,2.02639033e-08
NOTCH,96000,100,1,0,1,45000,-7.547388959e-09,-2.819820422e-08,2.065081526e-08
NOTCH,96000,500,0,0,1,125,-1.086970857,-1.086970846,1.12239511e-08
NOTCH,96000,500,0,0,1,500,-162.4553358,-164.2462037,1.790867946
NOTCH,96000,500,0,0,1,1000,-4.434494489,-4.434494521,3.180434427e-08
NOTCH,96000,500,0,0,1,45000,-4.523457064e-05,-4.512484963e-05,1.09721016e-07
NOTCH,96000,500,0.1000000015,0,1,125,-0.4076250918,-0.4076250752,1.664960073e-08
NOTCH,96000,500,0.1000000015,0,1,500,-159.8879314,-159.6372252,0.2507061653
NOTCH,96000,500,0.1000000015,0,1,1000,-2.08064735,-2.080647324,2.558171852e-08
NOTCH,96000,500,0.1000000015,0,1,45000,-1.560456445e-05,-1.561418768e-05,9.623229126e-09
NOTCH,96000,500,0.6000000238,0,1,125,-0.0454379514,-0.04543795762,6.224402721e-09
NOTCH,96000,500,0.6000000238,0,1,500,-149.9144454,-149.9261366,0.01169113327
NOTCH,96000,500,0.6000000238,0,1,1000,-0.2762989619,-0.276298957,4.863010529e-09
NOTCH,96000,500,0.6000000238,0,1,45000,-1.801281782e-06,-1.668826646e-06,1.324551359e-07
NOTCH,96000,500,1,0,1,125,-0.01925557484,-0.01925556596,8.883408083e-09
NOTCH,96000,500,1,0,1,500,-146.2168974,-146.184404,0.03249338625
NOTCH,96000,500,1,0,1,1000,-0.1188875476,-0.118887512,3.55954574e-08
NOTCH,96000,500,1,0,1,45000,-7.525292731e-07,-7.050793808e-07,4.744989223e-08
NOTCH,96000,1000,0,0,1,250,-1.086423727,-1.086423733,5.996350527e-09
NOTCH,96000,1000,0,0,1,1000,-166.2163751,-173.1823838,6.966008715
NOTCH,96000,1000,0,0,1,2000,-4.42705274,-4.427052636,1.039840988e-07
NOTCH,96000,1000,0,0,1,45000,-0.0001805456927,-0.0001805961035,5.041073495e-08
NOTCH,96000,1000,0.1000000015,0,1,250,-0.4074037359,-0.4074037161,1.979249875e-08
NOTCH,96000,1000,0.1000000015,0,1,1000,-166.1755914,-168.5734054,2.397813961
NOTCH,96000,1000,0.1000000015,0,1,2000,-2.076221246,-2.076221246,4.106375795e-10
NOTCH,96000,1000,0.1000000015,0,1,45000,-6.2515282e-05,-6.249085014e-05,2.443186637e-08
NOTCH,96000,1000,0.6000000238,0,1,250,-0.04541222756,-0.04541224198,1.441616999e-08
NOTCH,96000,1000,0.6000000238,0,1,1000,-159.1369682,-158.8623167,0.2746514919
NOTCH,96000,1000,0.6000000238,0,1,2000,-0.2755825173,-0.2755825505,3.319673218e-08
NOTCH,96000,1000,0.6000000238,0,1,45000,-6.774256892e-06,-6.678983283e-06,9.527360818e-08
NOTCH,96000,1000,1,0,1,250,-0.01924468038,-0.01924463542,4.495571715e-08
NOTCH,96000,1000,1,0,1,1000,-155.4090733,-155.1205841,0.2884891675
NOTCH,96000,1000,1,0,1,2000,-0.1185736711,-0.1185736727,1.616742799e-09
NOTCH,96000,1000,1,0,1,45000,-2.73385982e-06,-2.82187187e-06,8.801205039e-08
NOTCH,96000,5000,0,0,1,1246.753247,-1.063381271,-1.063381374,1.038918527e-07
NOTCH,96000,5000,0,0,1,5100,-33.9079996,-33.90799928,3.237810393e-07
NOTCH,96000,5000,0,0,1,10125,-4.074080433,-4.074080399,3.403304538e-08
NOTCH,96000,5000,0,0,1,45000,-0.004593541246,-0.004593446128,9.511790225e-08
NOTCH,96000,5000,0.1000000015,0,1,1246.753247,-0.3980958551,-0.3980959644,1.093270071e-07
NOTCH,96000,5000,0.1000000015,0,1,5100,-29.30235713,-29.3023572,7.886642095e-08
NOTCH,96000,5000,0.1000000015,0,1,10125,-1.869837672,-1.869837703,3.081369809e-08
NOTCH,96000,5000,0.1000000015,0,1,45000,-0.001589985827,-0.00158997747,8.356354685e-09
NOTCH,96000,5000,0.6000000238,0,1,1246.753247,-0.04433201801,-0.04433199322,2.478840856e-08
NOTCH,96000,5000,0.6000000238,0,1,5100,-19.63367623,-19.63367634,1.1066038e-07
NOTCH,96000,5000,0.6000000238,0,1,10125,-0.2428494424,-0.242849432,1.038944694e-08
NOTCH,96000,5000,0.6000000238,0,1,45000,-0.0001699782868,-0.0001699624984,1.578837467e-08
NOTCH,96000,5000,1,0,1,1246.753247,-0.01878551381,-0.01878550484,8.968415477e-09
NOTCH,96000,5000,1,0,1,5100,-15.95605474,-15.95605473,1.517910997e-08
NOTCH,96000,5000,1,0,1,10125,-0.1042651645,-0.1042651561,8.472258461e-09
NOTCH,96000,5000,1,0,1,45000,-7.177956103e-05,-7.180997166e-05,3.041063721e-08
NOTCH,96000,10000,0,0,1,2461.538462,-0.9835526108,-0.9835526072,3.593531028e-09
NOTCH,96000,10000,0,0,1,10125,-37.47909107,-37.47909175,6.815315015e-07
NOTCH,96000,10000,0,0,1,19875,-3.504673892,-3.504673884,8.472135771e-09
NOTCH,96000,10000,0,0,1,45000,-0.01941790171,-0.01941796256,6.084670978e-08
NOTCH,96000,10000,0.1000000015,0,1,2461.538462,-0.3660771642,-0.3660771869,2.269701768e-08
NOTCH,96000,10000,0.1000000015,0,1,10125,-32.87158028,-32.87157971,5.759748722e-07
NOTCH,96000,10000,0.1000000015,0,1,19875,-1.55171201,-1.551712014,3.794460524e-09
NOTCH,96000,10000,0.1000000015,0,1,45000,-0.006728756356,-0.006728845946,8.959000458e-08
NOTCH,96000,10000,0.6000000238,0,1,2461.538462,-0.04063147485,-0.04063151944,4.458541633e-08
NOTCH,96000,10000,0.6000000238,0,1,10125,-23.17918528,-23.1791854,1.207440103e-07
NOTCH,96000,10000,0.6000000238,0,1,19875,-0.194900963,-0.1949009652,2.176094964e-09
NOTCH,96000,10000,0.6000000238,0,1,45000,-0.0007195692597,-0.0007196680463,9.878658494e-08
NOTCH,96000,10000,1,0,1,2461.538462,-0.017213104,-0.01721321603,1.120323904e-07
NOTCH,96000,10000,1,0,1,10125,-19.46590855,-19.46590839,1.56256474e-07
NOTCH,96000,10000,1,0,1,19875,-0.08341513827,-0.0834151224,1.586770136e-08
NOTCH,96000,10000,1,0,1,45000,-0.0003040587532,-0.0003040743181,1.556489915e-08
NOTCH,96000,20000,0,0,1,5100,-0.8379830639,-0.8379830563,7.602737329e-09
NOTCH,96000,20000,0,0,1,19875,-41.43308639,-41.43308459,1.802512582e-06
NOTCH,96000,20000,0,0,1,40125,-0.7109490097,-0.7109490087,9.683241708e-10
NOTCH,96000,20000,0,0,1,45000,-0.09922178472,-0.09922169066,9.405984381e-08
NOTCH,96000,20000,0.1000000015,0,1,5100,-0.3085949963,-0.3085950339,3.768127854e-08
NOTCH,96000,20000,0.1000000015,0,1,19875,-36.82469674,-36.82469618,5.530402731e-07
NOTCH,96000,20000,0.1000000015,0,1,40125,-0.259381617,-0.2593816514,3.438236017e-08
NOTCH,96000,20000,0.1000000015,0,1,45000,-0.03458983699,-0.03458984885,1.185689034e-08
NOTCH,96000,20000,0.6000000238,0,1,5100,-0.03404846288,-0.0340484733,1.041292032e-08
NOTCH,96000,20000,0.6000000238,0,1,19875,-27.12114013,-27.12114033,1.961215386e-07
NOTCH,96000,20000,0.6000000238,0,1,40125,-0.02847339864,-0.02847341539,1.674973898e-08
NOTCH,96000,20000,0.6000000238,0,1,45000,-0.003710055021,-0.003710094055,3.903379347e-08
NOTCH,96000,20000,1,0,1,5100,-0.01441806575,-0.01441805965,6.103597571e-09
NOTCH,96000,20000,1,0,1,19875,-23.39091153,-23.39091098,5.46804948e-07
NOTCH,96000,20000,1,0,1,40125,-0.01205285552,-0.01205280067,5.48445457e-08
NOTCH,96000,20000,1,0,1,45000,-0.001567909272,-0.00156790152,7.752039464e-09
NOTCH,96000,1000,0.1000000015,0,0,250,0,0,0
NOTCH,96000,1000,0.1000000015,0,0,1000,0,0,0
NOTCH,96000,1000,0.1000000015,0,0,2000,0,0,0
NOTCH,96000,1000,0.1000000015,0,0,45000,0,0,0
NOTCH,96000,1000,0.1000000015,0,0.349999994,250,-0.23059221,-0.2305921979,1.21601659e-08
NOTCH,96000,1000,0.1000000015,0,0.349999994,1000,-3.741732749,-3.741732787,3.815556959e-08
NOTCH,96000,1000,0.1000000015,0,0.349999994,2000,-1.076056081,-1.07605607,1.100102054e-08
NOTCH,96000,1000,0.1000000015,0,0.349999994,45000,-3.608971626e-05,-3.608835577e-05,1.360490414e-09
NOTCH,96000,1000,0.1000000015,0,1,250,-0.4074037359,-0.4074037161,1.979249875e-08
NOTCH,96000,1000,0.1000000015,0,1,1000,-166.1755914,-168.5734054,2.397813961
NOTCH,96000,1000,0.1000000015,0,1,2000,-2.076221246,-2.076221246,4.106375795e-10
NOTCH,96000,1000,0.1000000015,0,1,45000,-6.2515282e-05,-6.249085014e-05,2.443186637e-08
NOTCH,192000,20,0,0,1,5,-1.087153168,-1.087153173,5.31123695e-09
NOTCH,192000,20,0,0,1,20,-179.8029016,-240,60.19709843
NOTCH,192000,20,0,0,1,40,-4.436973994,-4.436974,5.731447428e-09
NOTCH,192000,20,0,0,1,90000,1.805272511e-08,-1.804671931e-08,3.609944442e-08
NOTCH,192000,20,0.1000000015,0,1,5,-0.4076988472,-0.4076988476,3.421037481e-10
NOTCH,192000,20,0.1000000015,0,1,20,-179.9469284,-240,60.05307155
NOTCH,192000,20,0.1000000015,0,1,40,-2.082122681,-2.082122683,1.245894221e-09
NOTCH,192000,20,0.1000000015,0,1,90000,6.24554591e-09,-6.244540121e-09,1.249008603e-08
NOTCH,192000,20,0.6000000238,0,1,5,-0.04544652619,-0.04544652814,1.942367017e-09
NOTCH,192000,20,0.6000000238,0,1,20,-179.1227446,-240,60.87725537
NOTCH,192000,20,0.6000000238,0,1,40,-0.276537889,-0.2765378951,6.084320846e-09
NOTCH,192000,20,0.6000000238,0,1,90000,6.671217413e-10,-6.674081466e-10,1.334529888e-09
NOTCH,192000,20,1,0,1,5,-0.01925921047,-0.0192592089,1.570927113e-09
NOTCH,192000,20,1,0,1,20,-178.8251183,-240,61.17488173
NOTCH,192000,20,1,0,1,40,-0.1189922075,-0.1189921911,1.641952223e-08
NOTCH,192000,20,1,0,1,90000,2.820387828e-10,-2.819799588e-10,5.640187416e-10
NOTCH,192000,100,0,0,1,25,-1.087151409,-1.087151419,1.038676398e-08
NOTCH,192000,100,0,0,1,100,-174.7291308,-176.2814045,1.552273732
NOTCH,192000,100,0,0,1,200,-4.436950198,-4.436950201,3.751214672e-09
NOTCH,192000,100,0,0,1,90000,-4.031278222e-07,-4.511687578e-07,4.804093559e-08
NOTCH,192000,100,0.1000000015,0,1,25,-0.4076981411,-0.4076981378,3.368069434e-09
NOTCH,192000,100,0.1000000015,0,1,100,-171.5381843,-171.672426,0.1342417689
NOTCH,192000,100,0.1000000015,0,1,200,-2.082108528,-2.08210852,7.724620221e-09
NOTCH,192000,100,0.1000000015,0,1,90000,-5.477740975e-08,-1.561137599e-07,1.013363502e-07
NOTCH,192000,100,0.6000000238,0,1,25,-0.04544645343,-0.04544644567,7.760085321e-09
NOTCH,192000,100,0.6000000238,0,1,100,-162.7397093,-161.9613373,0.7783719785
NOTCH,192000,100,0.6000000238,0,1,200,-0.2765355801,-0.2765356011,2.10311032e-08
NOTCH,192000,100,0.6000000238,0,1,90000,7.016672296e-09,-1.66852355e-08,2.37019078e-08
NOTCH,192000,100,1,0,1,25,-0.01925917253,-0.01925917385,1.317133568e-09
NOTCH,192000,100,1,0,1,100,-158.13569,-158.2196048,0.08391478884
NOTCH,192000,100,1,0,1,200,-0.1189911874,-0.1189911861,1.36026523e-09
NOTCH,192000,100,1,0,1,90000,7.049322496e-09,-7.049512474e-09,1.409883497e-08
NOTCH,192000,500,0,0,1,125,-1.087107671,-1.087107646,2.536002655e-08
NOTCH,192000,500,0,0,1,500,-179.0227769,-176.2891503,2.733626653
NOTCH,192000,500,0,0,1,1000,-4.436354902,-4.436354879,2.374008767e-08
NOTCH,192000,500,0,0,1,90000,-1.123486511e-05,-1.127970213e-05,4.483701816e-08
NOTCH,192000,500,0.1000000015,0,1,125,-0.4076804423,-0.4076804262,1.609349475e-08
NOTCH,192000,500,0.1000000015,0,1,500,-176.4389674,-171.6801718,4.758795609
NOTCH,192000,500,0.1000000015,0,1,1000,-2.081754242,-2.081754256,1.480988715e-08
NOTCH,192000,500,0.1000000015,0,1,90000,-3.966684143e-06,-3.903014383e-06,6.366976043e-08
NOTCH,192000,500,0.6000000238,0,1,125,-0.04544437746,-0.04544438802,1.05627995e-08
NOTCH,192000,500,0.6000000238,0,1,500,-162.6823035,-161.9690831,0.7132204216
NOTCH,192000,500,0.6000000238,0,1,1000,-0.276478221,-0.2764782212,1.170587793e-10
NOTCH,192000,500,0.6000000238,0,1,90000,-3.437232921e-07,-4.171492416e-07,7.342594957e-08
NOTCH,192000,500,1,0,1,125,-0.01925830932,-0.01925829923,1.008737382e-08
NOTCH,192000,500,1,0,1,500,-158.6497733,-158.2273505,0.422422743
NOTCH,192000,500,1,0,1,1000,-0.1189660608,-0.1189660476,1.328448558e-08
NOTCH,192000,500,1,0,1,90000,-1.119346846e-07,-1.762455706e-07,6.431088602e-08
NOTCH,192000,1000,0,0,1,250,-1.086970871,-1.086970858,1.27794505e-08
NOTCH,192000,1000,0,0,1,1000,-170.3646417,-185.2305328,14.8658911
NOTCH,192000,1000,0,0,1,2000,-4.434494464,-4.434494469,4.791027242e-09
NOTCH,192000,1000,0,0,1,90000,-4.523457065e-05,-4.512484913e-05,1.09721529e-07
NOTCH,192000,1000,0.1000000015,0,1,250,-0.4076250923,-0.4076250801,1.218019216e-08
NOTCH,192000,1000,0.1000000015,0,1,1000,-166.4463984,-180.6215543,14.17515591
NOTCH,192000,1000,0.1000000015,0,1,2000,-2.080647286,-2.080647293,7.106564892e-09
NOTCH,192000,1000,0.1000000015,0,1,90000,-1.560456446e-05,-1.56141875e-05,9.623046868e-09
NOTCH,192000,1000,0.6000000238,0,1,250,-0.04543795139,-0.04543795819,6.800904891e-09
NOTCH,192000,1000,0.6000000238,0,1,1000,-167.1259905,-170.9104656,3.784475074
NOTCH,192000,1000,0.6000000238,0,1,2000,-0.2762989641,-0.2762989521,1.205920366e-08
NOTCH,192000,1000,0.6000000238,0,1,90000,-1.801281807e-06,-1.668826627e-06,1.324551803e-07
NOTCH,192000,1000,1,0,1,250,-0.01925557269,-0.0192555662,6.485575784e-09
NOTCH,192000,1000,1,0,1,1000,-165.5113579,-167.168733,1.657375157
NOTCH,192000,1000,1,0,1,2000,-0.1188875585,-0.1188875098,4.86361772e-08
NOTCH,192000,1000,1,0,1,90000,-7.525292875e-07,-7.050793731e-07,4.744991441e-08
NOTCH,192000,5000,0,0,1,1246.753247,-1.076962917,-1.07696297,5.265600905e-08
NOTCH,192000,5000,0,0,1,4923.076923,-36.1535226,-36.15352537,2.767917539e-06
NOTCH,192000,5000,0,0,1,10200,-4.195042207,-4.195042204,3.537382942e-09
NOTCH,192000,5000,0,0,1,90000,-0.00113304983,-0.001132972006,7.78239666e-08
NOTCH,192000,5000,0.1000000015,0,1,1246.753247,-0.4035785692,-0.4035785646,4.614777463e-09
NOTCH,192000,5000,0.1000000015,0,1,4923.076923,-31.54653559,-31.54653662,1.030533619e-06
NOTCH,192000,5000,0.1000000015,0,1,10200,-1.939779241,-1.939779218,2.248853864e-08
NOTCH,192000,5000,0.1000000015,0,1,90000,-0.0003920766756,-0.0003920652738,1.140186533e-08
NOTCH,192000,5000,0.6000000238,0,1,1246.753247,-0.04496806521,-0.04496805084,1.436928189e-08
NOTCH,192000,5000,0.6000000238,0,1,4923.076923,-21.86079258,-21.86079235,2.303614615e-07
NOTCH,192000,5000,0.6000000238,0,1,10200,-0.253796027,-0.2537960338,6.79451112e-09
NOTCH,192000,5000,0.6000000238,0,1,90000,-4.197379309e-05,-4.190511323e-05,6.867986108e-08
NOTCH,192000,5000,1,0,1,1246.753247,-0.01905580313,-0.01905583601,3.288944683e-08
NOTCH,192000,5000,1,0,1,4923.076923,-18.15756351,-18.15756357,5.980987172e-08
NOTCH,192000,5000,1,0,1,10200,-0.1090434624,-0.1090434515,1.086599237e-08
NOTCH,192000,5000,1,0,1,90000,-1.769600662e-05,-1.770496081e-05,8.954189327e-09
NOTCH,192000,10000,0,0,1,2493.506494,-1.063381271,-1.063381378,1.071028169e-07
NOTCH,192000,10000,0,0,1,10200,-33.90799905,-33.90799863,4.274665653e-07
NOTCH,192000,10000,0,0,1,20250,-4.074080427,-4.074080387,4.011178811e-08
NOTCH,192000,10000,0,0,1,90000,-0.004593541246,-0.004593446114,9.513173802e-08
NOTCH,192000,10000,0.1000000015,0,1,2493.506494,-0.3980958578,-0.3980959657,1.07897854e-07
NOTCH,192000,10000,0.1000000015,0,1,10200,-29.30235641,-29.30235656,1.511001342e-07
NOTCH,192000,10000,0.1000000015,0,1,20250,-1.869837671,-1.869837695,2.411054539e-08
NOTCH,192000,10000,0.1000000015,0,1,90000,-0.001589985827,-0.001589977465,8.361163702e-09
NOTCH,192000,10000,0.6000000238,0,1,2493.506494,-0.04433201839,-0.04433199337,2.501670559e-08
NOTCH,192000,10000,0.6000000238,0,1,10200,-19.63367579,-19.6336757,9.291023861e-08
NOTCH,192000,10000,0.6000000238,0,1,20250,-0.2428494425,-0.2428494309,1.165335364e-08
NOTCH,192000,10000,0.6000000238,0,1,90000,-0.0001699782868,-0.0001699624979,1.578890602e-08
NOTCH,192000,10000,1,0,1,2493.506494,-0.01878551381,-0.0187855049,8.904591476e-09
NOTCH,192000,10000,1,0,1,10200,-15.95605417,-15.9560541,7.221228548e-08
NOTCH,192000,10000,1,0,1,20250,-0.1042651673,-0.1042651556,1.174554495e-08
NOTCH,192000,10000,1,0,1,90000,-7.177956104e-05,-7.180997145e-05,3.041040963e-08
NOTCH,192000,20000,0,0,1,4923.076923,-0.9835526108,-0.9835526098,9.305228532e-10
NOTCH,192000,20000,0,0,1,20250,-37.47909078,-37.47909087,9.763128794e-08
NOTCH,192000,20000,0,0,1,39750,-3.504673881,-3.504673874,6.977097455e-09
NOTCH,192000,20000,0,0,1,90000,-0.0194179083,-0.01941796251,5.420277781e-08
NOTCH,192000,20000,0.1000000015,0,1,4923.076923,-0.3660771642,-0.366077188,2.375926193e-08
NOTCH,192000,20000,0.1000000015,0,1,20250,-32.87157914,-32.87157883,3.076839352e-07
NOTCH,192000,20000,0.1000000015,0,1,39750,-1.55171201,-1.551712009,1.48280338e-09
NOTCH,192000,20000,0.1000000015,0,1,90000,-0.006728756356,-0.006728845928,8.957178011e-08
NOTCH,192000,20000,0.6000000238,0,1,4923.076923,-0.04063147485,-0.04063151956,4.470778875e-08
NOTCH,192000,20000,0.6000000238,0,1,20250,-23.17918442,-23.17918452,1.077319078e-07
NOTCH,192000,20000,0.6000000238,0,1,39750,-0.1949009682,-0.1949009644,3.747933908e-09
NOTCH,192000,20000,0.6000000238,0,1,90000,-0.0007195692598,-0.0007196680444,9.878462044e-08
NOTCH,192000,20000,1,0,1,4923.076923,-0.017213104,-0.01721321608,1.120843683e-07
NOTCH,192000,20000,1,0,1,20250,-19.46590779,-19.46590752,2.721919956e-07
NOTCH,192000,20000,1,0,1,39750,-0.08341513827,-0.08341512207,1.620186486e-08
NOTCH,192000,20000,1,0,1,90000,-0.0003040587532,-0.0003040743173,1.556406498e-08
NOTCH,192000,1000,0.1000000015,0,0,250,0,0,0
NOTCH,192000,1000,0.1000000015,0,0,1000,0,0,0
NOTCH,192000,1000,0.1000000015,0,0,2000,0,0,0
NOTCH,192000,1000,0.1000000015,0,0,90000,0,0,0
NOTCH,192000,1000,0.1000000015,0,0.349999994,250,-0.230714914,-0.2307149341,2.011095915e-08
NOTCH,192000,1000,0.1000000015,0,0.349999994,1000,-3.741732718,-3.741732787,6.932016106e-08
NOTCH,192000,1000,0.1000000015,0,0.349999994,2000,-1.078085762,-1.078085769,7.131451429e-09
NOTCH,192000,1000,0.1000000015,0,0.349999994,90000,-8.877039614e-06,-9.017186314e-06,1.401466998e-07
NOTCH,192000,1000,0.1000000015,0,1,250,-0.4076250923,-0.4076250801,1.218019216e-08
NOTCH,192000,1000,0.1000000015,0,1,1000,-166.4463984,-180.6215543,14.17515591
NOTCH,192000,1000,0.1000000015,0,1,2000,-2.080647286,-2.080647293,7.106564892e-09
NOTCH,192000,1000,0.1000000015,0,1,90000,-1.560456446e-05,-1.56141875e-05,9.623046868e-09
PEAK,44100,20,0,-24,1,5,-7.332792546,-7.332792549,2.537795751e-09
PEAK,44100,20,0,-24,1,20,-24.00000023,-24,2.254074696e-07
PEAK,44100,20,0,-24,1,39.98186763,-14.19417951,-14.19417949,1.430253516e-08
PEAK,44100,20,0,-24,1,20671.875,-5.457966685e-06,-5.399971106e-06,5.799557823e-08
PEAK,44100,20,0,0,1,5,0,0,0
PEAK,44100,20,0,0,1,20,0,0,0
PEAK,44100,20,0,0,1,39.98186763,0,0,0
PEAK,44100,20,0,0,1,20671.875,0,0,0
PEAK,44100,20,0,24,1,5,7.332792178,7.332792174,3.543265903e-09
PEAK,44100,20,0,24,1,20,23.99999911,23.9999991,8.836176235e-10
PEAK,44100,20,0,24,1,39.98186763,14.19417902,14.19417901,2.875997662e-09
PEAK,44100,20,0,24,1,20671.875,5.397614459e-06,5.399970545e-06,2.356085832e-09
PEAK,44100,20,0.1000000015,-24,1,5,-4.055356814,-4.055356816,2.272200428e-09
PEAK,44100,20,0.1000000015,-24,1,20,-24.00000019,-24,1.928198872e-07
PEAK,44100,20,0.1000000015,-24,1,39.98186763,-10.15416737,-10.15416735,1.768996238e-08
PEAK,44100,20,0.1000000015,-24,1,20671.875,-1.790520414e-06,-1.868502855e-06,7.798244188e-08
PEAK,44100,20,0.1000000015,0,1,5,0,0,0
PEAK,44100,20,0.1000000015,0,1,20,0,0,0
PEAK,44100,20,0.1000000015,0,1,39.98186763,0,0,0
PEAK,44100,20,0.1000000015,0,1,20671.875,0,0,0
PEAK,44100,20,0.1000000015,24,1,5,4.055356545,4.055356541,3.887721256e-09
PEAK,44100,20,0.1000000015,24,1,20,23.99999911,23.9999991,9.317613348e-10
PEAK,44100,20,0.1000000015,24,1,39.98186763,10.15416694,10.15416693,8.240663707e-09
PEAK,44100,20,0.1000000015,24,1,20671.875,1.776226616e-06,1.868502662e-06,9.227604582e-08
PEAK,44100,20,0.6000000238,-24,1,5,-0.666788307,-0.6667882992,7.868013602e-09
PEAK,44100,20,0.6000000238,-24,1,20,-24.00000018,-24,1.756065284e-07
PEAK,44100,20,0.6000000238,-24,1,39.98186763,-3.085903761,-3.08590374,2.171467051e-08
PEAK,44100,20,0.6000000238,-24,1,20671.875,-2.24551074e-07,-1.99703181e-07,2.484789298e-08
PEAK,44100,20,0.6000000238,0,1,5,0,0,0
PEAK,44100,20,0.6000000238,0,1,20,0,0,0
PEAK,44100,20,0.6000000238,0,1,39.98186763,0,0,0
PEAK,44100,20,0.6000000238,0,1,20671.875,0,0,0
PEAK,44100,20,0.6000000238,24,1,5,0.6667882337,0.6667882348,1.164533747e-09
PEAK,44100,20,0.6000000238,24,1,20,23.9999991,23.9999991,1.620490409e-10
PEAK,44100,20,0.6000000238,24,1,39.98186763,3.085903509,3.085903509,9.070533213e-11
PEAK,44100,20,0.6000000238,24,1,20671.875,2.040985539e-07,1.997031591e-07,4.395394847e-09
PEAK,44100,20,1,-24,1,5,-0.294403956,-0.2944039553,6.95054056e-10
PEAK,44100,20,1,-24,1,20,-24.0000002,-24,2.0048022e-07
PEAK,44100,20,1,-24,1,39.98186763,-1.578755605,-1.5787556,5.103803991e-09
PEAK,44100,20,1,-24,1,20671.875,-1.312333037e-07,-8.437460066e-08,4.685870306e-08
PEAK,44100,20,1,0,1,5,0,0,0
PEAK,44100,20,1,0,1,20,0,0,0
PEAK,44100,20,1,0,1,39.98186763,0,0,0
PEAK,44100,20,1,0,1,20671.875,0,0,0
PEAK,44100,20,1,24,1,5,0.2944039239,0.2944039257,1.784895488e-09
PEAK,44100,20,1,24,1,20,23.99999877,23.9999991,3.382004099e-07
PEAK,44100,20,1,24,1,39.98186763,1.578755472,1.578755462,1.013983569e-08
PEAK,44100,20,1,24,1,20671.875,7.43675472e-08,8.437459117e-08,1.000704397e-08
PEAK,44100,100,0,-24,1,25,-7.332672284,-7.332672295,1.16815202e-08
PEAK,44100,100,0,-24,1,100,-24.00000003,-24,3.27958265e-08
PEAK,44100,100,0,-24,1,199.5475113,-14.21628013,-14.21628016,2.698571766e-08
PEAK,44100,100,0,-24,1,20671.875,-0.0001351312554,-0.0001350017675,1.294878093e-07
PEAK,44100,100,0,0,1,25,0,0,0
PEAK,44100,100,0,0,1,100,0,0,0
PEAK,44100,100,0,0,1,199.5475113,0,0,0
PEAK,44100,100,0,0,1,20671.875,0,0,0
PEAK,44100,100,0,24,1,25,7.332671911,7.332671921,9.551955671e-09
PEAK,44100,100,0,24,1,100,23.99999913,23.9999991,2.576539693e-08
PEAK,44100,100,0,24,1,199.5475113,14.21627966,14.21627968,1.911940872e-08
PEAK,44100,100,0,24,1,20671.875,0.000135007171,0.0001350017535,5.417447715e-09
PEAK,44100,100,0.1000000015,-24,1,25,-4.055266249,-4.05526624,8.77162587e-09
PEAK,44100,100,0.1000000015,-24,1,100,-24.00000024,-24,2.390696245e-07
PEAK,44100,100,0.1000000015,-24,1,199.5475113,-10.17640129,-10.17640126,2.997476312e-08
PEAK,44100,100,0.1000000015,-24,1,20671.875,-4.67255778e-05,-4.671389242e-05,1.168537615e-08
PEAK,44100,100,0.1000000015,0,1,25,0,0,0
PEAK,44100,100,0.1000000015,0,1,100,0,0,0
PEAK,44100,100,0.1000000015,0,1,199.5475113,0,0,0
PEAK,44100,100,0.1000000015,0,1,20671.875,0,0,0
PEAK,44100,100,0.1000000015,24,1,25,4.055265958,4.055265964,6.763574256e-09
PEAK,44100,100,0.1000000015,24,1,100,23.99999912,23.9999991,1.360334423e-08
PEAK,44100,100,0.1000000015,24,1,199.5475113,10.17640083,10.17640083,4.965919231e-09
PEAK,44100,100,0.1000000015,24,1,20671.875,4.669799e-05,4.671388756e-05,1.589756255e-08
PEAK,44100,100,0.6000000238,-24,1,25,-0.6667669461,-0.6667669412,4.919819357e-09
PEAK,44100,100,0.6000000238,-24,1,100,-23.99999993,-24,7.435125315e-08
PEAK,44100,100,0.6000000238,-24,1,199.5475113,-3.098869706,-3.098869706,4.865443604e-10
PEAK,44100,100,0.6000000238,-24,1,20671.875,-5.084446962e-06,-4.992743926e-06,9.170303592e-08
PEAK,44100,100,0.6000000238,0,1,25,0,0,0
PEAK,44100,100,0.6000000238,0,1,100,0,0,0
PEAK,44100,100,0.6000000238,0,1,199.5475113,0,0,0
PEAK,44100,100,0.6000000238,0,1,20671.875,0,0,0
PEAK,44100,100,0.6000000238,24,1,25,0.6667668748,0.6667668769,2.092241241e-09
PEAK,44100,100,0.6000000238,24,1,100,23.9999991,23.9999991,3.436575469e-09
PEAK,44100,100,0.6000000238,24,1,199.5475113,3.098869495,3.098869475,2.042010927e-08
PEAK,44100,100,0.6000000238,24,1,20671.875,5.030652595e-06,4.992743406e-06,3.79091894e-08
PEAK,44100,100,1,-24,1,25,-0.2943941234,-0.2943941161,7.310436916e-09
PEAK,44100,100,1,-24,1,100,-23.99999985,-24,1.530632368e-07
PEAK,44100,100,1,-24,1,199.5475113,-1.586548331,-1.586548322,9.30337829e-09
PEAK,44100,100,1,-24,1,20671.875,-2.044535672e-06,-2.10943515e-06,6.489947871e-08
PEAK,44100,100,1,0,1,25,0,0,0
PEAK,44100,100,1,0,1,100,0,0,0
PEAK,44100,100,1,0,1,199.5475113,0,0,0
PEAK,44100,100,1,0,1,20671.875,0,0,0
PEAK,44100,100,1,24,1,25,0.294394064,0.2943940865,2.245771726e-08
PEAK,44100,100,1,24,1,100,23.99999878,23.9999991,3.225646132e-07
PEAK,44100,100,1,24,1,199.5475113,1.586548173,1.586548183,1.034898972e-08
PEAK,44100,100,1,24,1,20671.875,2.091901969e-06,2.109434929e-06,1.753295995e-08
PEAK,44100,500,0,-24,1,124.9291785,-7.325205261,-7.325205264,2.763382634e-09
PEAK,44100,500,0,-24,1,495.505618,-23.99440387,-23.99440462,7.46046946e-07
PEAK,44100,500,0,-24,1,980,-14.42833365,-14.42833339,2.631479963e-07
PEAK,44100,500,0,-24,1,20671.875,-0.003376727986,-0.003376595845,1.321405545e-07
PEAK,44100,500,0,0,1,124.9291785,0,0,0
PEAK,44100,500,0,0,1,495.505618,0,0,0
PEAK,44100,500,0,0,1,980,0,0,0
PEAK,44100,500,0,0,1,20671.875,0,0,0
PEAK,44100,500,0,24,1,124.9291785,7.325204903,7.325204889,1.35993492e-08
PEAK,44100,500,0,24,1,495.505618,23.99440377,23.99440372,4.867279912e-08
PEAK,44100,500,0,24,1,980,14.42833288,14.42833291,3.094380796e-08
PEAK,44100,500,0,24,1,20671.875,0.003376574601,0.003376595494,2.089265026e-08
PEAK,44100,500,0.1000000015,-24,1,124.9291785,-4.049643355,-4.049643336,1.982387388e-08
PEAK,44100,500,0.1000000015,-24,1,495.505618,-23.98384959,-23.98384914,4.473269213e-07
PEAK,44100,500,0.1000000015,-24,1,980,-10.3905497,-10.39054982,1.129845888e-07
PEAK,44100,500,0.1000000015,-24,1,20671.875,-0.001168592664,-0.001168671686,7.902276756e-08
PEAK,44100,500,0.1000000015,0,1,124.9291785,0,0,0
PEAK,44100,500,0.1000000015,0,1,495.505618,0,0,0
PEAK,44100,500,0.1000000015,0,1,980,0,0,0
PEAK,44100,500,0.1000000015,0,1,20671.875,0,0,0
PEAK,44100,500,0.1000000015,24,1,124.9291785,4.049643054,4.04964306,5.768162392e-09
PEAK,44100,500,0.1000000015,24,1,495.505618,23.98384833,23.98384825,7.819472536e-08
PEAK,44100,500,0.1000000015,24,1,980,10.39054942,10.39054939,2.7021958e-08
PEAK,44100,500,0.1000000015,24,1,20671.875,0.001168672489,0.001168671565,9.24476637e-10
PEAK,44100,500,0.6000000238,-24,1,124.9291785,-0.6654417049,-0.6654417375,3.254781211e-08
PEAK,44100,500,0.6000000238,-24,1,495.505618,-23.85120114,-23.85120202,8.747642291e-07
PEAK,44100,500,0.6000000238,-24,1,980,-3.22543244,-3.225432478,3.8351058e-08
PEAK,44100,500,0.6000000238,-24,1,20671.875,-0.0001248163968,-0.0001249212328,1.048359626e-07
PEAK,44100,500,0.6000000238,0,1,124.9291785,0,0,0
PEAK,44100,500,0.6000000238,0,1,495.505618,0,0,0
PEAK,44100,500,0.6000000238,0,1,980,0,0,0
PEAK,44100,500,0.6000000238,0,1,20671.875,0,0,0
PEAK,44100,500,0.6000000238,24,1,124.9291785,0.665441691,0.6654416732,1.777674802e-08
PEAK,44100,500,0.6000000238,24,1,495.505618,23.85120114,23.85120114,1.470358058e-09
PEAK,44100,500,0.6000000238,24,1,980,3.225432344,3.22543224,1.039299969e-07
PEAK,44100,500,0.6000000238,24,1,20671.875,0.000124872302,0.0001249212198,4.891778325e-08
PEAK,44100,500,1,-24,1,124.9291785,-0.293783713,-0.2937836756,3.73878736e-08
PEAK,44100,500,1,-24,1,495.505618,-23.65578939,-23.65578917,2.210144299e-07
PEAK,44100,500,1,-24,1,980,-1.663112455,-1.663112434,2.161264739e-08
PEAK,44100,500,1,-24,1,20671.875,-5.292137063e-05,-5.277966611e-05,1.417045153e-07
PEAK,44100,500,1,0,1,124.9291785,0,0,0
PEAK,44100,500,1,0,1,495.505618,0,0,0
PEAK,44100,500,1,0,1,980,0,0,0
PEAK,44100,500,1,0,1,20671.875,0,0,0
PEAK,44100,500,1,24,1,124.9291785,0.2937836358,0.2937836461,1.024435071e-08
PEAK,44100,500,1,24,1,495.505618,23.65578835,23.6557883,4.567116019e-08
PEAK,44100,500,1,24,1,980,1.663112265,1.66311229,2.474022592e-08
PEAK,44100,500,1,24,1,20671.875,5.286054605e-05,5.277966062e-05,8.088542136e-08
PEAK,44100,1000,0,-24,1,249.1525424,-7.293566539,-7.293566497,4.194949077e-08
PEAK,44100,1000,0,-24,1,980,-23.97191936,-23.97191996,6.027762174e-07
PEAK,44100,1000,0,-24,1,2037.228261,-13.8934397,-13.89343961,9.116637267e-08
PEAK,44100,1000,0,-24,1,20671.875,-0.01352581724,-0.01352580814,9.095955099e-09
PEAK,44100,1000,0,0,1,249.1525424,0,0,0
PEAK,44100,1000,0,0,1,980,0,0,0
PEAK,44100,1000,0,0,1,2037.228261,0,0,0
PEAK,44100,1000,0,0,1,20671.875,0,0,0
PEAK,44100,1000,0,24,1,249.1525424,7.293566125,7.293566123,1.473140054e-09
PEAK,44100,1000,0,24,1,980,23.97191904,23.97191907,2.31324524e-08
PEAK,44100,1000,0,24,1,2037.228261,13.8934391,13.89343913,3.267492943e-08
PEAK,44100,1000,0,24,1,20671.875,0.01352573341,0.01352580674,7.332642395e-08
PEAK,44100,1000,0.1000000015,-24,1,249.1525424,-4.025847967,-4.025847959,7.03204972e-09
PEAK,44100,1000,0.1000000015,-24,1,980,-23.91934255,-23.91934338,8.285023982e-07
PEAK,44100,1000,0.1000000015,-24,1,2037.228261,-9.853195736,-9.853195721,1.560458052e-08
PEAK,44100,1000,0.1000000015,-24,1,20671.875,-0.004685034281,-0.004685016339,1.794160247e-08
PEAK,44100,1000,0.1000000015,0,1,249.1525424,0,0,0
PEAK,44100,1000,0.1000000015,0,1,980,0,0,0
PEAK,44100,1000,0.1000000015,0,1,2037.228261,0,0,0
PEAK,44100,1000,0.1000000015,0,1,20671.875,0,0,0
PEAK,44100,1000,0.1000000015,24,1,249.1525424,4.025847724,4.025847685,3.950311345e-08
PEAK,44100,1000,0.1000000015,24,1,980,23.91934249,23.91934249,2.975246716e-09
PEAK,44100,1000,0.1000000015,24,1,2037.228261,9.85319529,9.853195302,1.190480137e-08
PEAK,44100,1000,0.1000000015,24,1,20671.875,0.004685057869,0.004685015852,4.201717672e-08
PEAK,44100,1000,0.6000000238,-24,1,249.1525424,-0.659848523,-0.6598485003,2.273856869e-08
PEAK,44100,1000,0.6000000238,-24,1,980,-23.29858767,-23.29858737,2.944637432e-07
PEAK,44100,1000,0.6000000238,-24,1,2037.228261,-2.913606163,-2.913606162,8.874408985e-10
PEAK,44100,1000,0.6000000238,-24,1,20671.875,-0.0005011283648,-0.0005009716377,1.567270313e-07
PEAK,44100,1000,0.6000000238,0,1,249.1525424,0,0,0
PEAK,44100,1000,0.6000000238,0,1,980,0,0,0
PEAK,44100,1000,0.6000000238,0,1,2037.228261,0,0,0
PEAK,44100,1000,0.6000000238,0,1,20671.875,0,0,0
PEAK,44100,1000,0.6000000238,24,1,249.1525424,0.6598484016,0.6598484365,3.495398365e-08
PEAK,44100,1000,0.6000000238,24,1,980,23.29858662,23.29858654,7.484242559e-08
PEAK,44100,1000,0.6000000238,24,1,2037.228261,2.913605951,2.913605941,9.986824145e-09
PEAK,44100,1000,0.6000000238,24,1,20671.875,0.000500974507,0.0005009715856,2.921421636e-09
PEAK,44100,1000,1,-24,1,249.1525424,-0.2912083679,-0.2912083304,3.756687423e-08
PEAK,44100,1000,1,-24,1,980,-22.49407442,-22.49407349,9.23748833e-07
PEAK,44100,1000,1,-24,1,2037.228261,-1.476106496,-1.476106544,4.798386438e-08
PEAK,44100,1000,1,-24,1,20671.875,-0.0002117518685,-0.000211667637,8.423158565e-08
PEAK,44100,1000,1,0,1,249.1525424,0,0,0
PEAK,44100,1000,1,0,1,980,0,0,0
PEAK,44100,1000,1,0,1,2037.228261,0,0,0
PEAK,44100,1000,1,0,1,20671.875,0,0,0
PEAK,44100,1000,1,24,1,249.1525424,0.2912082598,0.2912083011,4.120102307e-08
PEAK,44100,1000,1,24,1,980,22.49407269,22.49407273,3.626120737e-08
PEAK,44100,1000,1,24,1,2037.228261,1.476106406,1.476106413,7.19127724e-09
PEAK,44100,1000,1,24,1,20671.875,0.000211578512,0.0002116676149,8.910297725e-08
PEAK,44100,5000,0,-24,1,1225,-6.859129022,-6.859129049,2.706336621e-08
PEAK,44100,5000,0,-24,1,4995.703125,-23.99993942,-23.99993982,3.987619692e-07
PEAK,44100,5000,0,-24,1,9991.40625,-12.44449131,-12.44449153,2.145506377e-07
PEAK,44100,5000,0,-24,1,20671.875,-0.3542568507,-0.3542568064,4.436135136e-08
PEAK,44100,5000,0,0,1,1225,0,0,0
PEAK,44100,5000,0,0,1,4995.703125,0,0,0
PEAK,44100,5000,0,0,1,9991.40625,0,0,0
PEAK,44100,5000,0,0,1,20671.875,0,0,0
PEAK,44100,5000,0,24,1,1225,6.859128683,6.859128685,1.94759453e-09
PEAK,44100,5000,0,24,1,4995.703125,23.99993892,23.99993892,2.292273038e-09
PEAK,44100,5000,0,24,1,9991.40625,12.44449113,12.44449107,5.957220139e-08
PEAK,44100,5000,0,24,1,20671.875,0.3542567594,0.354256771,1.158662598e-08
PEAK,44100,5000,0.1000000015,-24,1,1225,-3.704016562,-3.704016652,8.973402255e-08
PEAK,44100,5000,0.1000000015,-24,1,4995.703125,-23.9998261,-23.99982607,3.11214654e-08
PEAK,44100,5000,0.1000000015,-24,1,9991.40625,-8.443661403,-8.443661412,8.544898566e-09
PEAK,44100,5000,0.1000000015,-24,1,20671.875,-0.1259040734,-0.1259040427,3.069468283e-08
PEAK,44100,5000,0.1000000015,0,1,1225,0,0,0
PEAK,44100,5000,0.1000000015,0,1,4995.703125,0,0,0
PEAK,44100,5000,0.1000000015,0,1,9991.40625,0,0,0
PEAK,44100,5000,0.1000000015,0,1,20671.875,0,0,0
PEAK,44100,5000,0.1000000015,24,1,1225,3.70401636,3.704016391,3.144944427e-08
PEAK,44100,5000,0.1000000015,24,1,4995.703125,23.99982518,23.99982517,4.004946597e-09
PEAK,44100,5000,0.1000000015,24,1,9991.40625,8.443660976,8.443661016,4.003760967e-08
PEAK,44100,5000,0.1000000015,24,1,20671.875,0.1259040355,0.1259040298,5.655853091e-09
PEAK,44100,5000,0.6000000238,-24,1,1225,-0.5865230655,-0.5865231156,5.009885033e-08
PEAK,44100,5000,0.6000000238,-24,1,4995.703125,-23.99837347,-23.99837291,5.566562846e-07
PEAK,44100,5000,0.6000000238,-24,1,9991.40625,-2.185335555,-2.185335556,1.132993643e-09
PEAK,44100,5000,0.6000000238,-24,1,20671.875,-0.01363351739,-0.01363342503,9.235448636e-08
PEAK,44100,5000,0.6000000238,0,1,1225,0,0,0
PEAK,44100,5000,0.6000000238,0,1,4995.703125,0,0,0
PEAK,44100,5000,0.6000000238,0,1,9991.40625,0,0,0
PEAK,44100,5000,0.6000000238,0,1,20671.875,0,0,0
PEAK,44100,5000,0.6000000238,24,1,1225,0.5865231581,0.5865230585,9.959652439e-08
PEAK,44100,5000,0.6000000238,24,1,4995.703125,23.99837198,23.99837202,4.007339438e-08
PEAK,44100,5000,0.6000000238,24,1,9991.40625,2.185335352,2.185335377,2.457739501e-08
PEAK,44100,5000,0.6000000238,24,1,20671.875,0.01363347463,0.01363342362,5.100984437e-08
PEAK,44100,5000,1,-24,1,1225,-0.2576135714,-0.2576135232,4.819383845e-08
PEAK,44100,5000,1,-24,1,4995.703125,-23.99615011,-23.9961499,2.070514782e-07
PEAK,44100,5000,1,-24,1,9991.40625,-1.060989379,-1.060989365,1.417001139e-08
PEAK,44100,5000,1,-24,1,20671.875,-0.005765361516,-0.005765386354,2.483798269e-08
PEAK,44100,5000,1,0,1,1225,0,0,0
PEAK,44100,5000,1,0,1,4995.703125,0,0,0
PEAK,44100,5000,1,0,1,9991.40625,0,0,0
PEAK,44100,5000,1,0,1,20671.875,0,0,0
PEAK,44100,5000,1,24,1,1225,0.2576133722,0.2576134972,1.250441403e-07
PEAK,44100,5000,1,24,1,4995.703125,23.99614907,23.996149,6.846063005e-08
PEAK,44100,5000,1,24,1,9991.40625,1.060989251,1.060989267,1.574425468e-08
PEAK,44100,5000,1,24,1,20671.875,0.005765336392,0.005765385755,4.936328e-08
PEAK,44100,10000,0,-24,1,2450,-5.835772692,-5.835772621,7.080997633e-08
PEAK,44100,10000,0,-24,1,9991.40625,-23.9998946,-23.99989498,3.758281242e-07
PEAK,44100,10000,0,-24,1,19982.8125,-3.152760352,-3.152760377,2.436557611e-08
PEAK,44100,10000,0,-24,1,20671.875,-1.651643113,-1.651643133,1.958339885e-08
PEAK,44100,10000,0,0,1,2450,0,0,0
PEAK,44100,10000,0,0,1,9991.40625,0,0,0
PEAK,44100,10000,0,0,1,19982.8125,0,0,0
PEAK,44100,10000,0,0,1,20671.875,0,0,0
PEAK,44100,10000,0,24,1,2450,5.835772319,5.835772284,3.547837935e-08
PEAK,44100,10000,0,24,1,9991.40625,23.99989405,23.99989408,3.802821169e-08
PEAK,44100,10000,0,24,1,19982.8125,3.152760167,3.152760143,2.388516995e-08
PEAK,44100,10000,0,24,1,20671.875,1.65164295,1.651642989,3.963208856e-08
PEAK,44100,10000,0.1000000015,-24,1,2450,-2.983528878,-2.983528863,1.442430464e-08
PEAK,44100,10000,0.1000000015,-24,1,9991.40625,-23.9996966,-23.9996965,1.017610707e-07
PEAK,44100,10000,0.1000000015,-24,1,19982.8125,-1.367618073,-1.367617942,1.316534051e-07
PEAK,44100,10000,0.1000000015,-24,1,20671.875,-0.6457337786,-0.6457338186,4.001561446e-08
PEAK,44100,10000,0.1000000015,0,1,2450,0,0,0
PEAK,44100,10000,0.1000000015,0,1,9991.40625,0,0,0
PEAK,44100,10000,0.1000000015,0,1,19982.8125,0,0,0
PEAK,44100,10000,0.1000000015,0,1,20671.875,0,0,0
PEAK,44100,10000,0.1000000015,24,1,2450,2.983528582,2.983528638,5.535066072e-08
PEAK,44100,10000,0.1000000015,24,1,9991.40625,23.99969559,23.9996956,1.387308934e-08
PEAK,44100,10000,0.1000000015,24,1,19982.8125,1.36761784,1.367617819,2.060829035e-08
PEAK,44100,10000,0.1000000015,24,1,20671.875,0.6457337883,0.6457337561,3.212179789e-08
PEAK,44100,10000,0.6000000238,-24,1,2450,-0.4373102828,-0.4373102319,5.094974902e-08
PEAK,44100,10000,0.6000000238,-24,1,9991.40625,-23.9971611,-23.99716113,3.934367143e-08
PEAK,44100,10000,0.6000000238,-24,1,19982.8125,-0.1687100782,-0.1687101426,6.447447741e-08
PEAK,44100,10000,0.6000000238,-24,1,20671.875,-0.07382167681,-0.07382162882,4.798749717e-08
PEAK,44100,10000,0.6000000238,0,1,2450,0,0,0
PEAK,44100,10000,0.6000000238,0,1,9991.40625,0,0,0
PEAK,44100,10000,0.6000000238,0,1,19982.8125,0,0,0
PEAK,44100,10000,0.6000000238,0,1,20671.875,0,0,0
PEAK,44100,10000,0.6000000238,24,1,2450,0.4373101754,0.4373101886,1.321474576e-08
PEAK,44100,10000,0.6000000238,24,1,9991.40625,23.99716022,23.99716024,1.619171197e-08
PEAK,44100,10000,0.6000000238,24,1,19982.8125,0.1687101077,0.1687101254,1.774538142e-08
PEAK,44100,10000,0.6000000238,24,1,20671.875,0.07382165155,0.07382162121,3.033835123e-08
PEAK,44100,10000,1,-24,1,2450,-0.1902070288,-0.1902070047,2.40330436e-08
PEAK,44100,10000,1,-24,1,9991.40625,-23.99328371,-23.99328381,1.000899665e-07
PEAK,44100,10000,1,-24,1,19982.8125,-0.07208768283,-0.07208768669,3.859210087e-09
PEAK,44100,10000,1,-24,1,20671.875,-0.03134410657,-0.03134409342,1.31496095e-08
PEAK,44100,10000,1,0,1,2450,0,0,0
PEAK,44100,10000,1,0,1,9991.40625,0,0,0
PEAK,44100,10000,1,0,1,19982.8125,0,0,0
PEAK,44100,10000,1,0,1,20671.875,0,0,0
PEAK,44100,10000,1,24,1,2450,0.1902070316,0.1902069854,4.619227982e-08
PEAK,44100,10000,1,24,1,9991.40625,23.99328302,23.99328292,9.998505579e-08
PEAK,44100,10000,1,24,1,19982.8125,0.07208771686,0.07208767925,3.76091962e-08
PEAK,44100,10000,1,24,1,20671.875,0.03134409197,0.03134409017,1.802194766e-09
PEAK,44100,20000,0,-24,1,4995.703125,-0.8642708458,-0.8642708438,2.004811872e-09
PEAK,44100,20000,0,-24,1,19982.8125,-23.71470251,-23.71470325,7.389036973e-07
PEAK,44100,20000,0,-24,1,20671.875,-17.20508509,-17.20508495,1.402490764e-07
PEAK,44100,20000,0,-24,1,20671.875,-17.20508509,-17.20508495,1.402490764e-07
PEAK,44100,20000,0,0,1,4995.703125,0,0,0
PEAK,44100,20000,0,0,1,19982.8125,0,0,0
PEAK,44100,20000,0,0,1,20671.875,0,0,0
PEAK,44100,20000,0,0,1,20671.875,0,0,0
PEAK,44100,20000,0,24,1,4995.703125,0.8642707784,0.8642707622,1.61914466e-08
PEAK,44100,20000,0,24,1,19982.8125,23.7147025,23.71470239,1.191904975e-07
PEAK,44100,20000,0,24,1,20671.875,17.20508438,17.20508442,4.27460054e-08
PEAK,44100,20000,0,24,1,20671.875,17.20508438,17.20508442,4.27460054e-08
PEAK,44100,20000,0.1000000015,-24,1,4995.703125,-0.3190663886,-0.3190663585,3.00912697e-08
PEAK,44100,20000,0.1000000015,-24,1,19982.8125,-23.22223737,-23.22223822,8.501961721e-07
PEAK,44100,20000,0.1000000015,-24,1,20671.875,-13.34688141,-13.34688123,1.790174093e-07
PEAK,44100,20000,0.1000000015,-24,1,20671.875,-13.34688141,-13.34688123,1.790174093e-07
PEAK,44100,20000,0.1000000015,0,1,4995.703125,0,0,0
PEAK,44100,20000,0.1000000015,0,1,19982.8125,0,0,0
PEAK,44100,20000,0.1000000015,0,1,20671.875,0,0,0
PEAK,44100,20000,0.1000000015,0,1,20671.875,0,0,0
PEAK,44100,20000,0.1000000015,24,1,4995.703125,0.3190663315,0.3190663265,4.990771602e-09
PEAK,44100,20000,0.1000000015,24,1,19982.8125,23.22223749,23.2222374,9.399158873e-08
PEAK,44100,20000,0.1000000015,24,1,20671.875,13.34688082,13.34688076,5.535520975e-08
PEAK,44100,20000,0.1000000015,24,1,20671.875,13.34688082,13.34688076,5.535520975e-08
PEAK,44100,20000,0.6000000238,-24,1,4995.703125,-0.03525151029,-0.0352514975,1.2788708e-08
PEAK,44100,20000,0.6000000238,-24,1,19982.8125,-19.49278045,-19.4927804,4.776412732e-08
PEAK,44100,20000,0.6000000238,-24,1,20671.875,-5.28648388,-5.286483904,2.485062667e-08
PEAK,44100,20000,0.6000000238,-24,1,20671.875,-5.28648388,-5.286483904,2.485062667e-08
PEAK,44100,20000,0.6000000238,0,1,4995.703125,0,0,0
PEAK,44100,20000,0.6000000238,0,1,19982.8125,0,0,0
PEAK,44100,20000,0.6000000238,0,1,20671.875,0,0,0
PEAK,44100,20000,0.6000000238,0,1,20671.875,0,0,0
PEAK,44100,20000,0.6000000238,24,1,4995.703125,0.03525150963,0.03525149385,1.577814951e-08
PEAK,44100,20000,0.6000000238,24,1,19982.8125,19.49277985,19.4927798,4.801341191e-08
PEAK,44100,20000,0.6000000238,24,1,20671.875,5.286483558,5.286483583,2.505656793e-08
PEAK,44100,20000,0.6000000238,24,1,20671.875,5.286483558,5.286483583,2.505656793e-08
PEAK,44100,20000,1,-24,1,4995.703125,-0.01492894506,-0.01492896113,1.606584912e-08
PEAK,44100,20000,1,-24,1,19982.8125,-16.77990839,-16.77990849,9.82770918e-08
PEAK,44100,20000,1,-24,1,20671.875,-3.032420793,-3.032420712,8.13368729e-08
PEAK,44100,20000,1,-24,1,20671.875,-3.032420793,-3.032420712,8.13368729e-08
PEAK,44100,20000,1,0,1,4995.703125,0,0,0
PEAK,44100,20000,1,0,1,19982.8125,0,0,0
PEAK,44100,20000,1,0,1,20671.875,0,0,0
PEAK,44100,20000,1,0,1,20671.875,0,0,0
PEAK,44100,20000,1,24,1,4995.703125,0.01492898722,0.01492895958,2.764456214e-08
PEAK,44100,20000,1,24,1,19982.8125,16.77990797,16.77990797,3.076841004e-10
PEAK,44100,20000,1,24,1,20671.875,3.032420384,3.032420484,9.971731829e-08
PEAK,44100,20000,1,24,1,20671.875,3.032420384,3.032420484,9.971731829e-08
PEAK,44100,1000,0.1000000015,6,0,249.1525424,0,0,0
PEAK,44100,1000,0.1000000015,6,0,980,0,0,0
PEAK,44100,1000,0.1000000015,6,0,2037.228261,0,0,0
PEAK,44100,1000,0.1000000015,6,0,20671.875,0,0,0
PEAK,44100,1000,0.1000000015,6,0.349999994,249.1525424,0.162155635,0.1621556649,2.987609567e-08
PEAK,44100,1000,0.1000000015,6,0.349999994,980,2.591378183,2.591378161,2.204160554e-08
PEAK,44100,1000,0.1000000015,6,0.349999994,2037.228261,0.7241988048,0.7241988277,2.290128087e-08
PEAK,44100,1000,0.1000000015,6,0.349999994,20671.875,0.0001217860893,0.0001217378424,4.824691805e-08
PEAK,44100,1000,0.1000000015,6,1,249.1525424,0.5638616428,0.5638616733,3.059238048e-08
PEAK,44100,1000,0.1000000015,6,1,980,5.992305591,5.992305624,3.33810819e-08
PEAK,44100,1000,0.1000000015,6,1,2037.228261,2.204454761,2.204454779,1.784480991e-08
PEAK,44100,1000,0.1000000015,6,1,20671.875,0.0004435286855,0.0004436239884,9.530292598e-08
PEAK,48000,20,0,-24,1,5,-7.332793325,-7.332793329,3.900411771e-09
PEAK,48000,20,0,-24,1,20,-23.99999982,-24,1.857131098e-07
PEAK,48000,20,0,-24,1,40,-14.18850543,-14.18850551,8.408131125e-08
PEAK,48000,20,0,-24,1,22500,-4.681305143e-06,-4.558123504e-06,1.231816399e-07
PEAK,48000,20,0,0,1,5,0,0,0
PEAK,48000,20,0,0,1,20,0,0,0
PEAK,48000,20,0,0,1,40,0,0,0
PEAK,48000,20,0,0,1,22500,0,0,0
PEAK,48000,20,0,24,1,5,7.332792956,7.332792954,2.661325604e-09
PEAK,48000,20,0,24,1,20,23.99999911,23.9999991,4.884830318e-09
PEAK,48000,20,0,24,1,40,14.18850505,14.18850504,9.160617154e-09
PEAK,48000,20,0,24,1,22500,4.518678709e-06,4.55812303e-06,3.944432092e-08
PEAK,48000,20,0.1000000015,-24,1,5,-4.055357402,-4.055357404,1.53538815e-09
PEAK,48000,20,0.1000000015,-24,1,20,-23.99999981,-24,1.956392177e-07
PEAK,48000,20,0.1000000015,-24,1,40,-10.14846174,-10.14846175,1.640732616e-08
PEAK,48000,20,0.1000000015,-24,1,22500,-1.699541998e-06,-1.577205891e-06,1.223361069e-07
PEAK,48000,20,0.1000000015,0,1,5,0,0,0
PEAK,48000,20,0.1000000015,0,1,20,0,0,0
PEAK,48000,20,0.1000000015,0,1,40,0,0,0
PEAK,48000,20,0.1000000015,0,1,22500,0,0,0
PEAK,48000,20,0.1000000015,24,1,5,4.055357126,4.055357128,1.41600609e-09
PEAK,48000,20,0.1000000015,24,1,20,23.99999911,23.9999991,4.881899329e-09
PEAK,48000,20,0.1000000015,24,1,40,10.14846132,10.14846133,1.0898904e-08
PEAK,48000,20,0.1000000015,24,1,22500,1.559362178e-06,1.577205726e-06,1.78435477e-08
PEAK,48000,20,0.6000000238,-24,1,5,-0.6667884409,-0.6667884376,3.235625157e-09
PEAK,48000,20,0.6000000238,-24,1,20,-23.99999985,-24,1.543838781e-07
PEAK,48000,20,0.6000000238,-24,1,40,-3.08258173,-3.082581732,1.994598264e-09
PEAK,48000,20,0.6000000238,-24,1,22500,-1.227976726e-07,-1.685697312e-07,4.577205855e-08
PEAK,48000,20,0.6000000238,0,1,5,0,0,0
PEAK,48000,20,0.6000000238,0,1,20,0,0,0
PEAK,48000,20,0.6000000238,0,1,40,0,0,0
PEAK,48000,20,0.6000000238,0,1,22500,0,0,0
PEAK,48000,20,0.6000000238,24,1,5,0.6667883753,0.6667883733,1.959506335e-09
PEAK,48000,20,0.6000000238,24,1,20,23.99999911,23.9999991,4.7738693e-09
PEAK,48000,20,0.6000000238,24,1,40,3.08258149,3.082581502,1.151855689e-08
PEAK,48000,20,0.6000000238,24,1,22500,1.842903019e-07,1.685697144e-07,1.572058755e-08
PEAK,48000,20,1,-24,1,5,-0.2944040113,-0.2944040191,7.750430894e-09
PEAK,48000,20,1,-24,1,20,-23.99999984,-24,1.655882382e-07
PEAK,48000,20,1,-24,1,40,-1.576760547,-1.576760558,1.166598557e-08
PEAK,48000,20,1,-24,1,22500,-1.320980702e-08,-7.122071681e-08,5.801090979e-08
PEAK,48000,20,1,0,1,5,0,0,0
PEAK,48000,20,1,0,1,20,0,0,0
PEAK,48000,20,1,0,1,40,0,0,0
PEAK,48000,20,1,0,1,22500,0,0,0
PEAK,48000,20,1,24,1,5,0.2944039879,0.2944039894,1.58501165e-09
PEAK,48000,20,1,24,1,20,23.99999878,23.9999991,3.233737269e-07
PEAK,48000,20,1,24,1,40,1.576760434,1.57676042,1.371770864e-08
PEAK,48000,20,1,24,1,22500,6.276822886e-08,7.122070948e-08,8.452480614e-09
PEAK,48000,100,0,-24,1,25,-7.332691856,-7.332691826,3.016249472e-08
PEAK,48000,100,0,-24,1,100,-23.99999993,-24,7.045706596e-08
PEAK,48000,100,0,-24,1,200,-14.187991,-14.18799093,6.835714172e-08
PEAK,48000,100,0,-24,1,22500,-0.0001140363976,-0.0001139548616,8.153607794e-08
PEAK,48000,100,0,0,1,25,0,0,0
PEAK,48000,100,0,0,1,100,0,0,0
PEAK,48000,100,0,0,1,200,0,0,0
PEAK,48000,100,0,0,1,22500,0,0,0
PEAK,48000,100,0,24,1,25,7.332691453,7.332691451,1.70828085e-09
PEAK,48000,100,0,24,1,100,23.99999911,23.9999991,6.020927756e-09
PEAK,48000,100,0,24,1,200,14.18799048,14.18799045,2.632866947e-08
PEAK,48000,100,0,24,1,22500,0.0001139762888,0.0001139548497,2.143904617e-08
PEAK,48000,100,0.1000000015,-24,1,25,-4.055280955,-4.055280951,4.264857023e-09
PEAK,48000,100,0.1000000015,-24,1,100,-23.99999998,-24,2.294044066e-08
PEAK,48000,100,0.1000000015,-24,1,200,-10.14794437,-10.14794435,2.050261427e-08
PEAK,48000,100,0.1000000015,-24,1,22500,-3.947568955e-05,-3.943108848e-05,4.460106827e-08
PEAK,48000,100,0.1000000015,0,1,25,0,0,0
PEAK,48000,100,0.1000000015,0,1,100,0,0,0
PEAK,48000,100,0.1000000015,0,1,200,0,0,0
PEAK,48000,100,0.1000000015,0,1,22500,0,0,0
PEAK,48000,100,0.1000000015,24,1,25,4.055280661,4.055280675,1.358960089e-08
PEAK,48000,100,0.1000000015,24,1,100,23.99999913,23.9999991,2.517545461e-08
PEAK,48000,100,0.1000000015,24,1,200,10.14794392,10.14794393,5.70505021e-09
PEAK,48000,100,0.1000000015,24,1,22500,3.937996899e-05,3.943108438e-05,5.111538232e-08
PEAK,48000,100,0.6000000238,-24,1,25,-0.6667704055,-0.6667704099,4.415981331e-09
PEAK,48000,100,0.6000000238,-24,1,100,-23.99999999,-24,9.852274552e-09
PEAK,48000,100,0.6000000238,-24,1,200,-3.082280554,-3.08228059,3.558150596e-08
PEAK,48000,100,0.6000000238,-24,1,22500,-4.25149559e-06,-4.214360411e-06,3.713517914e-08
PEAK,48000,100,0.6000000238,0,1,25,0,0,0
PEAK,48000,100,0.6000000238,0,1,100,0,0,0
PEAK,48000,100,0.6000000238,0,1,200,0,0,0
PEAK,48000,100,0.6000000238,0,1,22500,0,0,0
PEAK,48000,100,0.6000000238,24,1,25,0.6667703457,0.6667703456,1.154508711e-10
PEAK,48000,100,0.6000000238,24,1,100,23.99999911,23.9999991,9.359267139e-09
PEAK,48000,100,0.6000000238,24,1,200,3.082280414,3.082280359,5.41578592e-08
PEAK,48000,100,0.6000000238,24,1,22500,4.254144746e-06,4.214359972e-06,3.978477409e-08
PEAK,48000,100,1,-24,1,25,-0.2943957305,-0.2943957141,1.643560995e-08
PEAK,48000,100,1,-24,1,100,-24.00000006,-24,5.389743762e-08
PEAK,48000,100,1,-24,1,200,-1.576579733,-1.576579737,3.945596516e-09
PEAK,48000,100,1,-24,1,22500,-1.824899036e-06,-1.780567891e-06,4.433114477e-08
PEAK,48000,100,1,0,1,25,0,0,0
PEAK,48000,100,1,0,1,100,0,0,0
PEAK,48000,100,1,0,1,200,0,0,0
PEAK,48000,100,1,0,1,22500,0,0,0
PEAK,48000,100,1,24,1,25,0.2943956795,0.2943956845,4.957859845e-09
PEAK,48000,100,1,24,1,100,23.99999877,23.9999991,3.301986728e-07
PEAK,48000,100,1,24,1,200,1.576579607,1.576579599,8.046831146e-09
PEAK,48000,100,1,24,1,22500,1.607424694e-06,1.780567705e-06,1.731430111e-07
PEAK,48000,500,0,-24,1,125,-7.330158694,-7.330158692,2.086417927e-09
PEAK,48000,500,0,-24,1,500,-23.99999977,-24,2.306710609e-07
PEAK,48000,500,0,-24,1,1000,-14.17510826,-14.17510839,1.293513106e-07
PEAK,48000,500,0,-24,1,22500,-0.002850015231,-0.002849977102,3.812850736e-08
PEAK,48000,500,0,0,1,125,0,0,0
PEAK,48000,500,0,0,1,500,0,0,0
PEAK,48000,500,0,0,1,1000,0,0,0
PEAK,48000,500,0,0,1,22500,0,0,0
PEAK,48000,500,0,24,1,125,7.33015827,7.330158317,4.784119012e-08
PEAK,48000,500,0,24,1,500,23.99999912,23.9999991,1.69229688e-08
PEAK,48000,500,0,24,1,1000,14.17510786,14.17510791,4.455848179e-08
PEAK,48000,500,0,24,1,22500,0.002849933836,0.002849976806,4.296926823e-08
PEAK,48000,500,0.1000000015,-24,1,125,-4.053373104,-4.053373122,1.776752678e-08
PEAK,48000,500,0.1000000015,-24,1,500,-23.99999977,-24,2.306709748e-07
PEAK,48000,500,0.1000000015,-24,1,1000,-10.1349942,-10.13499413,6.334075398e-08
PEAK,48000,500,0.1000000015,-24,1,22500,-0.0009864956645,-0.0009863645501,1.311144698e-07
PEAK,48000,500,0.1000000015,0,1,125,0,0,0
PEAK,48000,500,0.1000000015,0,1,500,0,0,0
PEAK,48000,500,0.1000000015,0,1,1000,0,0,0
PEAK,48000,500,0.1000000015,0,1,22500,0,0,0
PEAK,48000,500,0.1000000015,24,1,125,4.053372855,4.053372846,8.995627354e-09
PEAK,48000,500,0.1000000015,24,1,500,23.99999919,23.9999991,8.887019476e-08
PEAK,48000,500,0.1000000015,24,1,1000,10.13499374,10.13499371,2.424590306e-08
PEAK,48000,500,0.1000000015,24,1,22500,0.0009864635305,0.0009863644475,9.908298924e-08
PEAK,48000,500,0.6000000238,-24,1,125,-0.6663206154,-0.666320622,6.611240666e-09
PEAK,48000,500,0.6000000238,-24,1,500,-23.99999995,-24,4.993204161e-08
PEAK,48000,500,0.6000000238,-24,1,1000,-3.074748883,-3.074748951,6.745175862e-08
PEAK,48000,500,0.6000000238,-24,1,22500,-0.0001054116985,-0.0001054321318,2.043328819e-08
PEAK,48000,500,0.6000000238,0,1,125,0,0,0
PEAK,48000,500,0.6000000238,0,1,500,0,0,0
PEAK,48000,500,0.6000000238,0,1,1000,0,0,0
PEAK,48000,500,0.6000000238,0,1,22500,0,0,0
PEAK,48000,500,0.6000000238,24,1,125,0.6663205104,0.6663205577,4.72851783e-08
PEAK,48000,500,0.6000000238,24,1,500,23.99999917,23.9999991,6.167466715e-08
PEAK,48000,500,0.6000000238,24,1,1000,3.07474866,3.074748721,6.068926039e-08
PEAK,48000,500,0.6000000238,24,1,22500,0.000105407598,0.0001054321209,2.452282757e-08
PEAK,48000,500,1,-24,1,125,-0.294188485,-0.2941885128,2.773404616e-08
PEAK,48000,500,1,-24,1,500,-23.99999998,-24,1.967455177e-08
PEAK,48000,500,1,-24,1,1000,-1.572059179,-1.572059026,1.525664565e-07
PEAK,48000,500,1,-24,1,22500,-4.468890322e-05,-4.45453933e-05,1.435099189e-07
PEAK,48000,500,1,0,1,125,0,0,0
PEAK,48000,500,1,0,1,500,0,0,0
PEAK,48000,500,1,0,1,1000,0,0,0
PEAK,48000,500,1,0,1,22500,0,0,0
PEAK,48000,500,1,24,1,125,0.2941884584,0.2941884832,2.480504267e-08
PEAK,48000,500,1,24,1,500,23.99999876,23.9999991,3.478792099e-07
PEAK,48000,500,1,24,1,1000,1.572058894,1.572058889,4.952592225e-09
PEAK,48000,500,1,24,1,22500,4.451176399e-05,4.454538867e-05,3.362467854e-08
PEAK,48000,1000,0,-24,1,250,-7.322237754,-7.322237712,4.190169034e-08
PEAK,48000,1000,0,-24,1,1000,-24.00000041,-24,4.135209277e-07
PEAK,48000,1000,0,-24,1,2000,-14.13472221,-14.13472267,4.64124525e-07
PEAK,48000,1000,0,-24,1,22500,-0.01141378525,-0.01141374421,4.10398087e-08
PEAK,48000,1000,0,0,1,250,0,0,0
PEAK,48000,1000,0,0,1,1000,0,0,0
PEAK,48000,1000,0,0,1,2000,0,0,0
PEAK,48000,1000,0,0,1,22500,0,0,0
PEAK,48000,1000,0,24,1,250,7.322237341,7.322237338,3.657512293e-09
PEAK,48000,1000,0,24,1,1000,23.99999899,23.9999991,1.105753622e-07
PEAK,48000,1000,0,24,1,2000,14.13472218,14.1347222,1.509223191e-08
PEAK,48000,1000,0,24,1,22500,0.01141359745,0.01141374302,1.455750506e-07
PEAK,48000,1000,0.1000000015,-24,1,250,-4.047409432,-4.047409418,1.397329374e-08
PEAK,48000,1000,0.1000000015,-24,1,1000,-24.00000033,-24,3.269587232e-07
PEAK,48000,1000,0.1000000015,-24,1,2000,-10.09443136,-10.09443142,6.299280342e-08
PEAK,48000,1000,0.1000000015,-24,1,22500,-0.003952853663,-0.003952814475,3.918843472e-08
PEAK,48000,1000,0.1000000015,0,1,250,0,0,0
PEAK,48000,1000,0.1000000015,0,1,1000,0,0,0
PEAK,48000,1000,0.1000000015,0,1,2000,0,0,0
PEAK,48000,1000,0.1000000015,0,1,22500,0,0,0
PEAK,48000,1000,0.1000000015,24,1,250,4.047409152,4.047409142,9.295571091e-09
PEAK,48000,1000,0.1000000015,24,1,1000,23.99999907,23.9999991,3.737833332e-08
PEAK,48000,1000,0.1000000015,24,1,2000,10.09443097,10.094431,2.419606959e-08
PEAK,48000,1000,0.1000000015,24,1,22500,0.003952770025,0.003952814064,4.403838295e-08
PEAK,48000,1000,0.6000000238,-24,1,250,-0.6649155996,-0.6649156213,2.171211175e-08
PEAK,48000,1000,0.6000000238,-24,1,1000,-24.00000079,-24,7.912569258e-07
PEAK,48000,1000,0.6000000238,-24,1,2000,-3.051230166,-3.051230212,4.611663995e-08
PEAK,48000,1000,0.6000000238,-24,1,22500,-0.0004226789365,-0.00042264477,3.416653683e-08
PEAK,48000,1000,0.6000000238,0,1,250,0,0,0
PEAK,48000,1000,0.6000000238,0,1,1000,0,0,0
PEAK,48000,1000,0.6000000238,0,1,2000,0,0,0
PEAK,48000,1000,0.6000000238,0,1,22500,0,0,0
PEAK,48000,1000,0.6000000238,24,1,250,0.664915555,0.6649155571,2.136439275e-09
PEAK,48000,1000,0.6000000238,24,1,1000,23.99999898,23.9999991,1.251492785e-07
PEAK,48000,1000,0.6000000238,24,1,2000,3.051229993,3.051229984,9.405458079e-09
PEAK,48000,1000,0.6000000238,24,1,22500,0.0004226943576,0.000422644726,4.963163521e-08
PEAK,48000,1000,1,-24,1,250,-0.2935413518,-0.2935413541,2.345986121e-09
PEAK,48000,1000,1,-24,1,1000,-24.00000019,-24,1.911963992e-07
PEAK,48000,1000,1,-24,1,2000,-1.557963011,-1.557963046,3.500702089e-08
PEAK,48000,1000,1,-24,1,22500,-0.0001784752247,-0.0001785724847,9.725999106e-08
PEAK,48000,1000,1,0,1,250,0,0,0
PEAK,48000,1000,1,0,1,1000,0,0,0
PEAK,48000,1000,1,0,1,2000,0,0,0
PEAK,48000,1000,1,0,1,22500,0,0,0
PEAK,48000,1000,1,24,1,250,0.2935413005,0.2935413246,2.408822607e-08
PEAK,48000,1000,1,24,1,1000,23.99999915,23.9999991,4.429751144e-08
PEAK,48000,1000,1,24,1,2000,1.557962855,1.55796291,5.470186298e-08
PEAK,48000,1000,1,24,1,22500,0.0001786960351,0.0001785724662,1.235689492e-07
PEAK,48000,5000,0,-24,1,1230.769231,-6.945091793,-6.945091764,2.890921924e-08
PEAK,48000,5000,0,-24,1,5062.5,-23.9877648,-23.98776503,2.213194286e-07
PEAK,48000,5000,0,-24,1,9937.5,-12.82609675,-12.82609675,4.917519281e-09
PEAK,48000,5000,0,-24,1,22500,-0.2967545865,-0.2967546433,5.676175208e-08
PEAK,48000,5000,0,0,1,1230.769231,0,0,0
PEAK,48000,5000,0,0,1,5062.5,0,0,0
PEAK,48000,5000,0,0,1,9937.5,0,0,0
PEAK,48000,5000,0,0,1,22500,0,0,0
PEAK,48000,5000,0,24,1,1230.769231,6.945091411,6.945091398,1.366120062e-08
PEAK,48000,5000,0,24,1,5062.5,23.98776413,23.98776413,4.610916982e-09
PEAK,48000,5000,0,24,1,9937.5,12.82609626,12.82609629,2.848905423e-08
PEAK,48000,5000,0,24,1,22500,0.2967546007,0.2967546134,1.270008697e-08
PEAK,48000,5000,0.1000000015,-24,1,1230.769231,-3.766964223,-3.76696418,4.396412023e-08
PEAK,48000,5000,0.1000000015,-24,1,5062.5,-23.96473554,-23.96473538,1.545458286e-07
PEAK,48000,5000,0.1000000015,-24,1,9937.5,-8.808416245,-8.808416187,5.899017874e-08
PEAK,48000,5000,0.1000000015,-24,1,22500,-0.105012323,-0.105012495,1.719745102e-07
PEAK,48000,5000,0.1000000015,0,1,1230.769231,0,0,0
PEAK,48000,5000,0.1000000015,0,1,5062.5,0,0,0
PEAK,48000,5000,0.1000000015,0,1,9937.5,0,0,0
PEAK,48000,5000,0.1000000015,0,1,22500,0,0,0
PEAK,48000,5000,0.1000000015,24,1,1230.769231,3.766963985,3.766963916,6.924182994e-08
PEAK,48000,5000,0.1000000015,24,1,5062.5,23.96473446,23.96473449,2.705835378e-08
PEAK,48000,5000,0.1000000015,24,1,9937.5,8.808415761,8.808415784,2.24536747e-08
PEAK,48000,5000,0.1000000015,24,1,22500,0.1050124157,0.1050124842,6.84682159e-08
PEAK,48000,5000,0.6000000238,-24,1,1230.769231,-0.6005289137,-0.6005289198,6.055994983e-09
PEAK,48000,5000,0.6000000238,-24,1,5062.5,-23.68081913,-23.68081871,4.130748446e-07
PEAK,48000,5000,0.6000000238,-24,1,9937.5,-2.361529365,-2.361529322,4.26085851e-08
PEAK,48000,5000,0.6000000238,-24,1,22500,-0.01134657575,-0.01134654943,2.631898993e-08
PEAK,48000,5000,0.6000000238,0,1,1230.769231,0,0,0
PEAK,48000,5000,0.6000000238,0,1,5062.5,0,0,0
PEAK,48000,5000,0.6000000238,0,1,9937.5,0,0,0
PEAK,48000,5000,0.6000000238,0,1,22500,0,0,0
PEAK,48000,5000,0.6000000238,24,1,1230.769231,0.6005288468,0.6005288614,1.462701035e-08
PEAK,48000,5000,0.6000000238,24,1,5062.5,23.68081786,23.68081785,1.06497744e-08
PEAK,48000,5000,0.6000000238,24,1,9937.5,2.361529193,2.361529132,6.086267978e-08
PEAK,48000,5000,0.6000000238,24,1,22500,0.01134656539,0.01134654825,1.713968315e-08
PEAK,48000,5000,1,-24,1,1230.769231,-0.2640064956,-0.264006457,3.859581014e-08
PEAK,48000,5000,1,-24,1,5062.5,-23.27960756,-23.27960753,3.150031169e-08
PEAK,48000,5000,1,-24,1,9937.5,-1.158618989,-1.158619009,2.011993741e-08
PEAK,48000,5000,1,-24,1,22500,-0.004797539516,-0.004797563414,2.389763549e-08
PEAK,48000,5000,1,0,1,1230.769231,0,0,0
PEAK,48000,5000,1,0,1,5062.5,0,0,0
PEAK,48000,5000,1,0,1,9937.5,0,0,0
PEAK,48000,5000,1,0,1,22500,0,0,0
PEAK,48000,5000,1,24,1,1230.769231,0.2640063851,0.2640064303,4.521545734e-08
PEAK,48000,5000,1,24,1,5062.5,23.27960672,23.2796067,1.57343889e-08
PEAK,48000,5000,1,24,1,9937.5,1.158618891,1.158618903,1.211293393e-08
PEAK,48000,5000,1,24,1,22500,0.004797543679,0.004797562915,1.9236037e-08
PEAK,48000,10000,0,-24,1,2550,-6.349920027,-6.349919961,6.614447545e-08
PEAK,48000,10000,0,-24,1,9937.5,-23.99507369,-23.99507363,6.077516801e-08
PEAK,48000,10000,0,-24,1,20062.5,-5.770965855,-5.77096583,2.494479845e-08
PEAK,48000,10000,0,-24,1,22500,-1.349014599,-1.34901462,2.081811862e-08
PEAK,48000,10000,0,0,1,2550,0,0,0
PEAK,48000,10000,0,0,1,9937.5,0,0,0
PEAK,48000,10000,0,0,1,20062.5,0,0,0
PEAK,48000,10000,0,0,1,22500,0,0,0
PEAK,48000,10000,0,24,1,2550,6.34991964,6.349919609,3.050319108e-08
PEAK,48000,10000,0,24,1,9937.5,23.99507275,23.99507273,1.442547948e-08
PEAK,48000,10000,0,24,1,20062.5,5.77096551,5.770965494,1.58572111e-08
PEAK,48000,10000,0,24,1,22500,1.349014574,1.349014499,7.511968486e-08
PEAK,48000,10000,0.1000000015,-24,1,2550,-3.338751851,-3.338751877,2.638765484e-08
PEAK,48000,10000,0.1000000015,-24,1,9937.5,-23.98577834,-23.98577814,1.968617624e-07
PEAK,48000,10000,0.1000000015,-24,1,20062.5,-2.939747457,-2.939747436,2.058363213e-08
PEAK,48000,10000,0.1000000015,-24,1,22500,-0.5160252823,-0.5160254524,1.701032742e-07
PEAK,48000,10000,0.1000000015,0,1,2550,0,0,0
PEAK,48000,10000,0.1000000015,0,1,9937.5,0,0,0
PEAK,48000,10000,0.1000000015,0,1,20062.5,0,0,0
PEAK,48000,10000,0.1000000015,0,1,22500,0,0,0
PEAK,48000,10000,0.1000000015,24,1,2550,3.338751607,3.338751634,2.734522264e-08
PEAK,48000,10000,0.1000000015,24,1,9937.5,23.98577729,23.98577725,4.489031635e-08
PEAK,48000,10000,0.1000000015,24,1,20062.5,2.939747223,2.939747213,9.96599081e-09
PEAK,48000,10000,0.1000000015,24,1,22500,0.5160253988,0.5160254017,2.960448789e-09
PEAK,48000,10000,0.6000000238,-24,1,2550,-0.5083775062,-0.5083775181,1.18944162e-08
PEAK,48000,10000,0.6000000238,-24,1,9937.5,-23.86873443,-23.86873495,5.166667183e-07
PEAK,48000,10000,0.6000000238,-24,1,20062.5,-0.428875432,-0.4288754411,9.126225387e-09
PEAK,48000,10000,0.6000000238,-24,1,22500,-0.05819724762,-0.05819712252,1.25095467e-07
PEAK,48000,10000,0.6000000238,0,1,2550,0,0,0
PEAK,48000,10000,0.6000000238,0,1,9937.5,0,0,0
PEAK,48000,10000,0.6000000238,0,1,20062.5,0,0,0
PEAK,48000,10000,0.6000000238,0,1,22500,0,0,0
PEAK,48000,10000,0.6000000238,24,1,2550,0.5083774893,0.5083774681,2.111448101e-08
PEAK,48000,10000,0.6000000238,24,1,9937.5,23.86873406,23.86873407,1.621582868e-09
PEAK,48000,10000,0.6000000238,24,1,20062.5,0.4288754084,0.4288753986,9.822660962e-09
PEAK,48000,10000,0.6000000238,24,1,22500,0.05819724066,0.05819711651,1.241525339e-07
PEAK,48000,10000,1,-24,1,2550,-0.2221516287,-0.2221516094,1.930560741e-08
PEAK,48000,10000,1,-24,1,9937.5,-23.69554924,-23.69554868,5.596877788e-07
PEAK,48000,10000,1,-24,1,20062.5,-0.1864348302,-0.186434858,2.788036834e-08
PEAK,48000,10000,1,-24,1,22500,-0.02468423765,-0.02468425847,2.081781662e-08
PEAK,48000,10000,1,0,1,2550,0,0,0
PEAK,48000,10000,1,0,1,9937.5,0,0,0
PEAK,48000,10000,1,0,1,20062.5,0,0,0
PEAK,48000,10000,1,0,1,22500,0,0,0
PEAK,48000,10000,1,24,1,2550,0.2221515663,0.2221515868,2.055938979e-08
PEAK,48000,10000,1,24,1,9937.5,23.6955478,23.69554781,1.620012569e-08
PEAK,48000,10000,1,24,1,20062.5,0.1864348348,0.1864348391,4.296661978e-09
PEAK,48000,10000,1,24,1,22500,0.02468416229,0.02468425591,9.361911867e-08
PEAK,48000,20000,0,-24,1,5062.5,-1.888141229,-1.888141238,8.646146854e-09
PEAK,48000,20000,0,-24,1,20062.5,-23.98141971,-23.98141972,8.354874126e-09
PEAK,48000,20000,0,-24,1,22500,-10.75833353,-10.75833353,2.013376132e-09
PEAK,48000,20000,0,-24,1,22500,-10.75833353,-10.75833353,2.013376132e-09
PEAK,48000,20000,0,0,1,5062.5,0,0,0
PEAK,48000,20000,0,0,1,20062.5,0,0,0
PEAK,48000,20000,0,0,1,22500,0,0,0
PEAK,48000,20000,0,0,1,22500,0,0,0
PEAK,48000,20000,0,24,1,5062.5,1.888141054,1.888141078,2.415518918e-08
PEAK,48000,20000,0,24,1,20062.5,23.98141881,23.98141883,1.909172376e-08
PEAK,48000,20000,0,24,1,22500,10.75833305,10.7583331,4.970009915e-08
PEAK,48000,20000,0,24,1,22500,10.75833305,10.7583331,4.970009915e-08
PEAK,48000,20000,0.1000000015,-24,1,5062.5,-0.7507561973,-0.7507562107,1.336324398e-08
PEAK,48000,20000,0.1000000015,-24,1,20062.5,-23.9465192,-23.94652034,1.136560204e-06
PEAK,48000,20000,0.1000000015,-24,1,22500,-6.888749629,-6.888749648,1.897032997e-08
PEAK,48000,20000,0.1000000015,-24,1,22500,-6.888749629,-6.888749648,1.897032997e-08
PEAK,48000,20000,0.1000000015,0,1,5062.5,0,0,0
PEAK,48000,20000,0.1000000015,0,1,20062.5,0,0,0
PEAK,48000,20000,0.1000000015,0,1,22500,0,0,0
PEAK,48000,20000,0.1000000015,0,1,22500,0,0,0
PEAK,48000,20000,0.1000000015,24,1,5062.5,0.7507561596,0.7507561389,2.069938695e-08
PEAK,48000,20000,0.1000000015,24,1,20062.5,23.94651942,23.94651945,2.630527618e-08
PEAK,48000,20000,0.1000000015,24,1,22500,6.888749254,6.888749283,2.903049245e-08
PEAK,48000,20000,0.1000000015,24,1,22500,6.888749254,6.888749283,2.903049245e-08
PEAK,48000,20000,0.6000000238,-24,1,5062.5,-0.0867790279,-0.08677906839,4.049344988e-08
PEAK,48000,20000,0.6000000238,-24,1,20062.5,-23.52382391,-23.52382324,6.69086333e-07
PEAK,48000,20000,0.6000000238,-24,1,22500,-1.526173478,-1.526173505,2.727286669e-08
PEAK,48000,20000,0.6000000238,-24,1,22500,-1.526173478,-1.526173505,2.727286669e-08
PEAK,48000,20000,0.6000000238,0,1,5062.5,0,0,0
PEAK,48000,20000,0.6000000238,0,1,20062.5,0,0,0
PEAK,48000,20000,0.6000000238,0,1,22500,0,0,0
PEAK,48000,20000,0.6000000238,0,1,22500,0,0,0
PEAK,48000,20000,0.6000000238,24,1,5062.5,0.08677907649,0.08677905946,1.702984547e-08
PEAK,48000,20000,0.6000000238,24,1,20062.5,23.52382238,23.5238224,1.75155126e-08
PEAK,48000,20000,0.6000000238,24,1,22500,1.526173434,1.526173371,6.313146722e-08
PEAK,48000,20000,0.6000000238,24,1,22500,1.526173434,1.526173371,6.313146722e-08
PEAK,48000,20000,1,-24,1,5062.5,-0.03687763537,-0.03687762551,9.864045746e-09
PEAK,48000,20000,1,-24,1,20062.5,-22.94796634,-22.94796571,6.297703434e-07
PEAK,48000,20000,1,-24,1,22500,-0.7117396728,-0.7117396019,7.091818793e-08
PEAK,48000,20000,1,-24,1,22500,-0.7117396728,-0.7117396019,7.091818793e-08
PEAK,48000,20000,1,0,1,5062.5,0,0,0
PEAK,48000,20000,1,0,1,20062.5,0,0,0
PEAK,48000,20000,1,0,1,22500,0,0,0
PEAK,48000,20000,1,0,1,22500,0,0,0
PEAK,48000,20000,1,24,1,5062.5,0.0368776026,0.03687762169,1.909116473e-08
PEAK,48000,20000,1,24,1,20062.5,22.94796484,22.94796491,6.348380222e-08
PEAK,48000,20000,1,24,1,22500,0.7117395471,0.7117395336,1.356206356e-08
PEAK,48000,20000,1,24,1,22500,0.7117395471,0.7117395336,1.356206356e-08
PEAK,48000,1000,0.1000000015,6,0,250,0,0,0
PEAK,48000,1000,0.1000000015,6,0,1000,0,0,0
PEAK,48000,1000,0.1000000015,6,0,2000,0,0,0
PEAK,48000,1000,0.1000000015,6,0,22500,0,0,0
PEAK,48000,1000,0.1000000015,6,0.349999994,250,0.1634127331,0.1634127642,3.101569523e-08
PEAK,48000,1000,0.1000000015,6,0.349999994,1000,2.59599993,2.595999993,6.233302607e-08
PEAK,48000,1000,0.1000000015,6,0.349999994,2000,0.7579053088,0.757905384,7.51765519e-08
PEAK,48000,1000,0.1000000015,6,0.349999994,22500,0.0001028430503,0.0001027039841,1.390661998e-07
PEAK,48000,1000,0.1000000015,6,1,250,0.568036703,0.5680366934,9.56964237e-09
PEAK,48000,1000,0.1000000015,6,1,1000,5.999999921,5.999999998,7.711982719e-08
PEAK,48000,1000,0.1000000015,6,1,2000,2.291277178,2.291277295,1.170372014e-07
PEAK,48000,1000,0.1000000015,6,1,22500,0.0003744251663,0.000374265012,1.601542676e-07
PEAK,96000,20,0,-24,1,5,-7.332796499,-7.332796494,4.616569349e-09
PEAK,96000,20,0,-24,1,20,-23.99999991,-24,9.082324759e-08
PEAK,96000,20,0,-24,1,40,-14.18852162,-14.1885216,1.956024098e-08
PEAK,96000,20,0,-24,1,45000,-1.234126253e-06,-1.139530323e-06,9.459592984e-08
PEAK,96000,20,0,0,1,5,0,0,0
PEAK,96000,20,0,0,1,20,0,0,0
PEAK,96000,20,0,0,1,40,0,0,0
PEAK,96000,20,0,0,1,45000,0,0,0
PEAK,96000,20,0,24,1,5,7.332796121,7.33279612,1.14625176e-09
PEAK,96000,20,0,24,1,20,23.99999911,23.9999991,7.053523099e-09
PEAK,96000,20,0,24,1,40,14.18852112,14.18852113,4.647639607e-09
PEAK,96000,20,0,24,1,45000,1.126096269e-06,1.139530205e-06,1.343393618e-08
PEAK,96000,20,0.1000000015,-24,1,5,-4.055359785,-4.055359788,3.13948112e-09
PEAK,96000,20,0.1000000015,-24,1,20,-23.99999994,-24,6.027820465e-08
PEAK,96000,20,0.1000000015,-24,1,40,-10.14847794,-10.14847793,4.457777258e-09
PEAK,96000,20,0.1000000015,-24,1,45000,-3.26016188e-07,-3.943011792e-07,6.828499121e-08
PEAK,96000,20,0.1000000015,0,1,5,0,0,0
PEAK,96000,20,0.1000000015,0,1,20,0,0,0
PEAK,96000,20,0.1000000015,0,1,40,0,0,0
PEAK,96000,20,0.1000000015,0,1,45000,0,0,0
PEAK,96000,20,0.1000000015,24,1,5,4.055359509,4.055359512,3.244759572e-09
PEAK,96000,20,0.1000000015,24,1,20,23.99999911,23.9999991,7.056656592e-09
PEAK,96000,20,0.1000000015,24,1,40,10.1484775,10.14847751,1.281696926e-08
PEAK,96000,20,0.1000000015,24,1,45000,4.466397552e-07,3.943011372e-07,5.233861806e-08
PEAK,96000,20,0.6000000238,-24,1,5,-0.6667889991,-0.6667889999,8.863499934e-10
PEAK,96000,20,0.6000000238,-24,1,20,-23.99999994,-24,6.012670362e-08
PEAK,96000,20,0.6000000238,-24,1,40,-3.08259114,-3.082591149,8.55359461e-09
PEAK,96000,20,0.6000000238,-24,1,45000,2.746857854e-08,-4.214239584e-08,6.961097438e-08
PEAK,96000,20,0.6000000238,0,1,5,0,0,0
PEAK,96000,20,0.6000000238,0,1,20,0,0,0
PEAK,96000,20,0.6000000238,0,1,40,0,0,0
PEAK,96000,20,0.6000000238,0,1,45000,0,0,0
PEAK,96000,20,0.6000000238,24,1,5,0.6667889334,0.6667889356,2.235905905e-09
PEAK,96000,20,0.6000000238,24,1,20,23.99999911,23.9999991,7.044109296e-09
PEAK,96000,20,0.6000000238,24,1,40,3.082590902,3.082590918,1.576741382e-08
PEAK,96000,20,0.6000000238,24,1,45000,4.19763722e-08,4.214239081e-08,1.660186158e-10
PEAK,96000,20,1,-24,1,5,-0.2944042818,-0.2944042781,3.727663463e-09
PEAK,96000,20,1,-24,1,20,-23.99999994,-24,5.624015387e-08
PEAK,96000,20,1,-24,1,40,-1.576766191,-1.576766212,2.170739127e-08
PEAK,96000,20,1,-24,1,45000,1.569430414e-08,-1.780516396e-08,3.34994681e-08
PEAK,96000,20,1,0,1,5,0,0,0
PEAK,96000,20,1,0,1,20,0,0,0
PEAK,96000,20,1,0,1,40,0,0,0
PEAK,96000,20,1,0,1,45000,0,0,0
PEAK,96000,20,1,24,1,5,0.2944042491,0.2944042485,6.000076547e-10
PEAK,96000,20,1,24,1,20,23.99999879,23.9999991,3.178265526e-07
PEAK,96000,20,1,24,1,40,1.576766086,1.576766075,1.096059915e-08
PEAK,96000,20,1,24,1,45000,1.56929753e-08,1.780516103e-08,2.112185732e-09
PEAK,96000,100,0,-24,1,25,-7.332771127,-7.332771119,7.724118234e-09
PEAK,96000,100,0,-24,1,100,-24.00000023,-24,2.320520647e-07
PEAK,96000,100,0,-24,1,200,-14.18839292,-14.18839296,4.30356959e-08
PEAK,96000,100,0,-24,1,45000,-2.848731071e-05,-2.848836896e-05,1.058251611e-09
PEAK,96000,100,0,0,1,25,0,0,0
PEAK,96000,100,0,0,1,100,0,0,0
PEAK,96000,100,0,0,1,200,0,0,0
PEAK,96000,100,0,0,1,45000,0,0,0
PEAK,96000,100,0,24,1,25,7.332770746,7.332770744,1.554464113e-09
PEAK,96000,100,0,24,1,100,23.99999912,23.9999991,1.835160024e-08
PEAK,96000,100,0,24,1,200,14.18839247,14.18839248,1.144917361e-08
PEAK,96000,100,0,24,1,45000,2.852110219e-05,2.848836599e-05,3.273620252e-08
PEAK,96000,100,0.1000000015,-24,1,25,-4.055340672,-4.055340675,3.273486704e-09
PEAK,96000,100,0.1000000015,-24,1,100,-24.00000021,-24,2.11996892e-07
PEAK,96000,100,0.1000000015,-24,1,200,-10.14834858,-10.14834858,2.665265786e-09
PEAK,96000,100,0.1000000015,-24,1,45000,-9.920772497e-06,-9.857588305e-06,6.318419232e-08
PEAK,96000,100,0.1000000015,0,1,25,0,0,0
PEAK,96000,100,0.1000000015,0,1,100,0,0,0
PEAK,96000,100,0.1000000015,0,1,200,0,0,0
PEAK,96000,100,0.1000000015,0,1,45000,0,0,0
PEAK,96000,100,0.1000000015,24,1,25,4.055340409,4.055340399,1.015734175e-08
PEAK,96000,100,0.1000000015,24,1,100,23.99999913,23.9999991,2.581417569e-08
PEAK,96000,100,0.1000000015,24,1,200,10.14834813,10.14834816,3.399458937e-08
PEAK,96000,100,0.1000000015,24,1,45000,9.84975959e-06,9.857587279e-06,7.82768982e-09
PEAK,96000,100,0.6000000238,-24,1,25,-0.6667844916,-0.666784493,1.37383635e-09
PEAK,96000,100,0.6000000238,-24,1,100,-24.0000002,-24,2.025787866e-07
PEAK,96000,100,0.6000000238,-24,1,200,-3.082515844,-3.082515863,1.904452129e-08
PEAK,96000,100,0.6000000238,-24,1,45000,-9.858132004e-07,-1.053567227e-06,6.775402702e-08
PEAK,96000,100,0.6000000238,0,1,25,0,0,0
PEAK,96000,100,0.6000000238,0,1,100,0,0,0
PEAK,96000,100,0.6000000238,0,1,200,0,0,0
PEAK,96000,100,0.6000000238,0,1,45000,0,0,0
PEAK,96000,100,0.6000000238,24,1,25,0.6667844389,0.6667844287,1.027200464e-08
PEAK,96000,100,0.6000000238,24,1,100,23.99999912,23.9999991,1.757931489e-08
PEAK,96000,100,0.6000000238,24,1,200,3.082515617,3.082515632,1.486357393e-08
PEAK,96000,100,0.6000000238,24,1,45000,1.03731892e-06,1.053567117e-06,1.624819647e-08
PEAK,96000,100,1,-24,1,25,-0.2944021936,-0.2944022018,8.243580422e-09
PEAK,96000,100,1,-24,1,100,-24.00000033,-24,3.321823314e-07
PEAK,96000,100,1,-24,1,200,-1.57672101,-1.576721006,3.664236636e-09
PEAK,96000,100,1,-24,1,45000,-4.900977938e-07,-4.451322132e-07,4.496558061e-08
PEAK,96000,100,1,0,1,25,0,0,0
PEAK,96000,100,1,0,1,100,0,0,0
PEAK,96000,100,1,0,1,200,0,0,0
PEAK,96000,100,1,0,1,45000,0,0,0
PEAK,96000,100,1,24,1,25,0.2944021675,0.2944021722,4.749616048e-09
PEAK,96000,100,1,24,1,100,23.99999878,23.9999991,3.287887997e-07
PEAK,96000,100,1,24,1,200,1.576720873,1.576720868,4.512908214e-09
PEAK,96000,100,1,24,1,45000,4.203953242e-07,4.451321682e-07,2.473684401e-08
PEAK,96000,500,0,-24,1,125,-7.332137904,-7.332137915,1.089254864e-08
PEAK,96000,500,0,-24,1,500,-24.00000054,-24,5.438519013e-07
PEAK,96000,500,0,-24,1,1000,-14.18517435,-14.18517433,2.047267333e-08
PEAK,96000,500,0,-24,1,45000,-0.0007122073109,-0.0007122783052,7.099436248e-08
PEAK,96000,500,0,0,1,125,0,0,0
PEAK,96000,500,0,0,1,500,0,0,0
PEAK,96000,500,0,0,1,1000,0,0,0
PEAK,96000,500,0,0,1,45000,0,0,0
PEAK,96000,500,0,24,1,125,7.332137531,7.33213754,9.329233386e-09
PEAK,96000,500,0,24,1,500,23.99999912,23.9999991,1.903907165e-08
PEAK,96000,500,0,24,1,1000,14.1851738,14.18517385,4.788435248e-08
PEAK,96000,500,0,24,1,45000,0.0007123307258,0.0007122782312,5.249469471e-08
PEAK,96000,500,0.1000000015,-24,1,125,-4.054863738,-4.054863747,8.536406138e-09
PEAK,96000,500,0.1000000015,-24,1,500,-24.0000008,-24,7.986882746e-07
PEAK,96000,500,0.1000000015,-24,1,1000,-10.14511255,-10.14511249,5.844928763e-08
PEAK,96000,500,0.1000000015,-24,1,45000,-0.000246380601,-0.0002464764018,9.580087541e-08
PEAK,96000,500,0.1000000015,0,1,125,0,0,0
PEAK,96000,500,0.1000000015,0,1,500,0,0,0
PEAK,96000,500,0.1000000015,0,1,1000,0,0,0
PEAK,96000,500,0.1000000015,0,1,45000,0,0,0
PEAK,96000,500,0.1000000015,24,1,125,4.054863445,4.054863471,2.589851111e-08
PEAK,96000,500,0.1000000015,24,1,500,23.99999913,23.9999991,2.066927518e-08
PEAK,96000,500,0.1000000015,24,1,1000,10.14511201,10.14511207,6.126604069e-08
PEAK,96000,500,0.1000000015,24,1,45000,0.0002464727801,0.0002464763762,3.596121944e-09
PEAK,96000,500,0.6000000238,-24,1,125,-0.6666720484,-0.6666720371,1.123926258e-08
PEAK,96000,500,0.6000000238,-24,1,500,-24.00000081,-24,8.125477287e-07
PEAK,96000,500,0.6000000238,-24,1,1000,-3.080632655,-3.080632675,2.088664508e-08
PEAK,96000,500,0.6000000238,-24,1,45000,-2.619762248e-05,-2.634374858e-05,1.461261006e-07
PEAK,96000,500,0.6000000238,0,1,125,0,0,0
PEAK,96000,500,0.6000000238,0,1,500,0,0,0
PEAK,96000,500,0.6000000238,0,1,1000,0,0,0
PEAK,96000,500,0.6000000238,0,1,45000,0,0,0
PEAK,96000,500,0.6000000238,24,1,125,0.6666719677,0.6666719728,5.102074624e-09
PEAK,96000,500,0.6000000238,24,1,500,23.99999908,23.9999991,2.507002961e-08
PEAK,96000,500,0.6000000238,24,1,1000,3.080632476,3.080632445,3.109785973e-08
PEAK,96000,500,0.6000000238,24,1,45000,2.634240946e-05,2.634374584e-05,1.336382165e-09
PEAK,96000,500,1,-24,1,125,-0.2943504121,-0.2943503962,1.582694546e-08
PEAK,96000,500,1,-24,1,500,-24.00000073,-24,7.266988931e-07
PEAK,96000,500,1,-24,1,1000,-1.57559042,-1.575590336,8.382917288e-08
PEAK,96000,500,1,-24,1,45000,-1.118537352e-05,-1.113025414e-05,5.511937594e-08
PEAK,96000,500,1,0,1,125,0,0,0
PEAK,96000,500,1,0,1,500,0,0,0
PEAK,96000,500,1,0,1,1000,0,0,0
PEAK,96000,500,1,0,1,45000,0,0,0
PEAK,96000,500,1,24,1,125,0.2943503758,0.2943503666,9.13754658e-09
PEAK,96000,500,1,24,1,500,23.99999876,23.9999991,3.486117919e-07
PEAK,96000,500,1,24,1,1000,1.575590208,1.575590199,9.644771592e-09
PEAK,96000,500,1,24,1,45000,1.115744623e-05,1.113025298e-05,2.719324171e-08
PEAK,96000,1000,0,-24,1,250,-7.330158818,-7.330158868,5.018977434e-08
PEAK,96000,1000,0,-24,1,1000,-23.99999967,-24,3.292885866e-07
PEAK,96000,1000,0,-24,1,2000,-14.1751079,-14.17510811,2.049664878e-07
PEAK,96000,1000,0,-24,1,45000,-0.002850015269,-0.002849976975,3.829390328e-08
PEAK,96000,1000,0,0,1,250,0,0,0
PEAK,96000,1000,0,0,1,1000,0,0,0
PEAK,96000,1000,0,0,1,2000,0,0,0
PEAK,96000,1000,0,0,1,45000,0,0,0
PEAK,96000,1000,0,24,1,250,7.330158488,7.330158494,6.108983319e-09
PEAK,96000,1000,0,24,1,1000,23.9999991,23.9999991,4.433201362e-09
PEAK,96000,1000,0,24,1,2000,14.17510764,14.17510763,1.179270637e-08
PEAK,96000,1000,0,24,1,45000,0.002849933836,0.002849976678,4.284185102e-08
PEAK,96000,1000,0.1000000015,-24,1,250,-4.053373248,-4.053373255,6.476016501e-09
PEAK,96000,1000,0.1000000015,-24,1,1000,-23.99999967,-24,3.292886328e-07
PEAK,96000,1000,0.1000000015,-24,1,2000,-10.13499372,-10.13499385,1.293991074e-07
PEAK,96000,1000,0.1000000015,-24,1,45000,-0.0009864956645,-0.0009863645059,1.311585706e-07
PEAK,96000,1000,0.1000000015,0,1,250,0,0,0
PEAK,96000,1000,0.1000000015,0,1,1000,0,0,0
PEAK,96000,1000,0.1000000015,0,1,2000,0,0,0
PEAK,96000,1000,0.1000000015,0,1,45000,0,0,0
PEAK,96000,1000,0.1000000015,24,1,250,4.053372945,4.053372979,3.398896431e-08
PEAK,96000,1000,0.1000000015,24,1,1000,23.99999912,23.9999991,1.537623717e-08
PEAK,96000,1000,0.1000000015,24,1,2000,10.13499344,10.13499343,1.076310774e-08
PEAK,96000,1000,0.1000000015,24,1,45000,0.0009864635081,0.0009863644034,9.910475549e-08
PEAK,96000,1000,0.6000000238,-24,1,250,-0.6663206369,-0.6663206533,1.642808778e-08
PEAK,96000,1000,0.6000000238,-24,1,1000,-24.00000023,-24,2.246171045e-07
PEAK,96000,1000,0.6000000238,-24,1,2000,-3.074748759,-3.074748787,2.828786472e-08
PEAK,96000,1000,0.6000000238,-24,1,45000,-0.0001054117003,-0.0001054321271,2.042675479e-08
PEAK,96000,1000,0.6000000238,0,1,250,0,0,0
PEAK,96000,1000,0.6000000238,0,1,1000,0,0,0
PEAK,96000,1000,0.6000000238,0,1,2000,0,0,0
PEAK,96000,1000,0.6000000238,0,1,45000,0,0,0
PEAK,96000,1000,0.6000000238,24,1,250,0.6663205553,0.666320589,3.369543519e-08
PEAK,96000,1000,0.6000000238,24,1,1000,23.99999912,23.9999991,1.696057161e-08
PEAK,96000,1000,0.6000000238,24,1,2000,3.074748516,3.074748557,4.181842372e-08
PEAK,96000,1000,0.6000000238,24,1,45000,0.000105407598,0.0001054321161,2.451810242e-08
PEAK,96000,1000,1,-24,1,250,-0.2941884965,-0.2941885272,3.067815856e-08
PEAK,96000,1000,1,-24,1,1000,-24.00000022,-24,2.224336617e-07
PEAK,96000,1000,1,-24,1,2000,-1.572059009,-1.572058928,8.056342693e-08
PEAK,96000,1000,1,-24,1,45000,-4.468890321e-05,-4.454539131e-05,1.435118968e-07
PEAK,96000,1000,1,0,1,250,0,0,0
PEAK,96000,1000,1,0,1,1000,0,0,0
PEAK,96000,1000,1,0,1,2000,0,0,0
PEAK,96000,1000,1,0,1,45000,0,0,0
PEAK,96000,1000,1,24,1,250,0.2941884743,0.2941884976,2.326618282e-08
PEAK,96000,1000,1,24,1,1000,23.99999907,23.9999991,3.011395666e-08
PEAK,96000,1000,1,24,1,2000,1.572058747,1.572058791,4.357460609e-08
PEAK,96000,1000,1,24,1,45000,4.451176376e-05,4.454538668e-05,3.362291576e-08
PEAK,96000,5000,0,-24,1,1246.753247,-7.246173073,-7.246173044,2.952909472e-08
PEAK,96000,5000,0,-24,1,5100,-23.97220046,-23.97220115,6.918157975e-07
PEAK,96000,5000,0,-24,1,10125,-13.68381382,-13.68381378,3.901352308e-08
PEAK,96000,5000,0,-24,1,45000,-0.07194554297,-0.07194567062,1.276404222e-07
PEAK,96000,5000,0,0,1,1246.753247,0,0,0
PEAK,96000,5000,0,0,1,5100,0,0,0
PEAK,96000,5000,0,0,1,10125,0,0,0
PEAK,96000,5000,0,0,1,45000,0,0,0
PEAK,96000,5000,0,24,1,1246.753247,7.246172697,7.246172671,2.580389324e-08
PEAK,96000,5000,0,24,1,5100,23.97220031,23.97220026,5.191698982e-08
PEAK,96000,5000,0,24,1,10125,13.68381332,13.68381331,1.028131358e-08
PEAK,96000,5000,0,24,1,45000,0.07194564598,0.07194566319,1.721303251e-08
PEAK,96000,5000,0.1000000015,-24,1,1246.753247,-3.99029336,-3.990293347,1.320313059e-08
PEAK,96000,5000,0.1000000015,-24,1,5100,-23.92014649,-23.92014623,2.608984575e-07
PEAK,96000,5000,0.1000000015,-24,1,10125,-9.645136207,-9.645136146,6.188522605e-08
PEAK,96000,5000,0.1000000015,-24,1,45000,-0.02503096341,-0.02503086658,9.683197297e-08
PEAK,96000,5000,0.1000000015,0,1,1246.753247,0,0,0
PEAK,96000,5000,0.1000000015,0,1,5100,0,0,0
PEAK,96000,5000,0.1000000015,0,1,10125,0,0,0
PEAK,96000,5000,0.1000000015,0,1,45000,0,0,0
PEAK,96000,5000,0.1000000015,24,1,1246.753247,3.990293098,3.990293074,2.399224941e-08
PEAK,96000,5000,0.1000000015,24,1,5100,23.9201453,23.92014534,4.028120504e-08
PEAK,96000,5000,0.1000000015,24,1,10125,9.645135724,9.64513573,5.494059652e-09
PEAK,96000,5000,0.1000000015,24,1,45000,0.02503074173,0.02503086399,1.222598144e-07
PEAK,96000,5000,0.6000000238,-24,1,1246.753247,-0.6515357744,-0.651535816,4.159707317e-08
PEAK,96000,5000,0.6000000238,-24,1,5100,-23.30509474,-23.30509481,7.071750741e-08
PEAK,96000,5000,0.6000000238,-24,1,10125,-2.797989248,-2.797989196,5.158241234e-08
PEAK,96000,5000,0.6000000238,-24,1,45000,-0.002682417046,-0.002682217591,1.994558068e-07
PEAK,96000,5000,0.6000000238,0,1,1246.753247,0,0,0
PEAK,96000,5000,0.6000000238,0,1,5100,0,0,0
PEAK,96000,5000,0.6000000238,0,1,10125,0,0,0
PEAK,96000,5000,0.6000000238,0,1,45000,0,0,0
PEAK,96000,5000,0.6000000238,24,1,1246.753247,0.6515357548,0.651535753,1.786703036e-09
PEAK,96000,5000,0.6000000238,24,1,5100,23.30509403,23.30509398,5.578298712e-08
PEAK,96000,5000,0.6000000238,24,1,10125,2.797988951,2.797988981,3.018500572e-08
PEAK,96000,5000,0.6000000238,24,1,45000,0.0026822681,0.002682217312,5.078820545e-08
PEAK,96000,5000,1,-24,1,1246.753247,-0.2873841945,-0.2873841842,1.0261579e-08
PEAK,96000,5000,1,-24,1,5100,-22.5068559,-22.50685606,1.653359947e-07
PEAK,96000,5000,1,-24,1,10125,-1.408172161,-1.408172155,6.342541214e-09
PEAK,96000,5000,1,-24,1,45000,-0.001133458558,-0.001133440721,1.783709144e-08
PEAK,96000,5000,1,0,1,1246.753247,0,0,0
PEAK,96000,5000,1,0,1,5100,0,0,0
PEAK,96000,5000,1,0,1,10125,0,0,0
PEAK,96000,5000,1,0,1,45000,0,0,0
PEAK,96000,5000,1,24,1,1246.753247,0.2873841746,0.2873841553,1.932803617e-08
PEAK,96000,5000,1,24,1,5100,22.50685531,22.5068553,1.597514476e-08
PEAK,96000,5000,1,24,1,10125,1.40817204,1.408172029,1.105987013e-08
PEAK,96000,5000,1,24,1,45000,0.001133347488,0.001133440603,9.311532843e-08
PEAK,96000,10000,0,-24,1,2461.538462,-6.945091922,-6.945091814,1.082391567e-07
PEAK,96000,10000,0,-24,1,10125,-23.98776485,-23.98776501,1.617529799e-07
PEAK,96000,10000,0,-24,1,19875,-12.82609664,-12.82609667,3.068428134e-08
PEAK,96000,10000,0,-24,1,45000,-0.2967545865,-0.2967546395,5.30028222e-08
PEAK,96000,10000,0,0,1,2461.538462,0,0,0
PEAK,96000,10000,0,0,1,10125,0,0,0
PEAK,96000,10000,0,0,1,19875,0,0,0
PEAK,96000,10000,0,0,1,45000,0,0,0
PEAK,96000,10000,0,24,1,2461.538462,6.945091411,6.945091448,3.629579526e-08
PEAK,96000,10000,0,24,1,10125,23.98776408,23.98776412,3.67222075e-08
PEAK,96000,10000,0,24,1,19875,12.82609624,12.82609622,2.862517601e-08
PEAK,96000,10000,0,24,1,45000,0.2967546259,0.2967546097,1.625370084e-08
PEAK,96000,10000,0.1000000015,-24,1,2461.538462,-3.766964223,-3.766964216,7.276173886e-09
PEAK,96000,10000,0.1000000015,-24,1,10125,-23.96473556,-23.96473535,2.10693738e-07
PEAK,96000,10000,0.1000000015,-24,1,19875,-8.808416162,-8.808416115,4.69949426e-08
PEAK,96000,10000,0.1000000015,-24,1,45000,-0.105012323,-0.1050124936,1.706146413e-07
PEAK,96000,10000,0.1000000015,0,1,2461.538462,0,0,0
PEAK,96000,10000,0.1000000015,0,1,10125,0,0,0
PEAK,96000,10000,0.1000000015,0,1,19875,0,0,0
PEAK,96000,10000,0.1000000015,0,1,45000,0,0,0
PEAK,96000,10000,0.1000000015,24,1,2461.538462,3.766963985,3.766963953,3.255385916e-08
PEAK,96000,10000,0.1000000015,24,1,10125,23.9647344,23.96473446,6.076680403e-08
PEAK,96000,10000,0.1000000015,24,1,19875,8.808415666,8.808415712,4.589754421e-08
PEAK,96000,10000,0.1000000015,24,1,45000,0.1050124157,0.1050124828,6.710832972e-08
PEAK,96000,10000,0.6000000238,-24,1,2461.538462,-0.600528971,-0.600528928,4.306471839e-08
PEAK,96000,10000,0.6000000238,-24,1,10125,-23.68081898,-23.68081841,5.737027715e-07
PEAK,96000,10000,0.6000000238,-24,1,19875,-2.361529301,-2.361529287,1.440758407e-08
PEAK,96000,10000,0.6000000238,-24,1,45000,-0.01134657575,-0.01134654928,2.646751379e-08
PEAK,96000,10000,0.6000000238,0,1,2461.538462,0,0,0
PEAK,96000,10000,0.6000000238,0,1,10125,0,0,0
PEAK,96000,10000,0.6000000238,0,1,19875,0,0,0
PEAK,96000,10000,0.6000000238,0,1,45000,0,0,0
PEAK,96000,10000,0.6000000238,24,1,2461.538462,0.6005288489,0.6005288696,2.067196396e-08
PEAK,96000,10000,0.6000000238,24,1,10125,23.68081757,23.68081755,2.710532332e-08
PEAK,96000,10000,0.6000000238,24,1,19875,2.361529143,2.361529097,4.673590842e-08
PEAK,96000,10000,0.6000000238,24,1,45000,0.01134656539,0.01134654811,1.728822492e-08
PEAK,96000,10000,1,-24,1,2461.538462,-0.2640064956,-0.2640064607,3.484498867e-08
PEAK,96000,10000,1,-24,1,10125,-23.2796069,-23.27960688,1.399389049e-08
PEAK,96000,10000,1,-24,1,19875,-1.158618982,-1.158618989,6.977138145e-09
PEAK,96000,10000,1,-24,1,45000,-0.004797539516,-0.004797563351,2.383479317e-08
PEAK,96000,10000,1,0,1,2461.538462,0,0,0
PEAK,96000,10000,1,0,1,10125,0,0,0
PEAK,96000,10000,1,0,1,19875,0,0,0
PEAK,96000,10000,1,0,1,45000,0,0,0
PEAK,96000,10000,1,24,1,2461.538462,0.2640063851,0.2640064341,4.896628399e-08
PEAK,96000,10000,1,24,1,10125,23.27960603,23.27960605,2.889003348e-08
PEAK,96000,10000,1,24,1,19875,1.158618879,1.158618883,3.513227403e-09
PEAK,96000,10000,1,24,1,45000,0.004797543679,0.004797562852,1.917317444e-08
PEAK,96000,20000,0,-24,1,5100,-6.349920071,-6.349920017,5.401379544e-08
PEAK,96000,20000,0,-24,1,19875,-23.99507364,-23.99507364,1.757058499e-09
PEAK,96000,20000,0,-24,1,40125,-5.77096581,-5.770965777,3.234663826e-08
PEAK,96000,20000,0,-24,1,45000,-1.349014599,-1.349014602,2.78889295e-09
PEAK,96000,20000,0,0,1,5100,0,0,0
PEAK,96000,20000,0,0,1,19875,0,0,0
PEAK,96000,20000,0,0,1,40125,0,0,0
PEAK,96000,20000,0,0,1,45000,0,0,0
PEAK,96000,20000,0,24,1,5100,6.349919736,6.349919665,7.122875312e-08
PEAK,96000,20000,0,24,1,19875,23.99507276,23.99507274,2.155972201e-08
PEAK,96000,20000,0,24,1,40125,5.770965464,5.770965442,2.29453061e-08
PEAK,96000,20000,0,24,1,45000,1.349014561,1.349014481,7.995604456e-08
PEAK,96000,20000,0.1000000015,-24,1,5100,-3.338751907,-3.338751917,9.766105369e-09
PEAK,96000,20000,0.1000000015,-24,1,19875,-23.9857785,-23.98577817,3.309048546e-07
PEAK,96000,20000,0.1000000015,-24,1,40125,-2.93974741,-2.9397474,9.760884989e-09
PEAK,96000,20000,0.1000000015,-24,1,45000,-0.5160252823,-0.5160254448,1.625313801e-07
PEAK,96000,20000,0.1000000015,0,1,5100,0,0,0
PEAK,96000,20000,0.1000000015,0,1,19875,0,0,0
PEAK,96000,20000,0.1000000015,0,1,40125,0,0,0
PEAK,96000,20000,0.1000000015,0,1,45000,0,0,0
PEAK,96000,20000,0.1000000015,24,1,5100,3.338751658,3.338751673,1.518658221e-08
PEAK,96000,20000,0.1000000015,24,1,19875,23.98577729,23.98577727,1.687991436e-08
PEAK,96000,20000,0.1000000015,24,1,40125,2.939747183,2.939747177,5.143295123e-09
PEAK,96000,20000,0.1000000015,24,1,45000,0.5160253988,0.5160253942,4.611487067e-09
PEAK,96000,20000,0.6000000238,-24,1,5100,-0.5083775234,-0.5083775262,2.797820267e-09
PEAK,96000,20000,0.6000000238,-24,1,19875,-23.86873444,-23.86873518,7.435880791e-07
PEAK,96000,20000,0.6000000238,-24,1,40125,-0.428875432,-0.4288754343,2.297619178e-09
PEAK,96000,20000,0.6000000238,-24,1,45000,-0.05819724762,-0.05819712162,1.259955101e-07
PEAK,96000,20000,0.6000000238,0,1,5100,0,0,0
PEAK,96000,20000,0.6000000238,0,1,19875,0,0,0
PEAK,96000,20000,0.6000000238,0,1,40125,0,0,0
PEAK,96000,20000,0.6000000238,0,1,45000,0,0,0
PEAK,96000,20000,0.6000000238,24,1,5100,0.5083775006,0.5083774763,2.429269762e-08
PEAK,96000,20000,0.6000000238,24,1,19875,23.86873425,23.8687343,5.107625967e-08
PEAK,96000,20000,0.6000000238,24,1,40125,0.4288754137,0.4288753918,2.191652307e-08
PEAK,96000,20000,0.6000000238,24,1,45000,0.05819723313,0.05819711561,1.175152253e-07
PEAK,96000,20000,1,-24,1,5100,-0.2221516272,-0.222151613,1.419154682e-08
PEAK,96000,20000,1,-24,1,19875,-23.69554958,-23.69554921,3.668699042e-07
PEAK,96000,20000,1,-24,1,40125,-0.1864348182,-0.186434855,3.678545343e-08
PEAK,96000,20000,1,-24,1,45000,-0.02468423765,-0.02468425809,2.043459216e-08
PEAK,96000,20000,1,0,1,5100,0,0,0
PEAK,96000,20000,1,0,1,19875,0,0,0
PEAK,96000,20000,1,0,1,40125,0,0,0
PEAK,96000,20000,1,0,1,45000,0,0,0
PEAK,96000,20000,1,24,1,5100,0.2221515715,0.2221515905,1.904833259e-08
PEAK,96000,20000,1,24,1,19875,23.69554833,23.69554835,1.702478958e-08
PEAK,96000,20000,1,24,1,40125,0.186434849,0.186434836,1.295575715e-08
PEAK,96000,20000,1,24,1,45000,0.02468416229,0.02468425553,9.323587663e-08
PEAK,96000,1000,0.1000000015,6,0,250,0,0,0
PEAK,96000,1000,0.1000000015,6,0,1000,0,0,0
PEAK,96000,1000,0.1000000015,6,0,2000,0,0,0
PEAK,96000,1000,0.1000000015,6,0,45000,0,0,0
PEAK,96000,1000,0.1000000015,6,0.349999994,250,0.1637613799,0.1637613639,1.601312698e-08
PEAK,96000,1000,0.1000000015,6,0.349999994,1000,2.595999979,2.595999993,1.347778789e-08
PEAK,96000,1000,0.1000000015,6,0.349999994,2000,0.7636492903,0.7636493196,2.930284687e-08
PEAK,96000,1000,0.1000000015,6,0.349999994,45000,2.564636788e-05,2.562017257e-05,2.619530551e-08
PEAK,96000,1000,0.1000000015,6,1,250,0.5691939487,0.5691939502,1.524270959e-09
PEAK,96000,1000,0.1000000015,6,1,1000,5.999999949,5.999999998,4.837467249e-08
PEAK,96000,1000,0.1000000015,6,1,2000,2.305967608,2.305967586,2.222939044e-08
PEAK,96000,1000,0.1000000015,6,1,45000,9.331330415e-05,9.336501678e-05,5.17126233e-08
PEAK,192000,20,0,-24,1,5,-7.332797278,-7.332797286,7.396971924e-09
PEAK,192000,20,0,-24,1,20,-23.99999986,-24,1.427134242e-07
PEAK,192000,20,0,-24,1,40,-14.18852562,-14.18852563,7.39396544e-09
PEAK,192000,20,0,-24,1,90000,-3.745560295e-07,-2.848825458e-07,8.967348376e-08
PEAK,192000,20,0,0,1,5,0,0,0
PEAK,192000,20,0,0,1,20,0,0,0
PEAK,192000,20,0,0,1,40,0,0,0
PEAK,192000,20,0,0,1,90000,0,0,0
PEAK,192000,20,0,24,1,5,7.332796914,7.332796911,2.744310557e-09
PEAK,192000,20,0,24,1,20,23.9999991,23.9999991,8.830926213e-09
PEAK,192000,20,0,24,1,40,14.18852514,14.18852515,6.463847679e-09
PEAK,192000,20,0,24,1,90000,2.522916529e-07,2.848825162e-07,3.259086329e-08
PEAK,192000,20,0.1000000015,-24,1,5,-4.055360387,-4.055360384,2.241334673e-09
PEAK,192000,20,0.1000000015,-24,1,20,-23.99999984,-24,1.567756049e-07
PEAK,192000,20,0.1000000015,-24,1,40,-10.148482,-10.14848198,2.256669562e-08
PEAK,192000,20,0.1000000015,-24,1,90000,2.057131122e-08,-9.857527648e-08,1.191465877e-07
PEAK,192000,20,0.1000000015,0,1,5,0,0,0
PEAK,192000,20,0.1000000015,0,1,20,0,0,0
PEAK,192000,20,0.1000000015,0,1,40,0,0,0
PEAK,192000,20,0.1000000015,0,1,90000,0,0,0
PEAK,192000,20,0.1000000015,24,1,5,4.055360111,4.055360109,2.280808653e-09
PEAK,192000,20,0.1000000015,24,1,20,23.9999991,23.9999991,8.822516051e-09
PEAK,192000,20,0.1000000015,24,1,40,10.14848156,10.14848155,3.566351214e-09
PEAK,192000,20,0.1000000015,24,1,90000,8.687207392e-08,9.857526572e-08,1.17031918e-08
PEAK,192000,20,0.6000000238,-24,1,5,-0.6667891416,-0.6667891405,1.051156356e-09
PEAK,192000,20,0.6000000238,-24,1,20,-23.99999983,-24,1.677800325e-07
PEAK,192000,20,0.6000000238,-24,1,40,-3.082593515,-3.082593503,1.221459023e-08
PEAK,192000,20,0.6000000238,-24,1,90000,6.822817403e-09,-1.053559774e-08,1.735841514e-08
PEAK,192000,20,0.6000000238,0,1,5,0,0,0
PEAK,192000,20,0.6000000238,0,1,20,0,0,0
PEAK,192000,20,0.6000000238,0,1,40,0,0,0
PEAK,192000,20,0.6000000238,0,1,90000,0,0,0
PEAK,192000,20,0.6000000238,24,1,5,0.666789073,0.6667890762,3.220251954e-09
PEAK,192000,20,0.6000000238,24,1,20,23.9999991,23.9999991,8.833405118e-09
PEAK,192000,20,0.6000000238,24,1,40,3.082593272,3.082593272,7.436942173e-10
PEAK,192000,20,0.6000000238,24,1,90000,9.28645614e-09,1.053559579e-08,1.249139654e-09
PEAK,192000,20,1,-24,1,5,-0.2944043427,-0.2944043429,1.216560602e-10
PEAK,192000,20,1,-24,1,20,-23.99999984,-24,1.641499576e-07
PEAK,192000,20,1,-24,1,40,-1.576767614,-1.576767626,1.160744145e-08
PEAK,192000,20,1,-24,1,90000,-8.949683242e-08,-4.451290263e-09,8.504554216e-08
PEAK,192000,20,1,0,1,5,0,0,0
PEAK,192000,20,1,0,1,20,0,0,0
PEAK,192000,20,1,0,1,40,0,0,0
PEAK,192000,20,1,0,1,90000,0,0,0
PEAK,192000,20,1,24,1,5,0.2944043126,0.2944043132,6.127544444e-10
PEAK,192000,20,1,24,1,20,23.99999878,23.9999991,3.257106957e-07
PEAK,192000,20,1,24,1,40,1.576767499,1.576767488,1.059533344e-08
PEAK,192000,20,1,24,1,90000,3.920913048e-09,4.451289297e-09,5.30376249e-10
PEAK,192000,100,0,-24,1,25,-7.332790941,-7.332790942,1.044812903e-09
PEAK,192000,100,0,-24,1,100,-23.9999999,-24,1.027393095e-07
PEAK,192000,100,0,-24,1,200,-14.18849353,-14.18849347,6.052024482e-08
PEAK,192000,100,0,-24,1,90000,-7.12818778e-06,-7.122070587e-06,6.117193158e-09
PEAK,192000,100,0,0,1,25,0,0,0
PEAK,192000,100,0,0,1,100,0,0,0
PEAK,192000,100,0,0,1,200,0,0,0
PEAK,192000,100,0,0,1,90000,0,0,0
PEAK,192000,100,0,24,1,25,7.332790567,7.332790567,1.369779845e-10
PEAK,192000,100,0,24,1,100,23.9999991,23.9999991,1.799372207e-09
PEAK,192000,100,0,24,1,200,14.18849298,14.18849299,6.497392402e-09
PEAK,192000,100,0,24,1,90000,7.049382308e-06,7.122069847e-06,7.268753913e-08
PEAK,192000,100,0.1000000015,-24,1,25,-4.055355597,-4.055355606,8.856164468e-09
PEAK,192000,100,0.1000000015,-24,1,100,-23.99999988,-24,1.17166187e-07
PEAK,192000,100,0.1000000015,-24,1,200,-10.14844964,-10.14844964,3.800176174e-09
PEAK,192000,100,0.1000000015,-24,1,90000,-2.434639455e-06,-2.464385589e-06,2.974613366e-08
PEAK,192000,100,0.1000000015,0,1,25,0,0,0
PEAK,192000,100,0.1000000015,0,1,100,0,0,0
PEAK,192000,100,0.1000000015,0,1,200,0,0,0
PEAK,192000,100,0.1000000015,0,1,90000,0,0,0
PEAK,192000,100,0.1000000015,24,1,25,4.055355334,4.05535533,3.566683171e-09
PEAK,192000,100,0.1000000015,24,1,100,23.99999911,23.9999991,7.770792898e-09
PEAK,192000,100,0.1000000015,24,1,200,10.14844922,10.14844922,3.872120402e-09
PEAK,192000,100,0.1000000015,24,1,90000,2.496391041e-06,2.46438533e-06,3.200571089e-08
PEAK,192000,100,0.6000000238,-24,1,25,-0.6667880123,-0.6667880138,1.426830126e-09
PEAK,192000,100,0.6000000238,-24,1,100,-23.99999985,-24,1.545010768e-07
PEAK,192000,100,0.6000000238,-24,1,200,-3.082574686,-3.082574681,4.653385344e-09
PEAK,192000,100,0.6000000238,-24,1,90000,-3.528053227e-07,-2.633903773e-07,8.941494541e-08
PEAK,192000,100,0.6000000238,0,1,25,0,0,0
PEAK,192000,100,0.6000000238,0,1,100,0,0,0
PEAK,192000,100,0.6000000238,0,1,200,0,0,0
PEAK,192000,100,0.6000000238,0,1,90000,0,0,0
PEAK,192000,100,0.6000000238,24,1,25,0.6667879533,0.6667879494,3.906590329e-09
PEAK,192000,100,0.6000000238,24,1,100,23.9999991,23.9999991,2.253425002e-09
PEAK,192000,100,0.6000000238,24,1,200,3.08257445,3.082574451,1.134520033e-09
PEAK,192000,100,0.6000000238,24,1,90000,2.321197744e-07,2.6339035e-07,3.127057567e-08
PEAK,192000,100,1,-24,1,25,-0.2944038243,-0.2944038238,4.874481443e-10
PEAK,192000,100,1,-24,1,100,-23.99999988,-24,1.250547275e-07
PEAK,192000,100,1,-24,1,200,-1.576756306,-1.576756324,1.851117065e-08
PEAK,192000,100,1,-24,1,90000,-1.099656764e-07,-1.112824443e-07,1.316767957e-09
PEAK,192000,100,1,0,1,25,0,0,0
PEAK,192000,100,1,0,1,100,0,0,0
PEAK,192000,100,1,0,1,200,0,0,0
PEAK,192000,100,1,0,1,90000,0,0,0
PEAK,192000,100,1,24,1,25,0.294403789,0.2944037942,5.177641316e-09
PEAK,192000,100,1,24,1,100,23.99999878,23.9999991,3.261659112e-07
PEAK,192000,100,1,24,1,200,1.576756194,1.576756187,7.087946508e-09
PEAK,192000,100,1,24,1,90000,9.805493777e-08,1.112824323e-07,1.322749455e-08
PEAK,192000,500,0,-24,1,125,-7.332632624,-7.332632646,2.184218384e-08
PEAK,192000,500,0,-24,1,500,-24.00000021,-24,2.099420682e-07
PEAK,192000,500,0,-24,1,1000,-14.18768898,-14.18768893,4.742414728e-08
PEAK,192000,500,0,-24,1,90000,-0.0001779441102,-0.000178056082,1.119718409e-07
PEAK,192000,500,0,0,1,125,0,0,0
PEAK,192000,500,0,0,1,500,0,0,0
PEAK,192000,500,0,0,1,1000,0,0,0
PEAK,192000,500,0,0,1,90000,0,0,0
PEAK,192000,500,0,24,1,125,7.33263227,7.332632271,1.012687934e-09
PEAK,192000,500,0,24,1,500,23.99999914,23.9999991,3.137076909e-08
PEAK,192000,500,0,24,1,1000,14.18768847,14.18768846,1.672937477e-08
PEAK,192000,500,0,24,1,90000,0.0001779551411,0.0001780560635,1.009223942e-07
PEAK,192000,500,0.1000000015,-24,1,125,-4.055236394,-4.055236376,1.814635819e-08
PEAK,192000,500,0.1000000015,-24,1,500,-24.00000027,-24,2.707467655e-07
PEAK,192000,500,0.1000000015,-24,1,1000,-10.14764075,-10.14764071,4.442155888e-08
PEAK,192000,500,0.1000000015,-24,1,90000,-6.148693997e-05,-6.161193286e-05,1.249928923e-07
PEAK,192000,500,0.1000000015,0,1,125,0,0,0
PEAK,192000,500,0.1000000015,0,1,500,0,0,0
PEAK,192000,500,0.1000000015,0,1,1000,0,0,0
PEAK,192000,500,0.1000000015,0,1,90000,0,0,0
PEAK,192000,500,0.1000000015,24,1,125,4.055236104,4.0552361,3.468366372e-09
PEAK,192000,500,0.1000000015,24,1,500,23.99999914,23.9999991,3.605094889e-08
PEAK,192000,500,0.1000000015,24,1,1000,10.14764027,10.14764028,1.038589703e-08
PEAK,192000,500,0.1000000015,24,1,90000,6.167278248e-05,6.161192645e-05,6.085602186e-08
PEAK,192000,500,0.6000000238,-24,1,125,-0.6667599012,-0.6667598993,1.918690512e-09
PEAK,192000,500,0.6000000238,-24,1,500,-24.00000028,-24,2.826371448e-07
PEAK,192000,500,0.6000000238,-24,1,1000,-3.082103919,-3.082103867,5.223558974e-08
PEAK,192000,500,0.6000000238,-24,1,90000,-6.65476056e-06,-6.585044889e-06,6.971567145e-08
PEAK,192000,500,0.6000000238,0,1,125,0,0,0
PEAK,192000,500,0.6000000238,0,1,500,0,0,0
PEAK,192000,500,0.6000000238,0,1,1000,0,0,0
PEAK,192000,500,0.6000000238,0,1,90000,0,0,0
PEAK,192000,500,0.6000000238,24,1,125,0.6667598306,0.6667598349,4.341266513e-09
PEAK,192000,500,0.6000000238,24,1,500,23.99999913,23.9999991,2.921772513e-08
PEAK,192000,500,0.6000000238,24,1,1000,3.082103616,3.082103637,2.119107212e-08
PEAK,192000,500,0.6000000238,24,1,90000,6.558554824e-06,6.585044204e-06,2.648938043e-08
PEAK,192000,500,1,-24,1,125,-0.2943908853,-0.2943908721,1.324239901e-08
PEAK,192000,500,1,-24,1,500,-24.00000025,-24,2.474472751e-07
PEAK,192000,500,1,-24,1,1000,-1.576473636,-1.576473626,1.036739566e-08
PEAK,192000,500,1,-24,1,90000,-2.69836264e-06,-2.782182871e-06,8.382023098e-08
PEAK,192000,500,1,0,1,125,0,0,0
PEAK,192000,500,1,0,1,500,0,0,0
PEAK,192000,500,1,0,1,1000,0,0,0
PEAK,192000,500,1,0,1,90000,0,0,0
PEAK,192000,500,1,24,1,125,0.2943908428,0.2943908424,3.883023555e-10
PEAK,192000,500,1,24,1,500,23.99999879,23.9999991,3.114223013e-07
PEAK,192000,500,1,24,1,1000,1.576473504,1.576473488,1.53109862e-08
PEAK,192000,500,1,24,1,90000,2.703714598e-06,2.782182582e-06,7.846798392e-08
PEAK,192000,1000,0,-24,1,250,-7.332137965,-7.332137959,6.257479868e-09
PEAK,192000,1000,0,-24,1,1000,-24.00000089,-24,8.882118818e-07
PEAK,192000,1000,0,-24,1,2000,-14.18517426,-14.18517426,1.703109209e-09
PEAK,192000,1000,0,-24,1,90000,-0.0007122073204,-0.0007122782973,7.097688454e-08
PEAK,192000,1000,0,0,1,250,0,0,0
PEAK,192000,1000,0,0,1,1000,0,0,0
PEAK,192000,1000,0,0,1,2000,0,0,0
PEAK,192000,1000,0,0,1,90000,0,0,0
PEAK,192000,1000,0,24,1,250,7.332137574,7.332137585,1.029010988e-08
PEAK,192000,1000,0,24,1,1000,23.99999913,23.9999991,2.332316118e-08
PEAK,192000,1000,0,24,1,2000,14.18517376,14.18517378,2.326862036e-08
PEAK,192000,1000,0,24,1,90000,0.0007123307258,0.0007122782232,5.25026459e-08
PEAK,192000,1000,0.1000000015,-24,1,250,-4.054863776,-4.05486378,3.746363442e-09
PEAK,192000,1000,0.1000000015,-24,1,1000,-24.00000089,-24,8.879386222e-07
PEAK,192000,1000,0.1000000015,-24,1,2000,-10.1451125,-10.14511242,7.592438989e-08
PEAK,192000,1000,0.1000000015,-24,1,90000,-0.000246380601,-0.0002464763991,9.579810674e-08
PEAK,192000,1000,0.1000000015,0,1,250,0,0,0
PEAK,192000,1000,0.1000000015,0,1,1000,0,0,0
PEAK,192000,1000,0.1000000015,0,1,2000,0,0,0
PEAK,192000,1000,0.1000000015,0,1,90000,0,0,0
PEAK,192000,1000,0.1000000015,24,1,250,4.054863488,4.054863504,1.568248653e-08
PEAK,192000,1000,0.1000000015,24,1,1000,23.99999912,23.9999991,1.114313353e-08
PEAK,192000,1000,0.1000000015,24,1,2000,10.14511197,10.145112,2.579638814e-08
PEAK,192000,1000,0.1000000015,24,1,90000,0.0002464727745,0.0002464763734,3.598953129e-09
PEAK,192000,1000,0.6000000238,-24,1,250,-0.6666720477,-0.6666720449,2.804592697e-09
PEAK,192000,1000,0.6000000238,-24,1,1000,-24.00000093,-24,9.311167863e-07
PEAK,192000,1000,0.6000000238,-24,1,2000,-3.080632592,-3.080632635,4.256300956e-08
PEAK,192000,1000,0.6000000238,-24,1,90000,-2.619762249e-05,-2.634374829e-05,1.461257959e-07
PEAK,192000,1000,0.6000000238,0,1,250,0,0,0
PEAK,192000,1000,0.6000000238,0,1,1000,0,0,0
PEAK,192000,1000,0.6000000238,0,1,2000,0,0,0
PEAK,192000,1000,0.6000000238,0,1,90000,0,0,0
PEAK,192000,1000,0.6000000238,24,1,250,0.6666719789,0.6666719806,1.74933884e-09
PEAK,192000,1000,0.6000000238,24,1,1000,23.99999912,23.9999991,1.376745029e-08
PEAK,192000,1000,0.6000000238,24,1,2000,3.080632453,3.080632404,4.852403046e-08
PEAK,192000,1000,0.6000000238,24,1,90000,2.634240946e-05,2.634374555e-05,1.336089011e-09
PEAK,192000,1000,1,-24,1,250,-0.2943504158,-0.2943503998,1.596082698e-08
PEAK,192000,1000,1,-24,1,1000,-24.00000093,-24,9.311168361e-07
PEAK,192000,1000,1,-24,1,2000,-1.575590356,-1.575590312,4.452715113e-08
PEAK,192000,1000,1,-24,1,90000,-1.118537354e-05,-1.113025402e-05,5.511952444e-08
PEAK,192000,1000,1,0,1,250,0,0,0
PEAK,192000,1000,1,0,1,1000,0,0,0
PEAK,192000,1000,1,0,1,2000,0,0,0
PEAK,192000,1000,1,0,1,90000,0,0,0
PEAK,192000,1000,1,24,1,250,0.2943503804,0.2943503702,1.017203004e-08
PEAK,192000,1000,1,24,1,1000,23.99999912,23.9999991,1.575004482e-08
PEAK,192000,1000,1,24,1,2000,1.575590132,1.575590174,4.161927586e-08
PEAK,192000,1000,1,24,1,90000,1.115744623e-05,1.113025286e-05,2.7193369e-08
PEAK,192000,5000,0,-24,1,1246.753247,-7.295826965,-7.295826867,9.715455196e-08
PEAK,192000,5000,0,-24,1,4923.076923,-23.98340581,-23.98340535,4.550779034e-07
PEAK,192000,5000,0,-24,1,10200,-13.85532953,-13.85532944,9.287310077e-08
PEAK,192000,5000,0,-24,1,90000,-0.017850264,-0.01785021514,4.885653013e-08
PEAK,192000,5000,0,0,1,1246.753247,0,0,0
PEAK,192000,5000,0,0,1,4923.076923,0,0,0
PEAK,192000,5000,0,0,1,10200,0,0,0
PEAK,192000,5000,0,0,1,90000,0,0,0
PEAK,192000,5000,0,24,1,1246.753247,7.295826528,7.295826493,3.444091479e-08
PEAK,192000,5000,0,24,1,4923.076923,23.98340451,23.98340446,5.606327314e-08
PEAK,192000,5000,0,24,1,10200,13.85532895,13.85532896,9.965275716e-09
PEAK,192000,5000,0,24,1,90000,0.01785014338,0.01785021329,6.99111061e-08
PEAK,192000,5000,0.1000000015,-24,1,1246.753247,-4.027546399,-4.027546384,1.443749154e-08
PEAK,192000,5000,0.1000000015,-24,1,4923.076923,-23.95221353,-23.95221497,1.439888294e-06
PEAK,192000,5000,0.1000000015,-24,1,10200,-9.815265255,-9.815265242,1.314975284e-08
PEAK,192000,5000,0.1000000015,-24,1,90000,-0.006185099353,-0.006184916152,1.832007984e-07
PEAK,192000,5000,0.1000000015,0,1,1246.753247,0,0,0
PEAK,192000,5000,0.1000000015,0,1,4923.076923,0,0,0
PEAK,192000,5000,0.1000000015,0,1,10200,0,0,0
PEAK,192000,5000,0.1000000015,0,1,90000,0,0,0
PEAK,192000,5000,0.1000000015,24,1,1246.753247,4.027546185,4.027546109,7.57968952e-08
PEAK,192000,5000,0.1000000015,24,1,4923.076923,23.95221404,23.95221408,3.513106162e-08
PEAK,192000,5000,0.1000000015,24,1,10200,9.815264796,9.815264823,2.723739057e-08
PEAK,192000,5000,0.1000000015,24,1,90000,0.006184848334,0.006184915509,6.717535793e-08
PEAK,192000,5000,0.6000000238,-24,1,1246.753247,-0.6602469346,-0.6602469295,5.116359142e-09
PEAK,192000,5000,0.6000000238,-24,1,4923.076923,-23.5723638,-23.57236378,2.5045229e-08
PEAK,192000,5000,0.6000000238,-24,1,10200,-2.892316269,-2.892316295,2.639575358e-08
PEAK,192000,5000,0.6000000238,-24,1,90000,-0.0006613613003,-0.0006614596669,9.836663613e-08
PEAK,192000,5000,0.6000000238,0,1,1246.753247,0,0,0
PEAK,192000,5000,0.6000000238,0,1,4923.076923,0,0,0
PEAK,192000,5000,0.6000000238,0,1,10200,0,0,0
PEAK,192000,5000,0.6000000238,0,1,90000,0,0,0
PEAK,192000,5000,0.6000000238,24,1,1246.753247,0.6602468849,0.6602468658,1.913767356e-08
PEAK,192000,5000,0.6000000238,24,1,4923.076923,23.57236296,23.57236292,4.040194401e-08
PEAK,192000,5000,0.6000000238,24,1,10200,2.89231608,2.892316075,5.370380807e-09
PEAK,192000,5000,0.6000000238,24,1,90000,0.0006613206218,0.0006614595981,1.38976259e-07
PEAK,192000,5000,1,-24,1,1246.753247,-0.2913917458,-0.291391723,2.283428448e-08
PEAK,192000,5000,1,-24,1,4923.076923,-23.04907437,-23.04907536,9.904986076e-07
PEAK,192000,5000,1,-24,1,10200,-1.463539812,-1.463539795,1.689961399e-08
PEAK,192000,5000,1,-24,1,90000,-0.0002794202701,-0.0002794791161,5.88460318e-08
PEAK,192000,5000,1,0,1,1246.753247,0,0,0
PEAK,192000,5000,1,0,1,4923.076923,0,0,0
PEAK,192000,5000,1,0,1,10200,0,0,0
PEAK,192000,5000,1,0,1,90000,0,0,0
PEAK,192000,5000,1,24,1,1246.753247,0.2913916909,0.2913916937,2.804775655e-09
PEAK,192000,5000,1,24,1,4923.076923,23.04907449,23.04907455,5.991028829e-08
PEAK,192000,5000,1,24,1,10200,1.463539722,1.463539666,5.627148159e-08
PEAK,192000,5000,1,24,1,90000,0.0002795576281,0.000279479087,7.854102656e-08
PEAK,192000,10000,0,-24,1,2493.506494,-7.246173073,-7.246173056,1.773811298e-08
PEAK,192000,10000,0,-24,1,10200,-23.97220046,-23.97220115,6.923847318e-07
PEAK,192000,10000,0,-24,1,20250,-13.68381382,-13.68381377,5.723959751e-08
PEAK,192000,10000,0,-24,1,90000,-0.07194554297,-0.0719456704,1.274253874e-07
PEAK,192000,10000,0,0,1,2493.506494,0,0,0
PEAK,192000,10000,0,0,1,10200,0,0,0
PEAK,192000,10000,0,0,1,20250,0,0,0
PEAK,192000,10000,0,0,1,90000,0,0,0
PEAK,192000,10000,0,24,1,2493.506494,7.246172707,7.246172683,2.455524917e-08
PEAK,192000,10000,0,24,1,10200,23.97220029,23.97220026,3.649508162e-08
PEAK,192000,10000,0,24,1,20250,13.68381326,13.6838133,3.263138693e-08
PEAK,192000,10000,0,24,1,90000,0.07194564598,0.07194566298,1.699801695e-08
PEAK,192000,10000,0.1000000015,-24,1,2493.506494,-3.990293359,-3.990293356,3.083511779e-09
PEAK,192000,10000,0.1000000015,-24,1,10200,-23.92014645,-23.92014622,2.37663655e-07
PEAK,192000,10000,0.1000000015,-24,1,20250,-9.645136186,-9.645136128,5.80344901e-08
PEAK,192000,10000,0.1000000015,-24,1,90000,-0.02503096341,-0.02503086651,9.690720062e-08
PEAK,192000,10000,0.1000000015,0,1,2493.506494,0,0,0
PEAK,192000,10000,0.1000000015,0,1,10200,0,0,0
PEAK,192000,10000,0.1000000015,0,1,20250,0,0,0
PEAK,192000,10000,0.1000000015,0,1,90000,0,0,0
PEAK,192000,10000,0.1000000015,24,1,2493.506494,3.990293106,3.990293083,2.360296336e-08
PEAK,192000,10000,0.1000000015,24,1,10200,23.92014533,23.92014533,2.486020279e-10
PEAK,192000,10000,0.1000000015,24,1,20250,9.645135718,9.645135712,6.266165142e-09
PEAK,192000,10000,0.1000000015,24,1,90000,0.02503074173,0.02503086391,1.221846191e-07
PEAK,192000,10000,0.6000000238,-24,1,2493.506494,-0.6515357744,-0.651535818,4.36554114e-08
PEAK,192000,10000,0.6000000238,-24,1,10200,-23.30509466,-23.30509471,5.529666147e-08
PEAK,192000,10000,0.6000000238,-24,1,20250,-2.797989236,-2.797989186,4.974317247e-08
PEAK,192000,10000,0.6000000238,-24,1,90000,-0.002682417046,-0.002682217582,1.994639077e-07
PEAK,192000,10000,0.6000000238,0,1,2493.506494,0,0,0
PEAK,192000,10000,0.6000000238,0,1,10200,0,0,0
PEAK,192000,10000,0.6000000238,0,1,20250,0,0,0
PEAK,192000,10000,0.6000000238,0,1,90000,0,0,0
PEAK,192000,10000,0.6000000238,24,1,2493.506494,0.6515357548,0.6515357551,2.716517566e-10
PEAK,192000,10000,0.6000000238,24,1,10200,23.3050939,23.30509388,1.70567338e-08
PEAK,192000,10000,0.6000000238,24,1,20250,2.797988923,2.797988971,4.827678024e-08
PEAK,192000,10000,0.6000000238,24,1,90000,0.0026822681,0.002682217304,5.079628016e-08
PEAK,192000,10000,1,-24,1,2493.506494,-0.2873841945,-0.2873841852,9.315147473e-09
PEAK,192000,10000,1,-24,1,10200,-22.50685583,-22.50685587,3.946160376e-08
PEAK,192000,10000,1,-24,1,20250,-1.408172161,-1.408172149,1.212411632e-08
PEAK,192000,10000,1,-24,1,90000,-0.001133458558,-0.001133440717,1.784051911e-08
PEAK,192000,10000,1,0,1,2493.506494,0,0,0
PEAK,192000,10000,1,0,1,10200,0,0,0
PEAK,192000,10000,1,0,1,20250,0,0,0
PEAK,192000,10000,1,0,1,90000,0,0,0
PEAK,192000,10000,1,24,1,2493.506494,0.2873841681,0.2873841562,1.184492085e-08
PEAK,192000,10000,1,24,1,10200,22.5068551,22.50685511,3.612479205e-09
PEAK,192000,10000,1,24,1,20250,1.408172037,1.408172024,1.36365409e-08
PEAK,192000,10000,1,24,1,90000,0.001133347488,0.0011334406,9.311192094e-08
PEAK,192000,20000,0,-24,1,4923.076923,-6.945091922,-6.945091824,9.791947586e-08
PEAK,192000,20000,0,-24,1,20250,-23.98776485,-23.98776501,1.562795546e-07
PEAK,192000,20000,0,-24,1,39750,-12.82609664,-12.82609666,1.524416104e-08
PEAK,192000,20000,0,-24,1,90000,-0.2967545865,-0.2967546388,5.222631664e-08
PEAK,192000,20000,0,0,1,4923.076923,0,0,0
PEAK,192000,20000,0,0,1,20250,0,0,0
PEAK,192000,20000,0,0,1,39750,0,0,0
PEAK,192000,20000,0,0,1,90000,0,0,0
PEAK,192000,20000,0,24,1,4923.076923,6.945091411,6.945091458,4.661543684e-08
PEAK,192000,20000,0,24,1,20250,23.98776408,23.98776412,3.535196136e-08
PEAK,192000,20000,0,24,1,39750,12.82609621,12.8260962,1.267572047e-08
PEAK,192000,20000,0,24,1,90000,0.2967546259,0.2967546089,1.703018934e-08
PEAK,192000,20000,0.1000000015,-24,1,4923.076923,-3.766964223,-3.766964224,3.02499803e-10
PEAK,192000,20000,0.1000000015,-24,1,20250,-23.96473546,-23.96473534,1.197997044e-07
PEAK,192000,20000,0.1000000015,-24,1,39750,-8.808416137,-8.8084161,3.690649053e-08
PEAK,192000,20000,0.1000000015,-24,1,90000,-0.105012323,-0.1050124934,1.703337086e-07
PEAK,192000,20000,0.1000000015,0,1,4923.076923,0,0,0
PEAK,192000,20000,0.1000000015,0,1,20250,0,0,0
PEAK,192000,20000,0.1000000015,0,1,39750,0,0,0
PEAK,192000,20000,0.1000000015,0,1,90000,0,0,0
PEAK,192000,20000,0.1000000015,24,1,4923.076923,3.766963985,3.76696396,2.497521179e-08
PEAK,192000,20000,0.1000000015,24,1,20250,23.96473441,23.96473445,3.546392868e-08
PEAK,192000,20000,0.1000000015,24,1,39750,8.808415642,8.808415697,5.479773946e-08
PEAK,192000,20000,0.1000000015,24,1,90000,0.1050124157,0.1050124826,6.682742414e-08
PEAK,192000,20000,0.6000000238,-24,1,4923.076923,-0.600528971,-0.6005289297,4.136875298e-08
PEAK,192000,20000,0.6000000238,-24,1,20250,-23.68081896,-23.68081835,6.092697076e-07
PEAK,192000,20000,0.6000000238,-24,1,39750,-2.361529295,-2.361529279,1.552670376e-08
PEAK,192000,20000,0.6000000238,-24,1,90000,-0.01134657575,-0.01134654925,2.64982079e-08
PEAK,192000,20000,0.6000000238,0,1,4923.076923,0,0,0
PEAK,192000,20000,0.6000000238,0,1,20250,0,0,0
PEAK,192000,20000,0.6000000238,0,1,39750,0,0,0
PEAK,192000,20000,0.6000000238,0,1,90000,0,0,0
PEAK,192000,20000,0.6000000238,24,1,4923.076923,0.6005288484,0.6005288713,2.293629432e-08
PEAK,192000,20000,0.6000000238,24,1,20250,23.6808175,23.68081748,1.223334412e-08
PEAK,192000,20000,0.6000000238,24,1,39750,2.361529134,2.361529089,4.45708514e-08
PEAK,192000,20000,0.6000000238,24,1,90000,0.01134656539,0.01134654807,1.731889288e-08
PEAK,192000,20000,1,-24,1,4923.076923,-0.2640064956,-0.2640064615,3.407017254e-08
PEAK,192000,20000,1,-24,1,20250,-23.27960635,-23.27960675,3.938875279e-07
PEAK,192000,20000,1,-24,1,39750,-1.158618989,-1.158618985,4.392737785e-09
PEAK,192000,20000,1,-24,1,90000,-0.004797539516,-0.004797563338,2.382180037e-08
PEAK,192000,20000,1,0,1,4923.076923,0,0,0
PEAK,192000,20000,1,0,1,20250,0,0,0
PEAK,192000,20000,1,0,1,39750,0,0,0
PEAK,192000,20000,1,0,1,90000,0,0,0
PEAK,192000,20000,1,24,1,4923.076923,0.2640063851,0.2640064348,4.974108818e-08
PEAK,192000,20000,1,24,1,20250,23.27960587,23.27960592,5.400784797e-08
PEAK,192000,20000,1,24,1,39750,1.158618874,1.158618879,4.48844914e-09
PEAK,192000,20000,1,24,1,90000,0.004797543679,0.004797562839,1.916020947e-08
PEAK,192000,1000,0.1000000015,6,0,250,0,0,0
PEAK,192000,1000,0.1000000015,6,0,1000,0,0,0
PEAK,192000,1000,0.1000000015,6,0,2000,0,0,0
PEAK,192000,1000,0.1000000015,6,0,90000,0,0,0
PEAK,192000,1000,0.1000000015,6,0.349999994,250,0.1638485614,0.1638485487,1.268049459e-08
PEAK,192000,1000,0.1000000015,6,0.349999994,1000,2.595999975,2.595999993,1.733298649e-08
PEAK,192000,1000,0.1000000015,6,0.349999994,2000,0.7650855485,0.7650855645,1.60297785e-08
PEAK,192000,1000,0.1000000015,6,0.349999994,90000,6.348054609e-06,6.401562273e-06,5.350766444e-08
PEAK,192000,1000,0.1000000015,6,1,250,0.5694833711,0.5694833466,2.441390708e-08
PEAK,192000,1000,0.1000000015,6,1,1000,5.999999983,5.999999998,1.439047748e-08
PEAK,192000,1000,0.1000000015,6,1,2000,2.309636072,2.309636103,3.11955704e-08
PEAK,192000,1000,0.1000000015,6,1,90000,2.312885863e-05,2.33287057e-05,1.998470716e-07
ALL PASS,44100,20,0,0,1,5,-3.43092862e-09,-9.643274666e-16,3.430927656e-09
ALL PASS,44100,20,0,0,1,20,2.629262942e-08,0,2.629262942e-08
ALL PASS,44100,20,0,0,1,39.98186763,7.866011426e-09,-1.928654933e-15,7.866013355e-09
ALL PASS,44100,20,0,0,1,20671.875,1.23260896e-08,0,1.23260896e-08
ALL PASS,44100,20,0.1000000015,0,1,5,3.578997244e-09,0,3.578997244e-09
ALL PASS,44100,20,0.1000000015,0,1,20,2.426382908e-08,0,2.426382908e-08
ALL PASS,44100,20,0.1000000015,0,1,39.98186763,4.026827062e-09,0,4.026827062e-09
ALL PASS,44100,20,0.1000000015,0,1,20671.875,-2.574226081e-08,-9.643274666e-16,2.574225984e-08
ALL PASS,44100,20,0.6000000238,0,1,5,6.460635294e-09,0,6.460635294e-09
ALL PASS,44100,20,0.6000000238,0,1,20,2.39395624e-08,0,2.39395624e-08
ALL PASS,44100,20,0.6000000238,0,1,39.98186763,-1.853161981e-08,0,1.853161981e-08
ALL PASS,44100,20,0.6000000238,0,1,20671.875,-4.282674819e-08,0,4.282674819e-08
ALL PASS,44100,20,1,0,1,5,-4.714519838e-10,0,4.714519838e-10
ALL PASS,44100,20,1,0,1,20,2.533877069e-08,0,2.533877069e-08
ALL PASS,44100,20,1,0,1,39.98186763,2.358604191e-09,0,2.358604191e-09
ALL PASS,44100,20,1,0,1,20671.875,2.137758927e-08,-9.643274666e-16,2.137759023e-08
ALL PASS,44100,100,0,0,1,25,-7.918126583e-09,0,7.918126583e-09
ALL PASS,44100,100,0,0,1,100,9.499851925e-08,0,9.499851925e-08
ALL PASS,44100,100,0,0,1,199.5475113,-3.229282641e-08,0,3.229282641e-08
ALL PASS,44100,100,0,0,1,20671.875,4.957054353e-08,-9.643274666e-16,4.95705445e-08
ALL PASS,44100,100,0.1000000015,0,1,25,5.701213914e-09,0,5.701213914e-09
ALL PASS,44100,100,0.1000000015,0,1,100,5.63227837e-08,-9.643274666e-16,5.632278466e-08
ALL PASS,44100,100,0.1000000015,0,1,199.5475113,-1.108247556e-08,0,1.108247556e-08
ALL PASS,44100,100,0.1000000015,0,1,20671.875,-1.215503777e-07,0,1.215503777e-07
ALL PASS,44100,100,0.6000000238,0,1,25,-1.709074676e-09,0,1.709074676e-09
ALL PASS,44100,100,0.6000000238,0,1,100,-2.406269358e-08,0,2.406269358e-08
ALL PASS,44100,100,0.6000000238,0,1,199.5475113,9.61852616e-09,-9.643274666e-16,9.618527124e-09
ALL PASS,44100,100,0.6000000238,0,1,20671.875,-8.321450796e-08,-9.643274666e-16,8.3214507e-08
ALL PASS,44100,100,1,0,1,25,-5.722076178e-09,0,5.722076178e-09
ALL PASS,44100,100,1,0,1,100,5.763511397e-09,0,5.763511397e-09
ALL PASS,44100,100,1,0,1,199.5475113,-1.969294106e-08,0,1.969294106e-08
ALL PASS,44100,100,1,0,1,20671.875,-9.443639163e-08,-9.643274666e-16,9.443639066e-08
ALL PASS,44100,500,0,0,1,124.9291785,2.071367683e-09,0,2.071367683e-09
ALL PASS,44100,500,0,0,1,495.505618,7.400756211e-09,0,7.400756211e-09
ALL PASS,44100,500,0,0,1,980,-3.701506571e-08,-9.643274666e-16,3.701506475e-08
ALL PASS,44100,500,0,0,1,20671.875,1.834503419e-07,0,1.834503419e-07
ALL PASS,44100,500,0.1000000015,0,1,124.9291785,8.193126732e-09,0,8.193126732e-09
ALL PASS,44100,500,0.1000000015,0,1,495.505618,-2.890533784e-08,-9.643274666e-16,2.890533688e-08
ALL PASS,44100,500,0.1000000015,0,1,980,-7.64717451e-08,0,7.64717451e-08
ALL PASS,44100,500,0.1000000015,0,1,20671.875,-6.501998508e-08,-9.643274666e-16,6.501998411e-08
ALL PASS,44100,500,0.6000000238,0,1,124.9291785,1.715783115e-08,-9.643274666e-16,1.715783211e-08
ALL PASS,44100,500,0.6000000238,0,1,495.505618,-5.883657363e-08,-1.928654933e-15,5.88365717e-08
ALL PASS,44100,500,0.6000000238,0,1,980,2.016688964e-08,0,2.016688964e-08
ALL PASS,44100,500,0.6000000238,0,1,20671.875,-5.055521474e-08,0,5.055521474e-08
ALL PASS,44100,500,1,0,1,124.9291785,-6.353887141e-09,0,6.353887141e-09
ALL PASS,44100,500,1,0,1,495.505618,-6.489206704e-08,-1.928654933e-15,6.489206511e-08
ALL PASS,44100,500,1,0,1,980,-7.137596775e-08,0,7.137596775e-08
ALL PASS,44100,500,1,0,1,20671.875,-1.612217048e-08,0,1.612217048e-08
ALL PASS,44100,1000,0,0,1,249.1525424,4.090013655e-09,-9.643274666e-16,4.090014619e-09
ALL PASS,44100,1000,0,0,1,980,-1.653019961e-08,-9.643274666e-16,1.653019865e-08
ALL PASS,44100,1000,0,0,1,2037.228261,3.939381646e-08,-9.643274666e-16,3.939381743e-08
ALL PASS,44100,1000,0,0,1,20671.875,1.669092158e-07,0,1.669092158e-07
ALL PASS,44100,1000,0.1000000015,0,1,249.1525424,4.127739294e-08,0,4.127739294e-08
ALL PASS,44100,1000,0.1000000015,0,1,980,-1.164095556e-07,-1.928654933e-15,1.164095537e-07
ALL PASS,44100,1000,0.1000000015,0,1,2037.228261,-1.196896637e-08,0,1.196896637e-08
ALL PASS,44100,1000,0.1000000015,0,1,20671.875,-1.440612334e-07,0,1.440612334e-07
ALL PASS,44100,1000,0.6000000238,0,1,249.1525424,3.56176432e-08,0,3.56176432e-08
ALL PASS,44100,1000,0.6000000238,0,1,980,-9.762460099e-08,1.928654933e-15,9.762460291e-08
ALL PASS,44100,1000,0.6000000238,0,1,2037.228261,3.494008551e-08,0,3.494008551e-08
ALL PASS,44100,1000,0.6000000238,0,1,20671.875,2.071182533e-11,0,2.071182533e-11
ALL PASS,44100,1000,1,0,1,249.1525424,-2.999111946e-08,-9.643274666e-16,2.99911185e-08
ALL PASS,44100,1000,1,0,1,980,-4.180344438e-08,-9.643274666e-16,4.180344341e-08
ALL PASS,44100,1000,1,0,1,2037.228261,3.165379059e-08,0,3.165379059e-08
ALL PASS,44100,1000,1,0,1,20671.875,-5.709760769e-08,-9.643274666e-16,5.709760672e-08
ALL PASS,44100,5000,0,0,1,1225,-1.38730487e-07,0,1.38730487e-07
ALL PASS,44100,5000,0,0,1,4995.703125,-1.460248296e-09,-9.643274666e-16,1.460247331e-09
ALL PASS,44100,5000,0,0,1,9991.40625,-5.285374698e-09,-9.643274666e-16,5.285373734e-09
ALL PASS,44100,5000,0,0,1,20671.875,1.724480963e-08,0,1.724480963e-08
ALL PASS,44100,5000,0.1000000015,0,1,1225,7.445083616e-08,-9.643274666e-16,7.445083713e-08
ALL PASS,44100,5000,0.1000000015,0,1,4995.703125,-9.864877173e-08,0,9.864877173e-08
ALL PASS,44100,5000,0.1000000015,0,1,9991.40625,-1.30257063e-08,-9.643274666e-16,1.302570534e-08
ALL PASS,44100,5000,0.1000000015,0,1,20671.875,-4.169307806e-08,0,4.169307806e-08
ALL PASS,44100,5000,0.6000000238,0,1,1225,-8.163845901e-09,0,8.163845901e-09
ALL PASS,44100,5000,0.6000000238,0,1,4995.703125,1.015417356e-07,1.928654933e-15,1.015417337e-07
ALL PASS,44100,5000,0.6000000238,0,1,9991.40625,-2.879456265e-08,0,2.879456265e-08
ALL PASS,44100,5000,0.6000000238,0,1,20671.875,1.663283585e-08,0,1.663283585e-08
ALL PASS,44100,5000,1,0,1,1225,-7.307426897e-08,-9.643274666e-16,7.307426801e-08
ALL PASS,44100,5000,1,0,1,4995.703125,-2.240891537e-08,0,2.240891537e-08
ALL PASS,44100,5000,1,0,1,9991.40625,2.16865e-08,0,2.16865e-08
ALL PASS,44100,5000,1,0,1,20671.875,-2.48175103e-08,-9.643274666e-16,2.481750934e-08
ALL PASS,44100,10000,0,0,1,2450,-5.82986872e-08,-9.643274666e-16,5.829868623e-08
ALL PASS,44100,10000,0,0,1,9991.40625,-1.685117505e-08,-9.643274666e-16,1.685117408e-08
ALL PASS,44100,10000,0,0,1,19982.8125,5.42157552e-08,-9.643274666e-16,5.421575616e-08
ALL PASS,44100,10000,0,0,1,20671.875,3.727950729e-08,0,3.727950729e-08
ALL PASS,44100,10000,0.1000000015,0,1,2450,-1.133924054e-07,0,1.133924054e-07
ALL PASS,44100,10000,0.1000000015,0,1,9991.40625,1.884358338e-07,0,1.884358338e-07
ALL PASS,44100,10000,0.1000000015,0,1,19982.8125,-6.401014789e-09,-9.643274666e-16,6.401013824e-09
ALL PASS,44100,10000,0.1000000015,0,1,20671.875,6.408252426e-08,0,6.408252426e-08
ALL PASS,44100,10000,0.6000000238,0,1,2450,-3.392091688e-08,0,3.392091688e-08
ALL PASS,44100,10000,0.6000000238,0,1,9991.40625,1.188319552e-07,-9.643274666e-16,1.188319562e-07
ALL PASS,44100,10000,0.6000000238,0,1,19982.8125,3.243245421e-09,0,3.243245421e-09
ALL PASS,44100,10000,0.6000000238,0,1,20671.875,-9.985162947e-08,0,9.985162947e-08
ALL PASS,44100,10000,1,0,1,2450,1.120217918e-07,0,1.120217918e-07
ALL PASS,44100,10000,1,0,1,9991.40625,-1.191020766e-07,0,1.191020766e-07
ALL PASS,44100,10000,1,0,1,19982.8125,9.634727392e-08,-9.643274666e-16,9.634727488e-08
ALL PASS,44100,10000,1,0,1,20671.875,-5.402805498e-08,0,5.402805498e-08
ALL PASS,44100,20000,0,0,1,4995.703125,-6.768090861e-09,0,6.768090861e-09
ALL PASS,44100,20000,0,0,1,19982.8125,-6.419915532e-08,-9.643274666e-16,6.419915435e-08
ALL PASS,44100,20000,0,0,1,20671.875,-2.530176522e-07,-9.643274666e-16,2.530176513e-07
ALL PASS,44100,20000,0,0,1,20671.875,-2.530176522e-07,-9.643274666e-16,2.530176513e-07
ALL PASS,44100,20000,0.1000000015,0,1,4995.703125,-5.261976257e-09,-9.643274666e-16,5.261975292e-09
ALL PASS,44100,20000,0.1000000015,0,1,19982.8125,-2.007031327e-07,-9.643274666e-16,2.007031317e-07
ALL PASS,44100,20000,0.1000000015,0,1,20671.875,1.585960723e-08,0,1.585960723e-08
ALL PASS,44100,20000,0.1000000015,0,1,20671.875,1.585960723e-08,0,1.585960723e-08
ALL PASS,44100,20000,0.6000000238,0,1,4995.703125,-1.084975537e-08,0,1.084975537e-08
ALL PASS,44100,20000,0.6000000238,0,1,19982.8125,2.289464609e-08,0,2.289464609e-08
ALL PASS,44100,20000,0.6000000238,0,1,20671.875,-1.588737896e-07,0,1.588737896e-07
ALL PASS,44100,20000,0.6000000238,0,1,20671.875,-1.588737896e-07,0,1.588737896e-07
ALL PASS,44100,20000,1,0,1,4995.703125,2.522413144e-08,0,2.522413144e-08
ALL PASS,44100,20000,1,0,1,19982.8125,-1.778336164e-07,-9.643274666e-16,1.778336155e-07
ALL PASS,44100,20000,1,0,1,20671.875,-3.315512997e-08,0,3.315512997e-08
ALL PASS,44100,20000,1,0,1,20671.875,-3.315512997e-08,0,3.315512997e-08
ALL PASS,44100,1000,0.1000000015,0,0,249.1525424,0,0,0
ALL PASS,44100,1000,0.1000000015,0,0,980,0,0,0
ALL PASS,44100,1000,0.1000000015,0,0,2037.228261,0,0,0
ALL PASS,44100,1000,0.1000000015,0,0,20671.875,0,0,0
ALL PASS,44100,1000,0.1000000015,0,0.349999994,249.1525424,-0.365454833,-0.3654548563,2.333669662e-08
ALL PASS,44100,1000,0.1000000015,0,0.349999994,980,-10.40579755,-10.40579766,1.193547585e-07
ALL PASS,44100,1000,0.1000000015,0,0.349999994,2037.228261,-1.738809265,-1.738809294,2.874503324e-08
ALL PASS,44100,1000,0.1000000015,0,0.349999994,20671.875,-0.0002702216967,-0.0002702121476,9.549100428e-09
ALL PASS,44100,1000,0.1000000015,0,1,249.1525424,4.127739294e-08,0,4.127739294e-08
ALL PASS,44100,1000,0.1000000015,0,1,980,-1.164095556e-07,-1.928654933e-15,1.164095537e-07
ALL PASS,44100,1000,0.1000000015,0,1,2037.228261,-1.196896637e-08,0,1.196896637e-08
ALL PASS,44100,1000,0.1000000015,0,1,20671.875,-1.440612334e-07,0,1.440612334e-07
ALL PASS,48000,20,0,0,1,5,2.34878348e-09,0,2.34878348e-09
ALL PASS,48000,20,0,0,1,20,2.947636623e-09,0,2.947636623e-09
ALL PASS,48000,20,0,0,1,40,3.116298842e-08,-9.643274666e-16,3.116298938e-08
ALL PASS,48000,20,0,0,1,22500,4.149542352e-08,0,4.149542352e-08
ALL PASS,48000,20,0.1000000015,0,1,5,1.817406259e-09,-9.643274666e-16,1.817407223e-09
ALL PASS,48000,20,0.1000000015,0,1,20,8.30451234e-09,0,8.30451234e-09
ALL PASS,48000,20,0.1000000015,0,1,40,1.170816785e-08,-9.643274666e-16,1.170816881e-08
ALL PASS,48000,20,0.1000000015,0,1,22500,3.733331869e-08,0,3.733331869e-08
ALL PASS,48000,20,0.6000000238,0,1,5,1.040004029e-09,-9.643274666e-16,1.040004993e-09
ALL PASS,48000,20,0.6000000238,0,1,20,5.812632309e-09,0,5.812632309e-09
ALL PASS,48000,20,0.6000000238,0,1,40,2.180153848e-08,-9.643274666e-16,2.180153944e-08
ALL PASS,48000,20,0.6000000238,0,1,22500,-5.069751187e-08,0,5.069751187e-08
ALL PASS,48000,20,1,0,1,5,-2.562028106e-09,0,2.562028106e-09
ALL PASS,48000,20,1,0,1,20,5.812614951e-09,0,5.812614951e-09
ALL PASS,48000,20,1,0,1,40,2.356700609e-10,-9.643274666e-16,2.356710252e-10
ALL PASS,48000,20,1,0,1,22500,1.805316677e-08,-9.643274666e-16,1.805316773e-08
ALL PASS,48000,100,0,0,1,25,3.519866612e-09,-9.643274666e-16,3.519867577e-09
ALL PASS,48000,100,0,0,1,100,-5.241381115e-09,0,5.241381115e-09
ALL PASS,48000,100,0,0,1,200,-8.25825356e-09,-9.643274666e-16,8.258252595e-09
ALL PASS,48000,100,0,0,1,22500,-7.598246656e-08,0,7.598246656e-08
ALL PASS,48000,100,0.1000000015,0,1,25,-1.341133507e-08,0,1.341133507e-08
ALL PASS,48000,100,0.1000000015,0,1,100,-3.692420292e-08,-9.643274666e-16,3.692420196e-08
ALL PASS,48000,100,0.1000000015,0,1,200,2.252538775e-08,-9.643274666e-16,2.252538871e-08
ALL PASS,48000,100,0.1000000015,0,1,22500,7.474025398e-08,0,7.474025398e-08
ALL PASS,48000,100,0.6000000238,0,1,25,9.119241758e-09,0,9.119241758e-09
ALL PASS,48000,100,0.6000000238,0,1,100,-4.987963873e-08,-9.643274666e-16,4.987963777e-08
ALL PASS,48000,100,0.6000000238,0,1,200,2.740672465e-08,0,2.740672465e-08
ALL PASS,48000,100,0.6000000238,0,1,22500,-5.498265239e-08,0,5.498265239e-08
ALL PASS,48000,100,1,0,1,25,-9.226126859e-09,0,9.226126859e-09
ALL PASS,48000,100,1,0,1,100,-3.337501399e-08,0,3.337501399e-08
ALL PASS,48000,100,1,0,1,200,3.777852168e-08,0,3.777852168e-08
ALL PASS,48000,100,1,0,1,22500,-1.536382047e-08,-9.643274666e-16,1.53638195e-08
ALL PASS,48000,500,0,0,1,125,-1.453949406e-08,0,1.453949406e-08
ALL PASS,48000,500,0,0,1,500,-5.10406514e-08,0,5.10406514e-08
ALL PASS,48000,500,0,0,1,1000,9.26524822e-08,0,9.26524822e-08
ALL PASS,48000,500,0,0,1,22500,1.030954658e-07,0,1.030954658e-07
ALL PASS,48000,500,0.1000000015,0,1,125,1.28267202e-08,0,1.28267202e-08
ALL PASS,48000,500,0.1000000015,0,1,500,4.193152326e-08,-9.643274666e-16,4.193152422e-08
ALL PASS,48000,500,0.1000000015,0,1,1000,1.748628496e-09,-9.643274666e-16,1.74862946e-09
ALL PASS,48000,500,0.1000000015,0,1,22500,-1.267124556e-08,0,1.267124556e-08
ALL PASS,48000,500,0.6000000238,0,1,125,-3.768706792e-08,-9.643274666e-16,3.768706695e-08
ALL PASS,48000,500,0.6000000238,0,1,500,-6.479965746e-08,-9.643274666e-16,6.47996565e-08
ALL PASS,48000,500,0.6000000238,0,1,1000,-6.006488575e-08,0,6.006488575e-08
ALL PASS,48000,500,0.6000000238,0,1,22500,-2.446744979e-08,0,2.446744979e-08
ALL PASS,48000,500,1,0,1,125,3.128099124e-08,0,3.128099124e-08
ALL PASS,48000,500,1,0,1,500,-6.278739629e-08,-9.643274666e-16,6.278739533e-08
ALL PASS,48000,500,1,0,1,1000,-4.205118203e-08,0,4.205118203e-08
ALL PASS,48000,500,1,0,1,22500,3.883422302e-08,0,3.883422302e-08
ALL PASS,48000,1000,0,0,1,250,-3.439875367e-08,0,3.439875367e-08
ALL PASS,48000,1000,0,0,1,1000,-2.052004803e-07,-9.643274666e-16,2.052004793e-07
ALL PASS,48000,1000,0,0,1,2000,1.506138871e-07,0,1.506138871e-07
ALL PASS,48000,1000,0,0,1,22500,1.814803923e-08,0,1.814803923e-08
ALL PASS,48000,1000,0.1000000015,0,1,250,-3.489876807e-08,0,3.489876807e-08
ALL PASS,48000,1000,0.1000000015,0,1,1000,-2.032252792e-07,1.928654933e-15,2.032252811e-07
ALL PASS,48000,1000,0.1000000015,0,1,2000,-1.707589131e-08,0,1.707589131e-08
ALL PASS,48000,1000,0.1000000015,0,1,22500,-7.807665893e-08,0,7.807665893e-08
ALL PASS,48000,1000,0.6000000238,0,1,250,2.374661012e-08,0,2.374661012e-08
ALL PASS,48000,1000,0.6000000238,0,1,1000,2.849599231e-08,-9.643274666e-16,2.849599327e-08
ALL PASS,48000,1000,0.6000000238,0,1,2000,-1.204966322e-08,0,1.204966322e-08
ALL PASS,48000,1000,0.6000000238,0,1,22500,8.711827443e-08,0,8.711827443e-08
ALL PASS,48000,1000,1,0,1,250,-5.10293138e-08,0,5.10293138e-08
ALL PASS,48000,1000,1,0,1,1000,7.161439616e-08,-9.643274666e-16,7.161439713e-08
ALL PASS,48000,1000,1,0,1,2000,-9.016533991e-08,0,9.016533991e-08
ALL PASS,48000,1000,1,0,1,22500,9.028716246e-08,0,9.028716246e-08
ALL PASS,48000,5000,0,0,1,1230.769231,2.103988565e-08,0,2.103988565e-08
ALL PASS,48000,5000,0,0,1,5062.5,1.751763523e-08,0,1.751763523e-08
ALL PASS,48000,5000,0,0,1,9937.5,1.830416578e-08,0,1.830416578e-08
ALL PASS,48000,5000,0,0,1,22500,-3.966881576e-09,0,3.966881576e-09
ALL PASS,48000,5000,0.1000000015,0,1,1230.769231,-7.444132467e-08,0,7.444132467e-08
ALL PASS,48000,5000,0.1000000015,0,1,5062.5,9.605523169e-09,0,9.605523169e-09
ALL PASS,48000,5000,0.1000000015,0,1,9937.5,-1.811227236e-08,0,1.811227236e-08
ALL PASS,48000,5000,0.1000000015,0,1,22500,-7.052666429e-08,0,7.052666429e-08
ALL PASS,48000,5000,0.6000000238,0,1,1230.769231,-1.348717846e-08,-9.643274666e-16,1.34871775e-08
ALL PASS,48000,5000,0.6000000238,0,1,5062.5,1.763724655e-08,1.928654933e-15,1.763724462e-08
ALL PASS,48000,5000,0.6000000238,0,1,9937.5,2.919144213e-08,0,2.919144213e-08
ALL PASS,48000,5000,0.6000000238,0,1,22500,1.855641456e-08,-9.643274666e-16,1.855641552e-08
ALL PASS,48000,5000,1,0,1,1230.769231,-1.85344665e-08,0,1.85344665e-08
ALL PASS,48000,5000,1,0,1,5062.5,-9.468059263e-09,-9.643274666e-16,9.468058299e-09
ALL PASS,48000,5000,1,0,1,9937.5,-7.1718702e-09,0,7.1718702e-09
ALL PASS,48000,5000,1,0,1,22500,-5.42414335e-09,-9.643274666e-16,5.424142385e-09
ALL PASS,48000,10000,0,0,1,2550,3.676898654e-08,0,3.676898654e-08
ALL PASS,48000,10000,0,0,1,9937.5,-1.629222288e-08,-1.928654933e-15,1.629222095e-08
ALL PASS,48000,10000,0,0,1,20062.5,1.248479669e-08,-9.643274666e-16,1.248479765e-08
ALL PASS,48000,10000,0,0,1,22500,8.831846674e-08,0,8.831846674e-08
ALL PASS,48000,10000,0.1000000015,0,1,2550,6.455289062e-09,0,6.455289062e-09
ALL PASS,48000,10000,0.1000000015,0,1,9937.5,-6.166967228e-08,0,6.166967228e-08
ALL PASS,48000,10000,0.1000000015,0,1,20062.5,-9.416383847e-09,0,9.416383847e-09
ALL PASS,48000,10000,0.1000000015,0,1,22500,-6.321176499e-08,-9.643274666e-16,6.321176402e-08
ALL PASS,48000,10000,0.6000000238,0,1,2550,-1.550327476e-08,0,1.550327476e-08
ALL PASS,48000,10000,0.6000000238,0,1,9937.5,1.789878183e-07,-9.643274666e-16,1.789878192e-07
ALL PASS,48000,10000,0.6000000238,0,1,20062.5,-1.133082556e-08,-9.643274666e-16,1.13308246e-08
ALL PASS,48000,10000,0.6000000238,0,1,22500,-7.282300284e-08,0,7.282300284e-08
ALL PASS,48000,10000,1,0,1,2550,-1.439026921e-08,0,1.439026921e-08
ALL PASS,48000,10000,1,0,1,9937.5,8.386709841e-08,0,8.386709841e-08
ALL PASS,48000,10000,1,0,1,20062.5,4.292880372e-08,0,4.292880372e-08
ALL PASS,48000,10000,1,0,1,22500,7.060720846e-09,0,7.060720846e-09
ALL PASS,48000,20000,0,0,1,5062.5,-2.568273673e-08,0,2.568273673e-08
ALL PASS,48000,20000,0,0,1,20062.5,-8.298381479e-08,1.928654933e-15,8.298381672e-08
ALL PASS,48000,20000,0,0,1,22500,-3.734725917e-08,-9.643274666e-16,3.73472582e-08
ALL PASS,48000,20000,0,0,1,22500,-3.734725917e-08,-9.643274666e-16,3.73472582e-08
ALL PASS,48000,20000,0.1000000015,0,1,5062.5,-1.891677895e-08,0,1.891677895e-08
ALL PASS,48000,20000,0.1000000015,0,1,20062.5,1.59503543e-08,-9.643274666e-16,1.595035526e-08
ALL PASS,48000,20000,0.1000000015,0,1,22500,3.765400964e-08,0,3.765400964e-08
ALL PASS,48000,20000,0.1000000015,0,1,22500,3.765400964e-08,0,3.765400964e-08
ALL PASS,48000,20000,0.6000000238,0,1,5062.5,-7.737377861e-11,0,7.737377861e-11
ALL PASS,48000,20000,0.6000000238,0,1,20062.5,-4.210713713e-08,-9.643274666e-16,4.210713617e-08
ALL PASS,48000,20000,0.6000000238,0,1,22500,-7.261797043e-08,0,7.261797043e-08
ALL PASS,48000,20000,0.6000000238,0,1,22500,-7.261797043e-08,0,7.261797043e-08
ALL PASS,48000,20000,1,0,1,5062.5,-5.583616321e-08,-9.643274666e-16,5.583616224e-08
ALL PASS,48000,20000,1,0,1,20062.5,-6.363792251e-08,0,6.363792251e-08
ALL PASS,48000,20000,1,0,1,22500,6.155429874e-08,-9.643274666e-16,6.155429971e-08
ALL PASS,48000,20000,1,0,1,22500,6.155429874e-08,-9.643274666e-16,6.155429971e-08
ALL PASS,48000,1000,0.1000000015,0,0,250,0,0,0
ALL PASS,48000,1000,0.1000000015,0,0,1000,0,0,0
ALL PASS,48000,1000,0.1000000015,0,0,2000,0,0,0
ALL PASS,48000,1000,0.1000000015,0,0,22500,0,0,0
ALL PASS,48000,1000,0.1000000015,0,0.349999994,250,-0.3683333034,-0.3683333093,5.948491505e-09
ALL PASS,48000,1000,0.1000000015,0,0.349999994,1000,-10.45757428,-10.45757456,2.796216481e-07
ALL PASS,48000,1000,0.1000000015,0,0.349999994,2000,-1.82776552,-1.827765505,1.515098402e-08
ALL PASS,48000,1000,0.1000000015,0,0.349999994,22500,-0.0002279717872,-0.0002279637601,8.027120143e-09
ALL PASS,48000,1000,0.1000000015,0,1,250,-3.489876807e-08,0,3.489876807e-08
ALL PASS,48000,1000,0.1000000015,0,1,1000,-2.032252792e-07,1.928654933e-15,2.032252811e-07
ALL PASS,48000,1000,0.1000000015,0,1,2000,-1.707589131e-08,0,1.707589131e-08
ALL PASS,48000,1000,0.1000000015,0,1,22500,-7.807665893e-08,0,7.807665893e-08
ALL PASS,96000,20,0,0,1,5,5.29719735e-09,0,5.29719735e-09
ALL PASS,96000,20,0,0,1,20,-5.839839848e-09,0,5.839839848e-09
ALL PASS,96000,20,0,0,1,40,2.43850084e-08,-9.643274666e-16,2.438500937e-08
ALL PASS,96000,20,0,0,1,45000,1.474315853e-07,0,1.474315853e-07
ALL PASS,96000,20,0.1000000015,0,1,5,-5.118222997e-09,-9.643274666e-16,5.118222033e-09
ALL PASS,96000,20,0.1000000015,0,1,20,-5.601166871e-09,0,5.601166871e-09
ALL PASS,96000,20,0.1000000015,0,1,40,-3.60837066e-09,0,3.60837066e-09
ALL PASS,96000,20,0.1000000015,0,1,45000,8.776997271e-08,0,8.776997271e-08
ALL PASS,96000,20,0.6000000238,0,1,5,-4.340971201e-09,-9.643274666e-16,4.340970237e-09
ALL PASS,96000,20,0.6000000238,0,1,20,-5.533081495e-09,0,5.533081495e-09
ALL PASS,96000,20,0.6000000238,0,1,40,-7.409181547e-09,0,7.409181547e-09
ALL PASS,96000,20,0.6000000238,0,1,45000,1.068120153e-08,-9.643274666e-16,1.068120249e-08
ALL PASS,96000,20,1,0,1,5,3.868268483e-09,0,3.868268483e-09
ALL PASS,96000,20,1,0,1,20,-5.612698299e-09,0,5.612698299e-09
ALL PASS,96000,20,1,0,1,40,1.373562971e-09,0,1.373562971e-09
ALL PASS,96000,20,1,0,1,45000,4.510624366e-09,-9.643274666e-16,4.51062533e-09
ALL PASS,96000,100,0,0,1,25,7.533110156e-09,0,7.533110156e-09
ALL PASS,96000,100,0,0,1,100,3.310788069e-08,0,3.310788069e-08
ALL PASS,96000,100,0,0,1,200,1.478448432e-08,-9.643274666e-16,1.478448529e-08
ALL PASS,96000,100,0,0,1,45000,7.602111644e-09,0,7.602111644e-09
ALL PASS,96000,100,0.1000000015,0,1,25,-3.845077373e-09,0,3.845077373e-09
ALL PASS,96000,100,0.1000000015,0,1,100,4.161061822e-08,0,4.161061822e-08
ALL PASS,96000,100,0.1000000015,0,1,200,2.609044852e-08,-9.643274666e-16,2.609044949e-08
ALL PASS,96000,100,0.1000000015,0,1,45000,-6.707778372e-08,0,6.707778372e-08
ALL PASS,96000,100,0.6000000238,0,1,25,6.533852821e-09,0,6.533852821e-09
ALL PASS,96000,100,0.6000000238,0,1,100,3.40223177e-08,1.928654933e-15,3.402231578e-08
ALL PASS,96000,100,0.6000000238,0,1,200,9.116435565e-09,0,9.116435565e-09
ALL PASS,96000,100,0.6000000238,0,1,45000,2.401255428e-08,0,2.401255428e-08
ALL PASS,96000,100,1,0,1,25,8.44180557e-09,0,8.44180557e-09
ALL PASS,96000,100,1,0,1,100,2.242659243e-10,-9.643274666e-16,2.242668886e-10
ALL PASS,96000,100,1,0,1,200,-3.569950028e-08,-9.643274666e-16,3.569949932e-08
ALL PASS,96000,100,1,0,1,45000,-1.447877904e-08,0,1.447877904e-08
ALL PASS,96000,500,0,0,1,125,-7.389025174e-09,0,7.389025174e-09
ALL PASS,96000,500,0,0,1,500,-4.996004822e-08,0,4.996004822e-08
ALL PASS,96000,500,0,0,1,1000,-1.086669668e-08,-9.643274666e-16,1.086669571e-08
ALL PASS,96000,500,0,0,1,45000,1.100559254e-07,0,1.100559254e-07
ALL PASS,96000,500,0.1000000015,0,1,125,9.50751664e-09,-9.643274666e-16,9.507517604e-09
ALL PASS,96000,500,0.1000000015,0,1,500,-3.351780003e-08,0,3.351780003e-08
ALL PASS,96000,500,0.1000000015,0,1,1000,-6.883186165e-08,0,6.883186165e-08
ALL PASS,96000,500,0.1000000015,0,1,45000,-2.687134073e-08,0,2.687134073e-08
ALL PASS,96000,500,0.6000000238,0,1,125,1.59263194e-08,0,1.59263194e-08
ALL PASS,96000,500,0.6000000238,0,1,500,-4.972975717e-08,1.928654933e-15,4.97297591e-08
ALL PASS,96000,500,0.6000000238,0,1,1000,3.091532598e-08,0,3.091532598e-08
ALL PASS,96000,500,0.6000000238,0,1,45000,3.415380568e-08,-9.643274666e-16,3.415380665e-08
ALL PASS,96000,500,1,0,1,125,-4.889118077e-09,-9.643274666e-16,4.889117113e-09
ALL PASS,96000,500,1,0,1,500,-5.863150168e-08,-9.643274666e-16,5.863150072e-08
ALL PASS,96000,500,1,0,1,1000,-1.804369518e-08,0,1.804369518e-08
ALL PASS,96000,500,1,0,1,45000,4.776655108e-08,0,4.776655108e-08
ALL PASS,96000,1000,0,0,1,250,-4.611271226e-09,-9.643274666e-16,4.611270261e-09
ALL PASS,96000,1000,0,0,1,1000,-2.084189407e-07,0,2.084189407e-07
ALL PASS,96000,1000,0,0,1,2000,5.749534032e-08,0,5.749534032e-08
ALL PASS,96000,1000,0,0,1,45000,1.030954697e-07,0,1.030954697e-07
ALL PASS,96000,1000,0.1000000015,0,1,250,-7.284088988e-09,0,7.284088988e-09
ALL PASS,96000,1000,0.1000000015,0,1,1000,-2.084189407e-07,0,2.084189407e-07
ALL PASS,96000,1000,0.1000000015,0,1,2000,-6.055422409e-08,0,6.055422409e-08
ALL PASS,96000,1000,0.1000000015,0,1,45000,-1.267123978e-08,0,1.267123978e-08
ALL PASS,96000,1000,0.6000000238,0,1,250,-2.120474134e-08,0,2.120474134e-08
ALL PASS,96000,1000,0.6000000238,0,1,1000,-1.384628292e-07,-1.928654933e-15,1.384628273e-07
ALL PASS,96000,1000,0.6000000238,0,1,2000,-1.563644451e-09,0,1.563644451e-09
ALL PASS,96000,1000,0.6000000238,0,1,45000,-2.4467444e-08,0,2.4467444e-08
ALL PASS,96000,1000,1,0,1,250,3.677100777e-08,0,3.677100777e-08
ALL PASS,96000,1000,1,0,1,1000,-1.112466302e-07,-9.643274666e-16,1.112466292e-07
ALL PASS,96000,1000,1,0,1,2000,-3.665622403e-08,0,3.665622403e-08
ALL PASS,96000,1000,1,0,1,45000,3.883422688e-08,-9.643274666e-16,3.883422785e-08
ALL PASS,96000,5000,0,0,1,1246.753247,-9.692801565e-09,0,9.692801565e-09
ALL PASS,96000,5000,0,0,1,5100,-1.300357286e-07,0,1.300357286e-07
ALL PASS,96000,5000,0,0,1,10125,-2.340941573e-08,-9.643274666e-16,2.340941476e-08
ALL PASS,96000,5000,0,0,1,45000,5.156385854e-08,-9.643274666e-16,5.15638595e-08
ALL PASS,96000,5000,0.1000000015,0,1,1246.753247,-4.390940346e-08,0,4.390940346e-08
ALL PASS,96000,5000,0.1000000015,0,1,5100,-1.754293246e-08,-9.643274666e-16,1.75429315e-08
ALL PASS,96000,5000,0.1000000015,0,1,10125,-2.195644328e-08,0,2.195644328e-08
ALL PASS,96000,5000,0.1000000015,0,1,45000,-9.114519884e-08,0,9.114519884e-08
ALL PASS,96000,5000,0.6000000238,0,1,1246.753247,8.224181899e-08,0,8.224181899e-08
ALL PASS,96000,5000,0.6000000238,0,1,5100,4.150572254e-08,-1.928654933e-15,4.150572446e-08
ALL PASS,96000,5000,0.6000000238,0,1,10125,5.113481396e-09,0,5.113481396e-09
ALL PASS,96000,5000,0.6000000238,0,1,45000,4.92124386e-08,0,4.92124386e-08
ALL PASS,96000,5000,1,0,1,1246.753247,-2.448464664e-08,0,2.448464664e-08
ALL PASS,96000,5000,1,0,1,5100,2.790279977e-08,0,2.790279977e-08
ALL PASS,96000,5000,1,0,1,10125,1.864786173e-08,0,1.864786173e-08
ALL PASS,96000,5000,1,0,1,45000,-5.912186027e-08,-9.643274666e-16,5.912185931e-08
ALL PASS,96000,10000,0,0,1,2461.538462,1.968274325e-08,0,1.968274325e-08
ALL PASS,96000,10000,0,0,1,10125,1.20602438e-08,0,1.20602438e-08
ALL PASS,96000,10000,0,0,1,19875,-4.110197995e-09,0,4.110197995e-09
ALL PASS,96000,10000,0,0,1,45000,-3.966861325e-09,0,3.966861325e-09
ALL PASS,96000,10000,0.1000000015,0,1,2461.538462,-6.922174118e-08,0,6.922174118e-08
ALL PASS,96000,10000,0.1000000015,0,1,10125,3.764954288e-08,0,3.764954288e-08
ALL PASS,96000,10000,0.1000000015,0,1,19875,-6.196073022e-09,0,6.196073022e-09
ALL PASS,96000,10000,0.1000000015,0,1,45000,-7.739268748e-08,0,7.739268748e-08
ALL PASS,96000,10000,0.6000000238,0,1,2461.538462,-1.348719196e-08,0,1.348719196e-08
ALL PASS,96000,10000,0.6000000238,0,1,10125,-8.130782232e-08,-2.8929824e-15,8.130781943e-08
ALL PASS,96000,10000,0.6000000238,0,1,19875,2.43652204e-08,-9.643274666e-16,2.436522137e-08
ALL PASS,96000,10000,0.6000000238,0,1,45000,1.847508703e-08,-9.643274666e-16,1.8475088e-08
ALL PASS,96000,10000,1,0,1,2461.538462,-1.853447904e-08,0,1.853447904e-08
ALL PASS,96000,10000,1,0,1,10125,-4.079249649e-08,0,4.079249649e-08
ALL PASS,96000,10000,1,0,1,19875,-5.460439671e-09,-9.643274666e-16,5.460438707e-09
ALL PASS,96000,10000,1,0,1,45000,-5.424131778e-09,0,5.424131778e-09
ALL PASS,96000,20000,0,0,1,5100,4.594368095e-08,0,4.594368095e-08
ALL PASS,96000,20000,0,0,1,19875,-9.95696461e-09,-9.643274666e-16,9.956963646e-09
ALL PASS,96000,20000,0,0,1,40125,2.199531044e-08,0,2.199531044e-08
ALL PASS,96000,20000,0,0,1,45000,8.831851882e-08,0,8.831851882e-08
ALL PASS,96000,20000,0.1000000015,0,1,5100,1.610022236e-08,0,1.610022236e-08
ALL PASS,96000,20000,0.1000000015,0,1,19875,-2.480664908e-08,0,2.480664908e-08
ALL PASS,96000,20000,0.1000000015,0,1,40125,6.84104705e-09,0,6.84104705e-09
ALL PASS,96000,20000,0.1000000015,0,1,45000,-6.321173509e-08,0,6.321173509e-08
ALL PASS,96000,20000,0.6000000238,0,1,5100,-1.020157013e-08,0,1.020157013e-08
ALL PASS,96000,20000,0.6000000238,0,1,19875,1.191232728e-07,0,1.191232728e-07
ALL PASS,96000,20000,0.6000000238,0,1,40125,-1.321714652e-08,0,1.321714652e-08
ALL PASS,96000,20000,0.6000000238,0,1,45000,-7.282298741e-08,-9.643274666e-16,7.282298645e-08
ALL PASS,96000,20000,1,0,1,5100,-1.154457935e-08,0,1.154457935e-08
ALL PASS,96000,20000,1,0,1,19875,-6.687348709e-08,0,6.687348709e-08
ALL PASS,96000,20000,1,0,1,40125,4.262501935e-08,-9.643274666e-16,4.262502031e-08
ALL PASS,96000,20000,1,0,1,45000,7.060738204e-09,0,7.060738204e-09
ALL PASS,96000,1000,0.1000000015,0,0,250,0,0,0
ALL PASS,96000,1000,0.1000000015,0,0,1000,0,0,0
ALL PASS,96000,1000,0.1000000015,0,0,2000,0,0,0
ALL PASS,96000,1000,0.1000000015,0,0,45000,0,0,0
ALL PASS,96000,1000,0.1000000015,0,0.349999994,250,-0.3691316631,-0.3691316475,1.553407726e-08
ALL PASS,96000,1000,0.1000000015,0,0.349999994,1000,-10.45757429,-10.45757456,2.753247479e-07
ALL PASS,96000,1000,0.1000000015,0,0.349999994,2000,-1.8430137,-1.843013721,2.088817869e-08
ALL PASS,96000,1000,0.1000000015,0,0.349999994,45000,-5.688527564e-05,-5.686663636e-05,1.863928075e-08
ALL PASS,96000,1000,0.1000000015,0,1,250,-7.284088988e-09,0,7.284088988e-09
ALL PASS,96000,1000,0.1000000015,0,1,1000,-2.084189407e-07,0,2.084189407e-07
ALL PASS,96000,1000,0.1000000015,0,1,2000,-6.055422409e-08,0,6.055422409e-08
ALL PASS,96000,1000,0.1000000015,0,1,45000,-1.267123978e-08,0,1.267123978e-08
ALL PASS,192000,20,0,0,1,5,-1.840924278e-09,0,1.840924278e-09
ALL PASS,192000,20,0,0,1,20,3.734078458e-09,0,3.734078458e-09
ALL PASS,192000,20,0,0,1,40,1.328333697e-08,-1.928654933e-15,1.32833389e-08
ALL PASS,192000,20,0,0,1,90000,7.219410933e-08,0,7.219410933e-08
ALL PASS,192000,20,0.1000000015,0,1,5,-8.51501153e-11,0,8.51501153e-11
ALL PASS,192000,20,0.1000000015,0,1,20,4.26290214e-09,0,4.26290214e-09
ALL PASS,192000,20,0.1000000015,0,1,40,-4.14171511e-09,-9.643274666e-16,4.141714145e-09
ALL PASS,192000,20,0.1000000015,0,1,90000,2.497841116e-08,0,2.497841116e-08
ALL PASS,192000,20,0.6000000238,0,1,5,-9.686698332e-10,0,9.686698332e-10
ALL PASS,192000,20,0.6000000238,0,1,20,4.041994004e-09,0,4.041994004e-09
ALL PASS,192000,20,0.6000000238,0,1,40,-4.404191546e-09,-9.643274666e-16,4.404190581e-09
ALL PASS,192000,20,0.6000000238,0,1,90000,2.670755063e-09,0,2.670755063e-09
ALL PASS,192000,20,1,0,1,5,-7.921699413e-10,0,7.921699413e-10
ALL PASS,192000,20,1,0,1,20,4.926124141e-09,0,4.926124141e-09
ALL PASS,192000,20,1,0,1,40,2.070694583e-09,-9.643274666e-16,2.070695547e-09
ALL PASS,192000,20,1,0,1,90000,1.128253493e-09,0,1.128253493e-09
ALL PASS,192000,100,0,0,1,25,-1.291873924e-08,0,1.291873924e-08
ALL PASS,192000,100,0,0,1,100,2.543794213e-08,0,2.543794213e-08
ALL PASS,192000,100,0,0,1,200,1.433938934e-08,0,1.433938934e-08
ALL PASS,192000,100,0,0,1,90000,1.693746496e-08,0,1.693746496e-08
ALL PASS,192000,100,0.1000000015,0,1,25,-6.47151677e-09,0,6.47151677e-09
ALL PASS,192000,100,0.1000000015,0,1,100,2.138080048e-08,0,2.138080048e-08
ALL PASS,192000,100,0.1000000015,0,1,200,6.287220286e-09,0,6.287220286e-09
ALL PASS,192000,100,0.1000000015,0,1,90000,-9.490705287e-08,0,9.490705287e-08
ALL PASS,192000,100,0.6000000238,0,1,25,6.863753104e-09,0,6.863753104e-09
ALL PASS,192000,100,0.6000000238,0,1,100,3.158927516e-08,0,3.158927516e-08
ALL PASS,192000,100,0.6000000238,0,1,200,-1.526055931e-09,0,1.526055931e-09
ALL PASS,192000,100,0.6000000238,0,1,90000,-8.117271425e-08,0,8.117271425e-08
ALL PASS,192000,100,1,0,1,25,-2.900827204e-09,-9.643274666e-16,2.90082624e-09
ALL PASS,192000,100,1,0,1,100,2.50509633e-08,0,2.50509633e-08
ALL PASS,192000,100,1,0,1,200,5.964988334e-09,0,5.964988334e-09
ALL PASS,192000,100,1,0,1,90000,2.820630062e-08,0,2.820630062e-08
ALL PASS,192000,500,0,0,1,125,-2.414204809e-08,0,2.414204809e-08
ALL PASS,192000,500,0,0,1,500,-8.181807461e-10,0,8.181807461e-10
ALL PASS,192000,500,0,0,1,1000,7.247980484e-08,-9.643274666e-16,7.24798058e-08
ALL PASS,192000,500,0,0,1,90000,-1.084387458e-07,0,1.084387458e-07
ALL PASS,192000,500,0.1000000015,0,1,125,-5.084838944e-09,0,5.084838944e-09
ALL PASS,192000,500,0.1000000015,0,1,500,1.520117602e-09,0,1.520117602e-09
ALL PASS,192000,500,0.1000000015,0,1,1000,2.688803605e-08,0,2.688803605e-08
ALL PASS,192000,500,0.1000000015,0,1,90000,-2.477488221e-08,-9.643274666e-16,2.477488124e-08
ALL PASS,192000,500,0.6000000238,0,1,125,-2.942400326e-09,-9.643274666e-16,2.942399361e-09
ALL PASS,192000,500,0.6000000238,0,1,500,-1.61263142e-08,0,1.61263142e-08
ALL PASS,192000,500,0.6000000238,0,1,1000,2.880683941e-08,0,2.880683941e-08
ALL PASS,192000,500,0.6000000238,0,1,90000,1.470354639e-08,-9.643274666e-16,1.470354735e-08
ALL PASS,192000,500,1,0,1,125,3.50715099e-09,0,3.50715099e-09
ALL PASS,192000,500,1,0,1,500,-1.892605192e-08,0,1.892605192e-08
ALL PASS,192000,500,1,0,1,1000,6.45038775e-08,-9.643274666e-16,6.450387846e-08
ALL PASS,192000,500,1,0,1,90000,6.640075204e-08,0,6.640075204e-08
ALL PASS,192000,1000,0,0,1,250,-1.907283508e-09,0,1.907283508e-09
ALL PASS,192000,1000,0,0,1,1000,-2.25745309e-08,0,2.25745309e-08
ALL PASS,192000,1000,0,0,1,2000,1.331223209e-09,-9.643274666e-16,1.331224173e-09
ALL PASS,192000,1000,0,0,1,90000,1.100559177e-07,0,1.100559177e-07
ALL PASS,192000,1000,0.1000000015,0,1,250,8.058886563e-09,0,8.058886563e-09
ALL PASS,192000,1000,0.1000000015,0,1,1000,-2.25745309e-08,0,2.25745309e-08
ALL PASS,192000,1000,0.1000000015,0,1,2000,-3.253029977e-08,-9.643274666e-16,3.25302988e-08
ALL PASS,192000,1000,0.1000000015,0,1,90000,-2.687135134e-08,-9.643274666e-16,2.687135038e-08
ALL PASS,192000,1000,0.6000000238,0,1,250,1.226984616e-08,0,1.226984616e-08
ALL PASS,192000,1000,0.6000000238,0,1,1000,-3.092404168e-08,0,3.092404168e-08
ALL PASS,192000,1000,0.6000000238,0,1,2000,-1.322702027e-08,-9.643274666e-16,1.32270193e-08
ALL PASS,192000,1000,0.6000000238,0,1,90000,3.41537864e-08,0,3.41537864e-08
ALL PASS,192000,1000,1,0,1,250,-1.196868575e-08,0,1.196868575e-08
ALL PASS,192000,1000,1,0,1,1000,-4.120846879e-08,0,4.120846879e-08
ALL PASS,192000,1000,1,0,1,2000,-1.916783486e-08,0,1.916783486e-08
ALL PASS,192000,1000,1,0,1,90000,4.776654143e-08,0,4.776654143e-08
ALL PASS,192000,5000,0,0,1,1246.753247,-3.442523694e-09,-9.643274666e-16,3.442522729e-09
ALL PASS,192000,5000,0,0,1,4923.076923,-6.014387478e-08,-9.643274666e-16,6.014387382e-08
ALL PASS,192000,5000,0,0,1,10200,7.133230531e-08,-9.643274666e-16,7.133230627e-08
ALL PASS,192000,5000,0,0,1,90000,9.187587651e-08,0,9.187587651e-08
ALL PASS,192000,5000,0.1000000015,0,1,1246.753247,-2.40991982e-08,-9.643274666e-16,2.409919724e-08
ALL PASS,192000,5000,0.1000000015,0,1,4923.076923,-9.445414875e-08,0,9.445414875e-08
ALL PASS,192000,5000,0.1000000015,0,1,10200,1.948540328e-08,-9.643274666e-16,1.948540424e-08
ALL PASS,192000,5000,0.1000000015,0,1,90000,2.243736779e-08,-9.643274666e-16,2.243736876e-08
ALL PASS,192000,5000,0.6000000238,0,1,1246.753247,1.832342533e-08,0,1.832342533e-08
ALL PASS,192000,5000,0.6000000238,0,1,4923.076923,2.235774842e-07,0,2.235774842e-07
ALL PASS,192000,5000,0.6000000238,0,1,10200,6.051662087e-09,0,6.051662087e-09
ALL PASS,192000,5000,0.6000000238,0,1,90000,3.100086761e-08,-9.643274666e-16,3.100086858e-08
ALL PASS,192000,5000,1,0,1,1246.753247,-3.011101907e-09,0,3.011101907e-09
ALL PASS,192000,5000,1,0,1,4923.076923,3.067849685e-09,0,3.067849685e-09
ALL PASS,192000,5000,1,0,1,10200,3.582851461e-08,-9.643274666e-16,3.582851558e-08
ALL PASS,192000,5000,1,0,1,90000,9.971377437e-09,0,9.971377437e-09
ALL PASS,192000,10000,0,0,1,2493.506494,-9.692779386e-09,0,9.692779386e-09
ALL PASS,192000,10000,0,0,1,10200,-1.333544741e-07,-2.8929824e-15,1.333544712e-07
ALL PASS,192000,10000,0,0,1,20250,-2.340934533e-08,0,2.340934533e-08
ALL PASS,192000,10000,0,0,1,90000,5.156383732e-08,-9.643274666e-16,5.156383829e-08
ALL PASS,192000,10000,0.1000000015,0,1,2493.506494,-4.85723077e-08,0,4.85723077e-08
ALL PASS,192000,10000,0.1000000015,0,1,10200,-6.18953442e-08,0,6.18953442e-08
ALL PASS,192000,10000,0.1000000015,0,1,20250,-1.961484692e-08,0,1.961484692e-08
ALL PASS,192000,10000,0.1000000015,0,1,90000,-9.114521138e-08,0,9.114521138e-08
ALL PASS,192000,10000,0.6000000238,0,1,2493.506494,8.224181899e-08,0,8.224181899e-08
ALL PASS,192000,10000,0.6000000238,0,1,10200,4.243070929e-08,0,4.243070929e-08
ALL PASS,192000,10000,0.6000000238,0,1,20250,5.70521973e-09,0,5.70521973e-09
ALL PASS,192000,10000,0.6000000238,0,1,90000,4.921242317e-08,0,4.921242317e-08
ALL PASS,192000,10000,1,0,1,2493.506494,-2.435368711e-08,0,2.435368711e-08
ALL PASS,192000,10000,1,0,1,10200,2.617809432e-08,-9.643274666e-16,2.617809528e-08
ALL PASS,192000,10000,1,0,1,20250,1.840031115e-08,0,1.840031115e-08
ALL PASS,192000,10000,1,0,1,90000,-5.912187088e-08,0,5.912187088e-08
ALL PASS,192000,20000,0,0,1,4923.076923,1.968275096e-08,-9.643274666e-16,1.968275193e-08
ALL PASS,192000,20000,0,0,1,20250,8.942422673e-09,-1.928654933e-15,8.942424602e-09
ALL PASS,192000,20000,0,0,1,39750,1.202179221e-08,-9.643274666e-16,1.202179318e-08
ALL PASS,192000,20000,0,0,1,90000,-1.215922625e-08,0,1.215922625e-08
ALL PASS,192000,20000,0.1000000015,0,1,4923.076923,-6.92217325e-08,0,6.92217325e-08
ALL PASS,192000,20000,0.1000000015,0,1,20250,4.749485374e-08,0,4.749485374e-08
ALL PASS,192000,20000,0.1000000015,0,1,39750,-2.976494123e-09,0,2.976494123e-09
ALL PASS,192000,20000,0.1000000015,0,1,90000,-7.739269809e-08,0,7.739269809e-08
ALL PASS,192000,20000,0.6000000238,0,1,4923.076923,-1.348717075e-08,0,1.348717075e-08
ALL PASS,192000,20000,0.6000000238,0,1,20250,-1.178322222e-07,1.928654933e-15,1.178322241e-07
ALL PASS,192000,20000,0.6000000238,0,1,39750,1.359035955e-08,0,1.359035955e-08
ALL PASS,192000,20000,0.6000000238,0,1,90000,1.847507353e-08,-9.643274666e-16,1.84750745e-08
ALL PASS,192000,20000,1,0,1,4923.076923,-1.853445879e-08,0,1.853445879e-08
ALL PASS,192000,20000,1,0,1,20250,-6.975285417e-08,-9.643274666e-16,6.975285321e-08
ALL PASS,192000,20000,1,0,1,39750,-7.029899015e-10,0,7.029899015e-10
ALL PASS,192000,20000,1,0,1,90000,-5.424140457e-09,0,5.424140457e-09
ALL PASS,192000,1000,0.1000000015,0,0,250,0,0,0
ALL PASS,192000,1000,0.1000000015,0,0,1000,0,0,0
ALL PASS,192000,1000,0.1000000015,0,0,2000,0,0,0
ALL PASS,192000,1000,0.1000000015,0,0,90000,0,0,0
ALL PASS,192000,1000,0.1000000015,0,0.349999994,250,-0.3693313265,-0.3693313209,5.616749468e-09
ALL PASS,192000,1000,0.1000000015,0,0.349999994,1000,-10.45757453,-10.45757456,2.726914961e-08
ALL PASS,192000,1000,0.1000000015,0,0.349999994,2000,-1.846830627,-1.84683058,4.626596783e-08
ALL PASS,192000,1000,0.1000000015,0,0.349999994,90000,-1.423287132e-05,-1.420890822e-05,2.396310136e-08
ALL PASS,192000,1000,0.1000000015,0,1,250,8.058886563e-09,0,8.058886563e-09
ALL PASS,192000,1000,0.1000000015,0,1,1000,-2.25745309e-08,0,2.25745309e-08
ALL PASS,192000,1000,0.1000000015,0,1,2000,-3.253029977e-08,-9.643274666e-16,3.25302988e-08
ALL PASS,192000,1000,0.1000000015,0,1,90000,-2.687135134e-08,-9.643274666e-16,2.687135038e-08
LOW SHELF,44100,20,0,-24,1,5,-22.20532912,-22.20532909,2.890310125e-08
LOW SHELF,44100,20,0,-24,1,20,-11.99999997,-12,2.862826198e-08
LOW SHELF,44100,20,0,-24,1,39.98186763,-5.474465459,-5.474465463,3.754689004e-09
LOW SHELF,44100,20,0,-24,1,20671.875,-7.138693383e-07,-6.379539072e-07,7.591543112e-08
LOW SHELF,44100,20,0,0,1,5,0,0,0
LOW SHELF,44100,20,0,0,1,20,0,0,0
LOW SHELF,44100,20,0,0,1,39.98186763,0,0,0
LOW SHELF,44100,20,0,0,1,20671.875,0,0,0
LOW SHELF,44100,20,0,24,1,5,22.20532829,22.20532829,9.012381952e-10
LOW SHELF,44100,20,0,24,1,20,11.99999955,11.99999955,3.462039544e-09
LOW SHELF,44100,20,0,24,1,39.98186763,5.4744652,5.474465213,1.278591144e-08
LOW SHELF,44100,20,0,24,1,20671.875,5.349508326e-07,6.379538709e-07,1.030030383e-07
LOW SHELF,44100,20,0.1000000015,-24,1,5,-24.37487158,-24.37487161,3.050168651e-08
LOW SHELF,44100,20,0.1000000015,-24,1,20,-12.00000001,-12,7.632210863e-09
LOW SHELF,44100,20,0.1000000015,-24,1,39.98186763,-1.548645087,-1.548645085,1.762868518e-09
LOW SHELF,44100,20,0.1000000015,-24,1,20671.875,1.253607607e-07,1.964633062e-07,7.110254555e-08
LOW SHELF,44100,20,0.1000000015,0,1,5,0,0,0
LOW SHELF,44100,20,0.1000000015,0,1,20,0,0,0
LOW SHELF,44100,20,0.1000000015,0,1,39.98186763,0,0,0
LOW SHELF,44100,20,0.1000000015,0,1,20671.875,0,0,0
LOW SHELF,44100,20,0.1000000015,24,1,5,24.3748707,24.3748707,1.90957028e-09
LOW SHELF,44100,20,0.1000000015,24,1,20,11.99999955,11.99999955,6.494826899e-10
LOW SHELF,44100,20,0.1000000015,24,1,39.98186763,1.548644872,1.54864487,2.789064035e-09
LOW SHELF,44100,20,0.1000000015,24,1,20671.875,-1.919958283e-07,-1.964632952e-07,4.467466955e-09
LOW SHELF,44100,20,0.6000000238,-24,1,5,-26.08360532,-26.08360517,1.485327603e-07
LOW SHELF,44100,20,0.6000000238,-24,1,20,-12.00000001,-12,7.356719234e-09
LOW SHELF,44100,20,0.6000000238,-24,1,39.98186763,7.797596553,7.797596564,1.087994894e-08
LOW SHELF,44100,20,0.6000000238,-24,1,20671.875,7.054850817e-07,5.90768014e-07,1.147170677e-07
LOW SHELF,44100,20,0.6000000238,0,1,5,0,0,0
LOW SHELF,44100,20,0.6000000238,0,1,20,0,0,0
LOW SHELF,44100,20,0.6000000238,0,1,39.98186763,0,0,0
LOW SHELF,44100,20,0.6000000238,0,1,20671.875,0,0,0
LOW SHELF,44100,20,0.6000000238,24,1,5,26.08360414,26.08360414,1.073489742e-09
LOW SHELF,44100,20,0.6000000238,24,1,20,11.99999955,11.99999955,5.758685973e-09
LOW SHELF,44100,20,0.6000000238,24,1,39.98186763,-7.797596731,-7.797596749,1.823936335e-08
LOW SHELF,44100,20,0.6000000238,24,1,20671.875,-7.229653627e-07,-5.9076798e-07,1.321973827e-07
LOW SHELF,44100,20,1,-24,1,5,-26.23396453,-26.23396459,5.768609057e-08
LOW SHELF,44100,20,1,-24,1,20,-12.00000002,-12,1.628841462e-08
LOW SHELF,44100,20,1,-24,1,39.98186763,11.51238313,11.51238313,1.91835392e-09
LOW SHELF,44100,20,1,-24,1,20671.875,6.408496169e-07,6.180178967e-07,2.283172017e-08
LOW SHELF,44100,20,1,0,1,5,0,0,0
LOW SHELF,44100,20,1,0,1,20,0,0,0
LOW SHELF,44100,20,1,0,1,39.98186763,0,0,0
LOW SHELF,44100,20,1,0,1,20671.875,0,0,0
LOW SHELF,44100,20,1,24,1,5,26.23396354,26.23396354,6.608620318e-09
LOW SHELF,44100,20,1,24,1,20,11.99999954,11.99999955,8.884486924e-09
LOW SHELF,44100,20,1,24,1,39.98186763,-11.51238326,-11.5123833,3.61019783e-08
LOW SHELF,44100,20,1,24,1,20671.875,-6.169844564e-07,-6.180178606e-07,1.033404245e-09
LOW SHELF,44100,100,0,-24,1,25,-22.20537763,-22.20537779,1.659797482e-07
LOW SHELF,44100,100,0,-24,1,100,-12.00000028,-12.00000031,2.658456522e-08
LOW SHELF,44100,100,0,-24,1,199.5475113,-5.487950157,-5.487950198,4.067900194e-08
LOW SHELF,44100,100,0,-24,1,20671.875,-1.591362155e-05,-1.594935069e-05,3.572913877e-08
LOW SHELF,44100,100,0,0,1,25,0,0,0
LOW SHELF,44100,100,0,0,1,100,0,0,0
LOW SHELF,44100,100,0,0,1,199.5475113,0,0,0
LOW SHELF,44100,100,0,0,1,20671.875,0,0,0
LOW SHELF,44100,100,0,24,1,25,22.20537701,22.20537699,1.505897895e-08
LOW SHELF,44100,100,0,24,1,100,11.99999985,11.99999986,1.367773672e-08
LOW SHELF,44100,100,0,24,1,199.5475113,5.487949942,5.487949947,5.103091061e-09
LOW SHELF,44100,100,0,24,1,20671.875,1.591441981e-05,1.594934976e-05,3.492995007e-08
LOW SHELF,44100,100,0.1000000015,-24,1,25,-24.37486844,-24.37486854,1.069740616e-07
LOW SHELF,44100,100,0.1000000015,-24,1,100,-12.00000052,-12.00000053,9.005320045e-09
LOW SHELF,44100,100,0.1000000015,-24,1,199.5475113,-1.564403676,-1.564403671,5.784516921e-09
LOW SHELF,44100,100,0.1000000015,-24,1,20671.875,4.767463517e-06,4.911729545e-06,1.44266028e-07
LOW SHELF,44100,100,0.1000000015,0,1,25,0,0,0
LOW SHELF,44100,100,0.1000000015,0,1,100,0,0,0
LOW SHELF,44100,100,0.1000000015,0,1,199.5475113,0,0,0
LOW SHELF,44100,100,0.1000000015,0,1,20671.875,0,0,0
LOW SHELF,44100,100,0.1000000015,24,1,25,24.37486766,24.37486764,2.253721298e-08
LOW SHELF,44100,100,0.1000000015,24,1,100,12.00000009,12.00000008,1.160792396e-08
LOW SHELF,44100,100,0.1000000015,24,1,199.5475113,1.564403435,1.564403454,1.908308794e-08
LOW SHELF,44100,100,0.1000000015,24,1,20671.875,-4.800104389e-06,-4.911729257e-06,1.116248683e-07
LOW SHELF,44100,100,0.6000000238,-24,1,25,-26.08353478,-26.08353478,2.516098441e-09
LOW SHELF,44100,100,0.6000000238,-24,1,100,-12.00000078,-12.00000081,2.522116382e-08
LOW SHELF,44100,100,0.6000000238,-24,1,199.5475113,7.780835822,7.780835812,1.019690576e-08
LOW SHELF,44100,100,0.6000000238,-24,1,20671.875,1.472585173e-05,1.476969234e-05,4.384060515e-08
LOW SHELF,44100,100,0.6000000238,0,1,25,0,0,0
LOW SHELF,44100,100,0.6000000238,0,1,100,0,0,0
LOW SHELF,44100,100,0.6000000238,0,1,199.5475113,0,0,0
LOW SHELF,44100,100,0.6000000238,0,1,20671.875,0,0,0
LOW SHELF,44100,100,0.6000000238,24,1,25,26.08353375,26.08353375,2.935438559e-10
LOW SHELF,44100,100,0.6000000238,24,1,100,12.00000039,12.00000036,3.380724811e-08
LOW SHELF,44100,100,0.6000000238,24,1,199.5475113,-7.780836044,-7.780836007,3.722520514e-08
LOW SHELF,44100,100,0.6000000238,24,1,20671.875,-1.471179987e-05,-1.476969147e-05,5.789159894e-08
LOW SHELF,44100,100,1,-24,1,25,-26.23388676,-26.23388681,4.969303014e-08
LOW SHELF,44100,100,1,-24,1,100,-12.00000077,-12.00000084,6.810600395e-08
LOW SHELF,44100,100,1,-24,1,199.5475113,11.49610536,11.49610536,7.817359648e-09
LOW SHELF,44100,100,1,-24,1,20671.875,1.531431812e-05,1.545096415e-05,1.366460343e-07
LOW SHELF,44100,100,1,0,1,25,0,0,0
LOW SHELF,44100,100,1,0,1,100,0,0,0
LOW SHELF,44100,100,1,0,1,199.5475113,0,0,0
LOW SHELF,44100,100,1,0,1,20671.875,0,0,0
LOW SHELF,44100,100,1,24,1,25,26.23388577,26.23388577,5.933666003e-09
LOW SHELF,44100,100,1,24,1,100,12.00000043,12.00000039,3.772462875e-08
LOW SHELF,44100,100,1,24,1,199.5475113,-11.49610567,-11.49610556,1.13133408e-07
LOW SHELF,44100,100,1,24,1,20671.875,-1.542806677e-05,-1.545096325e-05,2.289647372e-08
LOW SHELF,44100,500,0,-24,1,124.9291785,-22.20840039,-22.20840049,1.078372316e-07
LOW SHELF,44100,500,0,-24,1,495.505618,-12.09395292,-12.09395296,4.567090928e-08
LOW SHELF,44100,500,0,-24,1,980,-5.617364483,-5.617364403,8.033276044e-08
LOW SHELF,44100,500,0,-24,1,20671.875,-0.0003990566617,-0.0003990477646,8.897051904e-09
LOW SHELF,44100,500,0,0,1,124.9291785,0,0,0
LOW SHELF,44100,500,0,0,1,495.505618,0,0,0
LOW SHELF,44100,500,0,0,1,980,0,0,0
LOW SHELF,44100,500,0,0,1,20671.875,0,0,0
LOW SHELF,44100,500,0,24,1,124.9291785,22.20839968,22.20839969,1.225729207e-08
LOW SHELF,44100,500,0,24,1,495.505618,12.09395248,12.09395251,2.643926678e-08
LOW SHELF,44100,500,0,24,1,980,5.617364221,5.617364148,7.353900799e-08
LOW SHELF,44100,500,0,24,1,20671.875,0.0003990209185,0.0003990477413,2.682279368e-08
LOW SHELF,44100,500,0.1000000015,-24,1,124.9291785,-24.37467738,-24.37467733,5.159407479e-08
LOW SHELF,44100,500,0.1000000015,-24,1,495.505618,-12.16191431,-12.16191419,1.174845474e-07
LOW SHELF,44100,500,0.1000000015,-24,1,980,-1.718389658,-1.718389771,1.134419215e-07
LOW SHELF,44100,500,0.1000000015,-24,1,20671.875,0.0001229126924,0.0001228849196,2.777283981e-08
LOW SHELF,44100,500,0.1000000015,0,1,124.9291785,0,0,0
LOW SHELF,44100,500,0.1000000015,0,1,495.505618,0,0,0
LOW SHELF,44100,500,0.1000000015,0,1,980,0,0,0
LOW SHELF,44100,500,0.1000000015,0,1,20671.875,0,0,0
LOW SHELF,44100,500,0.1000000015,24,1,124.9291785,24.37467644,24.37467642,1.472881817e-08
LOW SHELF,44100,500,0.1000000015,24,1,495.505618,12.16191373,12.16191374,1.28619746e-08
LOW SHELF,44100,500,0.1000000015,24,1,980,1.718389606,1.718389544,6.223899285e-08
LOW SHELF,44100,500,0.1000000015,24,1,20671.875,-0.0001228208279,-0.0001228849124,6.408452252e-08
LOW SHELF,44100,500,0.6000000238,-24,1,124.9291785,-26.07916785,-26.07916799,1.362280013e-07
LOW SHELF,44100,500,0.6000000238,-24,1,495.505618,-12.2460175,-12.24601738,1.280134385e-07
LOW SHELF,44100,500,0.6000000238,-24,1,980,7.584489723,7.58448977,4.626343908e-08
LOW SHELF,44100,500,0.6000000238,-24,1,20671.875,0.0003696899798,0.0003695494696,1.405102143e-07
LOW SHELF,44100,500,0.6000000238,0,1,124.9291785,0,0,0
LOW SHELF,44100,500,0.6000000238,0,1,495.505618,0,0,0
LOW SHELF,44100,500,0.6000000238,0,1,980,0,0,0
LOW SHELF,44100,500,0.6000000238,0,1,20671.875,0,0,0
LOW SHELF,44100,500,0.6000000238,24,1,124.9291785,26.07916697,26.07916696,9.559157021e-09
LOW SHELF,44100,500,0.6000000238,24,1,495.505618,12.24601703,12.24601693,9.163505021e-08
LOW SHELF,44100,500,0.6000000238,24,1,980,-7.584489956,-7.584490065,1.093771316e-07
LOW SHELF,44100,500,0.6000000238,24,1,20671.875,-0.0003695575759,-0.000369549448,8.127954207e-09
LOW SHELF,44100,500,1,-24,1,124.9291785,-26.22906203,-26.22906181,2.169324036e-07
LOW SHELF,44100,500,1,-24,1,495.505618,-12.25517851,-12.25517849,2.369087726e-08
LOW SHELF,44100,500,1,-24,1,980,11.25491017,11.2549101,6.597592517e-08
LOW SHELF,44100,500,1,-24,1,20671.875,0.0003866316444,0.0003865967204,3.4923962e-08
LOW SHELF,44100,500,1,0,1,124.9291785,0,0,0
LOW SHELF,44100,500,1,0,1,495.505618,0,0,0
LOW SHELF,44100,500,1,0,1,980,0,0,0
LOW SHELF,44100,500,1,0,1,20671.875,0,0,0
LOW SHELF,44100,500,1,24,1,124.9291785,26.22906077,26.22906077,5.315598628e-09
LOW SHELF,44100,500,1,24,1,495.505618,12.2551781,12.25517805,5.442047701e-08
LOW SHELF,44100,500,1,24,1,980,-11.2549105,-11.25491053,3.111868141e-08
LOW SHELF,44100,500,1,24,1,20671.875,-0.0003866012883,-0.0003865966978,4.590498522e-09
LOW SHELF,44100,1000,0,-24,1,249.1525424,-22.2211781,-22.22117793,1.730694725e-07
LOW SHELF,44100,1000,0,-24,1,980,-12.21072065,-12.21072058,6.814002917e-08
LOW SHELF,44100,1000,0,-24,1,2037.228261,-5.291096569,-5.291096639,7.056214035e-08
LOW SHELF,44100,1000,0,-24,1,20671.875,-0.001600097185,-0.001600126929,2.974347385e-08
LOW SHELF,44100,1000,0,0,1,249.1525424,0,0,0
LOW SHELF,44100,1000,0,0,1,980,0,0,0
LOW SHELF,44100,1000,0,0,1,2037.228261,0,0,0
LOW SHELF,44100,1000,0,0,1,20671.875,0,0,0
LOW SHELF,44100,1000,0,24,1,249.1525424,22.22117714,22.22117713,1.730284449e-08
LOW SHELF,44100,1000,0,24,1,980,12.21072011,12.21072013,1.594065502e-08
LOW SHELF,44100,1000,0,24,1,2037.228261,5.291096396,5.291096396,7.063603036e-10
LOW SHELF,44100,1000,0,24,1,20671.875,0.001600083001,0.001600126835,4.38335817e-08
LOW SHELF,44100,1000,0.1000000015,-24,1,249.1525424,-24.37384725,-24.37384676,4.912615319e-07
LOW SHELF,44100,1000,0.1000000015,-24,1,980,-12.36314094,-12.36314112,1.833026992e-07
LOW SHELF,44100,1000,0.1000000015,-24,1,2037.228261,-1.339906344,-1.339906378,3.389950509e-08
LOW SHELF,44100,1000,0.1000000015,-24,1,20671.875,0.00049267702,0.0004926886085,1.158846043e-08
LOW SHELF,44100,1000,0.1000000015,0,1,249.1525424,0,0,0
LOW SHELF,44100,1000,0.1000000015,0,1,980,0,0,0
LOW SHELF,44100,1000,0.1000000015,0,1,2037.228261,0,0,0
LOW SHELF,44100,1000,0.1000000015,0,1,20671.875,0,0,0
LOW SHELF,44100,1000,0.1000000015,24,1,249.1525424,24.37384584,24.37384585,1.950653505e-08
LOW SHELF,44100,1000,0.1000000015,24,1,980,12.36314066,12.36314067,5.318403051e-09
LOW SHELF,44100,1000,0.1000000015,24,1,2037.228261,1.339906208,1.339906178,3.010194899e-08
LOW SHELF,44100,1000,0.1000000015,24,1,20671.875,-0.0004927550435,-0.0004926885797,6.646388646e-08
LOW SHELF,44100,1000,0.6000000238,-24,1,249.1525424,-26.06074684,-26.06074701,1.702826991e-07
LOW SHELF,44100,1000,0.6000000238,-24,1,980,-12.55188381,-12.55188406,2.443590579e-07
LOW SHELF,44100,1000,0.6000000238,-24,1,2037.228261,7.954082122,7.954082101,2.055677251e-08
LOW SHELF,44100,1000,0.6000000238,-24,1,20671.875,0.001482067652,0.00148204886,1.87915299e-08
LOW SHELF,44100,1000,0.6000000238,0,1,249.1525424,0,0,0
LOW SHELF,44100,1000,0.6000000238,0,1,980,0,0,0
LOW SHELF,44100,1000,0.6000000238,0,1,2037.228261,0,0,0
LOW SHELF,44100,1000,0.6000000238,0,1,20671.875,0,0,0
LOW SHELF,44100,1000,0.6000000238,24,1,249.1525424,26.06074598,26.06074598,1.485425116e-09
LOW SHELF,44100,1000,0.6000000238,24,1,980,12.55188366,12.55188362,3.595766618e-08
LOW SHELF,44100,1000,0.6000000238,24,1,2037.228261,-7.954082145,-7.954082144,1.437813202e-09
LOW SHELF,44100,1000,0.6000000238,24,1,20671.875,-0.001482149998,-0.001482048774,1.012242918e-07
LOW SHELF,44100,1000,1,-24,1,249.1525424,-26.20871708,-26.20871619,8.888478558e-07
LOW SHELF,44100,1000,1,-24,1,980,-12.5724569,-12.5724568,9.649133714e-08
LOW SHELF,44100,1000,1,-24,1,2037.228261,11.56416908,11.56416911,3.742723687e-08
LOW SHELF,44100,1000,1,-24,1,20671.875,0.001550384815,0.001550431698,4.688271347e-08
LOW SHELF,44100,1000,1,0,1,249.1525424,0,0,0
LOW SHELF,44100,1000,1,0,1,980,0,0,0
LOW SHELF,44100,1000,1,0,1,2037.228261,0,0,0
LOW SHELF,44100,1000,1,0,1,20671.875,0,0,0
LOW SHELF,44100,1000,1,24,1,249.1525424,26.20871514,26.20871515,8.284754216e-09
LOW SHELF,44100,1000,1,24,1,980,12.57245636,12.57245637,1.518162662e-08
LOW SHELF,44100,1000,1,24,1,2037.228261,-11.56416898,-11.56416895,3.108051594e-08
LOW SHELF,44100,1000,1,24,1,20671.875,-0.001550428134,-0.001550431607,3.473064732e-09
LOW SHELF,44100,5000,0,-24,1,1225,-22.39168436,-22.39168495,5.941544492e-07
LOW SHELF,44100,5000,0,-24,1,4995.703125,-12.00974106,-12.00974117,1.060438835e-07
LOW SHELF,44100,5000,0,-24,1,9991.40625,-4.417409047,-4.417409012,3.520782244e-08
LOW SHELF,44100,5000,0,-24,1,20671.875,-0.04338079863,-0.04338084836,4.972810853e-08
LOW SHELF,44100,5000,0,0,1,1225,0,0,0
LOW SHELF,44100,5000,0,0,1,4995.703125,0,0,0
LOW SHELF,44100,5000,0,0,1,9991.40625,0,0,0
LOW SHELF,44100,5000,0,0,1,20671.875,0,0,0
LOW SHELF,44100,5000,0,24,1,1225,22.39168408,22.39168414,5.802316849e-08
LOW SHELF,44100,5000,0,24,1,4995.703125,12.00974074,12.00974072,2.477276073e-08
LOW SHELF,44100,5000,0,24,1,9991.40625,4.417408794,4.417408801,7.143930114e-09
LOW SHELF,44100,5000,0,24,1,20671.875,0.04338081488,0.04338084583,3.094780415e-08
LOW SHELF,44100,5000,0.1000000015,-24,1,1225,-24.35941765,-24.35941807,4.263747693e-07
LOW SHELF,44100,5000,0.1000000015,-24,1,4995.703125,-12.01678761,-12.01678753,7.504846655e-08
LOW SHELF,44100,5000,0.1000000015,-24,1,9991.40625,-0.5007445253,-0.5007444932,3.215108135e-08
LOW SHELF,44100,5000,0.1000000015,-24,1,20671.875,0.0132969641,0.01329690565,5.845107011e-08
LOW SHELF,44100,5000,0.1000000015,0,1,1225,0,0,0
LOW SHELF,44100,5000,0.1000000015,0,1,4995.703125,0,0,0
LOW SHELF,44100,5000,0.1000000015,0,1,9991.40625,0,0,0
LOW SHELF,44100,5000,0.1000000015,0,1,20671.875,0,0,0
LOW SHELF,44100,5000,0.1000000015,24,1,1225,24.35941711,24.35941716,5.467745012e-08
LOW SHELF,44100,5000,0.1000000015,24,1,4995.703125,12.01678705,12.01678709,3.470614418e-08
LOW SHELF,44100,5000,0.1000000015,24,1,9991.40625,0.5007443277,0.5007443673,3.964113854e-08
LOW SHELF,44100,5000,0.1000000015,24,1,20671.875,-0.01329690099,-0.01329690487,3.886371673e-09
LOW SHELF,44100,5000,0.6000000238,-24,1,1225,-25.82072482,-25.82072552,7.026623168e-07
LOW SHELF,44100,5000,0.6000000238,-24,1,4995.703125,-12.02550628,-12.02550617,1.027582672e-07
LOW SHELF,44100,5000,0.6000000238,-24,1,9991.40625,7.141539499,7.141539527,2.813013e-08
LOW SHELF,44100,5000,0.6000000238,-24,1,20671.875,0.04037493813,0.04037485082,8.730500487e-08
LOW SHELF,44100,5000,0.6000000238,0,1,1225,0,0,0
LOW SHELF,44100,5000,0.6000000238,0,1,4995.703125,0,0,0
LOW SHELF,44100,5000,0.6000000238,0,1,9991.40625,0,0,0
LOW SHELF,44100,5000,0.6000000238,0,1,20671.875,0,0,0
LOW SHELF,44100,5000,0.6000000238,24,1,1225,25.82072462,25.82072451,1.14064056e-07
LOW SHELF,44100,5000,0.6000000238,24,1,4995.703125,12.02550573,12.02550573,7.386757872e-09
LOW SHELF,44100,5000,0.6000000238,24,1,9991.40625,-7.141539272,-7.141539159,1.124669589e-07
LOW SHELF,44100,5000,0.6000000238,24,1,20671.875,-0.04037494531,-0.04037484846,9.685250409e-08
LOW SHELF,44100,5000,1,-24,1,1225,-25.94480212,-25.94480212,9.326079464e-09
LOW SHELF,44100,5000,1,-24,1,4995.703125,-12.02645593,-12.02645572,2.106300174e-07
LOW SHELF,44100,5000,1,-24,1,9991.40625,9.045829307,9.045829281,2.648241071e-08
LOW SHELF,44100,5000,1,-24,1,20671.875,0.04225334761,0.04225326152,8.60845494e-08
LOW SHELF,44100,5000,1,0,1,1225,0,0,0
LOW SHELF,44100,5000,1,0,1,4995.703125,0,0,0
LOW SHELF,44100,5000,1,0,1,9991.40625,0,0,0
LOW SHELF,44100,5000,1,0,1,20671.875,0,0,0
LOW SHELF,44100,5000,1,24,1,1225,25.94480122,25.9448011,1.195055654e-07
LOW SHELF,44100,5000,1,24,1,4995.703125,12.02645526,12.02645527,5.844262851e-09
LOW SHELF,44100,5000,1,24,1,9991.40625,-9.045828585,-9.045828593,7.585237327e-09
LOW SHELF,44100,5000,1,24,1,20671.875,-0.04225331506,-0.04225325904,5.601978822e-08
LOW SHELF,44100,10000,0,-24,1,2450,-22.75698048,-22.75698092,4.414864456e-07
LOW SHELF,44100,10000,0,-24,1,9991.40625,-12.0128678,-12.01286792,1.245229346e-07
LOW SHELF,44100,10000,0,-24,1,19982.8125,-0.5140450588,-0.5140450418,1.699921165e-08
LOW SHELF,44100,10000,0,-24,1,20671.875,-0.2309042235,-0.2309043187,9.526086284e-08
LOW SHELF,44100,10000,0,0,1,2450,0,0,0
LOW SHELF,44100,10000,0,0,1,9991.40625,0,0,0
LOW SHELF,44100,10000,0,0,1,19982.8125,0,0,0
LOW SHELF,44100,10000,0,0,1,20671.875,0,0,0
LOW SHELF,44100,10000,0,24,1,2450,22.75697996,22.7569801,1.347423604e-07
LOW SHELF,44100,10000,0,24,1,9991.40625,12.01286751,12.01286747,3.940679427e-08
LOW SHELF,44100,10000,0,24,1,19982.8125,0.5140449414,0.5140450125,7.108008247e-08
LOW SHELF,44100,10000,0,24,1,20671.875,0.2309042853,0.2309043054,2.010384805e-08
LOW SHELF,44100,10000,0.1000000015,-24,1,2450,-24.30940511,-24.30940574,6.311638412e-07
LOW SHELF,44100,10000,0.1000000015,-24,1,9991.40625,-12.02217627,-12.02217605,2.111658692e-07
LOW SHELF,44100,10000,0.1000000015,-24,1,19982.8125,0.148152128,0.1481521491,2.105172916e-08
LOW SHELF,44100,10000,0.1000000015,-24,1,20671.875,0.06922952452,0.06922946073,6.379576592e-08
LOW SHELF,44100,10000,0.1000000015,0,1,2450,0,0,0
LOW SHELF,44100,10000,0.1000000015,0,1,9991.40625,0,0,0
LOW SHELF,44100,10000,0.1000000015,0,1,19982.8125,0,0,0
LOW SHELF,44100,10000,0.1000000015,0,1,20671.875,0,0,0
LOW SHELF,44100,10000,0.1000000015,24,1,2450,24.30940479,24.30940483,4.422067246e-08
LOW SHELF,44100,10000,0.1000000015,24,1,9991.40625,12.02217568,12.02217561,6.959488763e-08
LOW SHELF,44100,10000,0.1000000015,24,1,19982.8125,-0.1481520679,-0.1481521412,7.320845525e-08
LOW SHELF,44100,10000,0.1000000015,24,1,20671.875,-0.06922949659,-0.06922945681,3.977636239e-08
LOW SHELF,44100,10000,0.6000000238,-24,1,2450,-25.34084556,-25.34084619,6.282658358e-07
LOW SHELF,44100,10000,0.6000000238,-24,1,9991.40625,-12.03369312,-12.03369325,1.265688354e-07
LOW SHELF,44100,10000,0.6000000238,-24,1,19982.8125,0.5059422235,0.5059421949,2.859578065e-08
LOW SHELF,44100,10000,0.6000000238,-24,1,20671.875,0.219681447,0.219681407,3.996437514e-08
LOW SHELF,44100,10000,0.6000000238,0,1,2450,0,0,0
LOW SHELF,44100,10000,0.6000000238,0,1,9991.40625,0,0,0
LOW SHELF,44100,10000,0.6000000238,0,1,19982.8125,0,0,0
LOW SHELF,44100,10000,0.6000000238,0,1,20671.875,0,0,0
LOW SHELF,44100,10000,0.6000000238,24,1,2450,25.34084516,25.34084521,4.817006438e-08
LOW SHELF,44100,10000,0.6000000238,24,1,9991.40625,12.03369272,12.0336928,7.50226854e-08
LOW SHELF,44100,10000,0.6000000238,24,1,19982.8125,-0.5059421807,-0.5059421646,1.605472671e-08
LOW SHELF,44100,10000,0.6000000238,24,1,20671.875,-0.2196814017,-0.219681394,7.686318478e-09
LOW SHELF,44100,10000,1,-24,1,2450,-25.42321686,-25.42321657,2.862203354e-07
LOW SHELF,44100,10000,1,-24,1,9991.40625,-12.03494757,-12.03494758,1.202199318e-08
LOW SHELF,44100,10000,1,-24,1,19982.8125,0.5319347839,0.5319348713,8.741853511e-08
LOW SHELF,44100,10000,1,-24,1,20671.875,0.2302996409,0.2302996148,2.614070264e-08
LOW SHELF,44100,10000,1,0,1,2450,0,0,0
LOW SHELF,44100,10000,1,0,1,9991.40625,0,0,0
LOW SHELF,44100,10000,1,0,1,19982.8125,0,0,0
LOW SHELF,44100,10000,1,0,1,20671.875,0,0,0
LOW SHELF,44100,10000,1,24,1,2450,25.4232154,25.42321558,1.862060035e-07
LOW SHELF,44100,10000,1,24,1,9991.40625,12.03494722,12.03494713,8.9750265e-08
LOW SHELF,44100,10000,1,24,1,19982.8125,-0.5319348121,-0.5319348393,2.722406132e-08
LOW SHELF,44100,10000,1,24,1,20671.875,-0.2302996935,-0.2302996012,9.231030342e-08
LOW SHELF,44100,20000,0,-24,1,4995.703125,-23.88852499,-23.88852532,3.3020806e-07
LOW SHELF,44100,20000,0,-24,1,19982.8125,-11.31917297,-11.31917291,5.605353515e-08
LOW SHELF,44100,20000,0,-24,1,20671.875,-7.289672348,-7.289672393,4.493560879e-08
LOW SHELF,44100,20000,0,-24,1,20671.875,-7.289672348,-7.289672393,4.493560879e-08
LOW SHELF,44100,20000,0,0,1,4995.703125,0,0,0
LOW SHELF,44100,20000,0,0,1,19982.8125,0,0,0
LOW SHELF,44100,20000,0,0,1,20671.875,0,0,0
LOW SHELF,44100,20000,0,0,1,20671.875,0,0,0
LOW SHELF,44100,20000,0,24,1,4995.703125,23.88852449,23.88852443,5.439836226e-08
LOW SHELF,44100,20000,0,24,1,19982.8125,11.31917246,11.31917248,2.227480689e-08
LOW SHELF,44100,20000,0,24,1,20671.875,7.289672089,7.289672082,7.468103025e-09
LOW SHELF,44100,20000,0,24,1,20671.875,7.289672089,7.289672082,7.468103025e-09
LOW SHELF,44100,20000,0.1000000015,-24,1,4995.703125,-24.03390689,-24.03390739,5.08022846e-07
LOW SHELF,44100,20000,0.1000000015,-24,1,19982.8125,-10.82690594,-10.82690604,1.032476833e-07
LOW SHELF,44100,20000,0.1000000015,-24,1,20671.875,-4.065911021,-4.065910994,2.639484098e-08
LOW SHELF,44100,20000,0.1000000015,-24,1,20671.875,-4.065911021,-4.065910994,2.639484098e-08
LOW SHELF,44100,20000,0.1000000015,0,1,4995.703125,0,0,0
LOW SHELF,44100,20000,0.1000000015,0,1,19982.8125,0,0,0
LOW SHELF,44100,20000,0.1000000015,0,1,20671.875,0,0,0
LOW SHELF,44100,20000,0.1000000015,0,1,20671.875,0,0,0
LOW SHELF,44100,20000,0.1000000015,24,1,4995.703125,24.03390652,24.03390649,2.405570942e-08
LOW SHELF,44100,20000,0.1000000015,24,1,19982.8125,10.82690561,10.8269056,1.746902534e-08
LOW SHELF,44100,20000,0.1000000015,24,1,20671.875,4.065910736,4.065910653,8.328140311e-08
LOW SHELF,44100,20000,0.1000000015,24,1,20671.875,4.065910736,4.065910653,8.328140311e-08
LOW SHELF,44100,20000,0.6000000238,-24,1,4995.703125,-24.10457717,-24.10457721,4.246087393e-08
LOW SHELF,44100,20000,0.6000000238,-24,1,19982.8125,-10.21273828,-10.21273848,1.994650431e-07
LOW SHELF,44100,20000,0.6000000238,-24,1,20671.875,2.038671517,2.038671368,1.495166791e-07
LOW SHELF,44100,20000,0.6000000238,-24,1,20671.875,2.038671517,2.038671368,1.495166791e-07
LOW SHELF,44100,20000,0.6000000238,0,1,4995.703125,0,0,0
LOW SHELF,44100,20000,0.6000000238,0,1,19982.8125,0,0,0
LOW SHELF,44100,20000,0.6000000238,0,1,20671.875,0,0,0
LOW SHELF,44100,20000,0.6000000238,0,1,20671.875,0,0,0
LOW SHELF,44100,20000,0.6000000238,24,1,4995.703125,24.1045763,24.10457631,1.197328814e-08
LOW SHELF,44100,20000,0.6000000238,24,1,19982.8125,10.21273806,10.21273799,6.620651494e-08
LOW SHELF,44100,20000,0.6000000238,24,1,20671.875,-2.038672137,-2.03867214,3.319788444e-09
LOW SHELF,44100,20000,0.6000000238,24,1,20671.875,-2.038672137,-2.03867214,3.319788444e-09
LOW SHELF,44100,20000,1,-24,1,4995.703125,-24.10950968,-24.10950954,1.392635571e-07
LOW SHELF,44100,20000,1,-24,1,19982.8125,-10.14526972,-10.14527002,3.046804928e-07
LOW SHELF,44100,20000,1,-24,1,20671.875,3.264815736,3.264815801,6.521925799e-08
LOW SHELF,44100,20000,1,-24,1,20671.875,3.264815736,3.264815801,6.521925799e-08
LOW SHELF,44100,20000,1,0,1,4995.703125,0,0,0
LOW SHELF,44100,20000,1,0,1,19982.8125,0,0,0
LOW SHELF,44100,20000,1,0,1,20671.875,0,0,0
LOW SHELF,44100,20000,1,0,1,20671.875,0,0,0
LOW SHELF,44100,20000,1,24,1,4995.703125,24.10950864,24.10950864,4.264106401e-09
LOW SHELF,44100,20000,1,24,1,19982.8125,10.14526966,10.14526952,1.390348943e-07
LOW SHELF,44100,20000,1,24,1,20671.875,-3.264817005,-3.264816771,2.335540867e-07
LOW SHELF,44100,20000,1,24,1,20671.875,-3.264817005,-3.264816771,2.335540867e-07
LOW SHELF,44100,1000,0.1000000015,6,0,249.1525424,0,0,0
LOW SHELF,44100,1000,0.1000000015,6,0,980,0,0,0
LOW SHELF,44100,1000,0.1000000015,6,0,2037.228261,0,0,0
LOW SHELF,44100,1000,0.1000000015,6,0,20671.875,0,0,0
LOW SHELF,44100,1000,0.1000000015,6,0.349999994,249.1525424,2.631797007,2.631797045,3.729288334e-08
LOW SHELF,44100,1000,0.1000000015,6,0.349999994,980,0.8872313153,0.8872313589,4.362837447e-08
LOW SHELF,44100,1000,0.1000000015,6,0.349999994,2037.228261,-0.1043696996,-0.104369706,6.387101716e-09
LOW SHELF,44100,1000,0.1000000015,6,0.349999994,20671.875,-4.067964846e-05,-4.071908629e-05,3.943783774e-08
LOW SHELF,44100,1000,0.1000000015,6,1,249.1525424,6.095174412,6.095174419,7.325934304e-09
LOW SHELF,44100,1000,0.1000000015,6,1,980,3.164774486,3.164774502,1.639967262e-08
LOW SHELF,44100,1000,0.1000000015,6,1,2037.228261,-0.08802266319,-0.08802265654,6.652840938e-09
LOW SHELF,44100,1000,0.1000000015,6,1,20671.875,-9.306332599e-05,-9.308388289e-05,2.055690074e-08
LOW SHELF,48000,20,0,-24,1,5,-22.20532875,-22.20532878,2.506194807e-08
LOW SHELF,48000,20,0,-24,1,20,-11.99999998,-12,2.062083926e-08
LOW SHELF,48000,20,0,-24,1,40,-5.471003613,-5.471003628,1.489162549e-08
LOW SHELF,48000,20,0,-24,1,22500,-2.863278596e-07,-5.384977798e-07,2.521699203e-07
LOW SHELF,48000,20,0,0,1,5,0,0,0
LOW SHELF,48000,20,0,0,1,20,0,0,0
LOW SHELF,48000,20,0,0,1,40,0,0,0
LOW SHELF,48000,20,0,0,1,22500,0,0,0
LOW SHELF,48000,20,0,24,1,5,22.20532798,22.20532798,2.739069416e-09
LOW SHELF,48000,20,0,24,1,20,11.99999955,11.99999955,2.177933833e-09
LOW SHELF,48000,20,0,24,1,40,5.471003368,5.471003378,9.862853423e-09
LOW SHELF,48000,20,0,24,1,22500,6.445581346e-07,5.384977484e-07,1.060603862e-07
LOW SHELF,48000,20,0.1000000015,-24,1,5,-24.3748716,-24.37487163,2.525717235e-08
LOW SHELF,48000,20,0.1000000015,-24,1,20,-12,-12,3.860792575e-09
LOW SHELF,48000,20,0.1000000015,-24,1,40,-1.544608389,-1.54460836,2.91118063e-08
LOW SHELF,48000,20,0.1000000015,-24,1,22500,2.239531379e-07,1.658349512e-07,5.811818674e-08
LOW SHELF,48000,20,0.1000000015,0,1,5,0,0,0
LOW SHELF,48000,20,0.1000000015,0,1,20,0,0,0
LOW SHELF,48000,20,0.1000000015,0,1,40,0,0,0
LOW SHELF,48000,20,0.1000000015,0,1,22500,0,0,0
LOW SHELF,48000,20,0.1000000015,24,1,5,24.37487073,24.37487072,1.031704056e-08
LOW SHELF,48000,20,0.1000000015,24,1,20,11.99999956,11.99999955,2.745359495e-09
LOW SHELF,48000,20,0.1000000015,24,1,40,1.544608167,1.544608145,2.172749769e-08
LOW SHELF,48000,20,0.1000000015,24,1,22500,-1.775216141e-07,-1.658349418e-07,1.168667226e-08
LOW SHELF,48000,20,0.6000000238,-24,1,5,-26.08360559,-26.08360562,2.978398861e-08
LOW SHELF,48000,20,0.6000000238,-24,1,20,-11.99999999,-12,6.482861803e-09
LOW SHELF,48000,20,0.6000000238,-24,1,40,7.801784607,7.801784615,8.053837375e-09
LOW SHELF,48000,20,0.6000000238,-24,1,22500,5.53583858e-07,4.986680968e-07,5.491576121e-08
LOW SHELF,48000,20,0.6000000238,0,1,5,0,0,0
LOW SHELF,48000,20,0.6000000238,0,1,20,0,0,0
LOW SHELF,48000,20,0.6000000238,0,1,40,0,0,0
LOW SHELF,48000,20,0.6000000238,0,1,22500,0,0,0
LOW SHELF,48000,20,0.6000000238,24,1,5,26.08360459,26.0836046,2.915249375e-09
LOW SHELF,48000,20,0.6000000238,24,1,20,11.99999954,11.99999955,1.03612412e-08
LOW SHELF,48000,20,0.6000000238,24,1,40,-7.801784794,-7.801784797,2.987162961e-09
LOW SHELF,48000,20,0.6000000238,24,1,22500,-5.059093639e-07,-4.986680666e-07,7.241297372e-09
LOW SHELF,48000,20,1,-24,1,5,-26.23396507,-26.23396509,2.29130972e-08
LOW SHELF,48000,20,1,-24,1,20,-11.99999997,-12,2.737178262e-08
LOW SHELF,48000,20,1,-24,1,40,11.51628591,11.51628591,6.614164771e-09
LOW SHELF,48000,20,1,-24,1,22500,5.398163504e-07,5.216697587e-07,1.814659165e-08
LOW SHELF,48000,20,1,0,1,5,0,0,0
LOW SHELF,48000,20,1,0,1,20,0,0,0
LOW SHELF,48000,20,1,0,1,40,0,0,0
LOW SHELF,48000,20,1,0,1,22500,0,0,0
LOW SHELF,48000,20,1,24,1,5,26.23396405,26.23396405,2.127173993e-09
LOW SHELF,48000,20,1,24,1,20,11.99999953,11.99999955,2.100877383e-08
LOW SHELF,48000,20,1,24,1,40,-11.51628605,-11.51628607,2.236598817e-08
LOW SHELF,48000,20,1,24,1,22500,-6.18848785e-07,-5.216697293e-07,9.717905571e-08
LOW SHELF,48000,100,0,-24,1,25,-22.20537004,-22.20536988,1.563357106e-07
LOW SHELF,48000,100,0,-24,1,100,-12.00000025,-12.00000026,4.518494467e-09
LOW SHELF,48000,100,0,-24,1,200,-5.470689685,-5.470689671,1.388229087e-08
LOW SHELF,48000,100,0,-24,1,22500,-1.357322481e-05,-1.346280288e-05,1.104219262e-07
LOW SHELF,48000,100,0,0,1,25,0,0,0
LOW SHELF,48000,100,0,0,1,100,0,0,0
LOW SHELF,48000,100,0,0,1,200,0,0,0
LOW SHELF,48000,100,0,0,1,22500,0,0,0
LOW SHELF,48000,100,0,24,1,25,22.20536909,22.20536908,3.148308281e-09
LOW SHELF,48000,100,0,24,1,100,11.99999981,11.99999981,1.772688218e-09
LOW SHELF,48000,100,0,24,1,200,5.470689462,5.470689421,4.155092892e-08
LOW SHELF,48000,100,0,24,1,22500,1.351158984e-05,1.346280209e-05,4.87877426e-08
LOW SHELF,48000,100,0.1000000015,-24,1,25,-24.37486913,-24.37486904,8.725491707e-08
LOW SHELF,48000,100,0.1000000015,-24,1,100,-12.0000004,-12.00000044,3.613121313e-08
LOW SHELF,48000,100,0.1000000015,-24,1,200,-1.544242371,-1.544242444,7.355601445e-08
LOW SHELF,48000,100,0.1000000015,-24,1,22500,4.096043584e-06,4.145978445e-06,4.993486026e-08
LOW SHELF,48000,100,0.1000000015,0,1,25,0,0,0
LOW SHELF,48000,100,0.1000000015,0,1,100,0,0,0
LOW SHELF,48000,100,0.1000000015,0,1,200,0,0,0
LOW SHELF,48000,100,0.1000000015,0,1,22500,0,0,0
LOW SHELF,48000,100,0.1000000015,24,1,25,24.37486813,24.37486813,2.466111759e-09
LOW SHELF,48000,100,0.1000000015,24,1,100,11.99999996,11.99999999,3.634842827e-08
LOW SHELF,48000,100,0.1000000015,24,1,200,1.544242145,1.544242229,8.420030367e-08
LOW SHELF,48000,100,0.1000000015,24,1,22500,-4.07539469e-06,-4.145978203e-06,7.058351269e-08
LOW SHELF,48000,100,0.6000000238,-24,1,25,-26.08354652,-26.08354621,3.051343764e-07
LOW SHELF,48000,100,0.6000000238,-24,1,100,-12.00000063,-12.00000067,3.762946132e-08
LOW SHELF,48000,100,0.6000000238,-24,1,200,7.802162087,7.80216211,2.323044668e-08
LOW SHELF,48000,100,0.6000000238,-24,1,22500,1.24002601e-05,1.246705293e-05,6.679282745e-08
LOW SHELF,48000,100,0.6000000238,0,1,25,0,0,0
LOW SHELF,48000,100,0.6000000238,0,1,100,0,0,0
LOW SHELF,48000,100,0.6000000238,0,1,200,0,0,0
LOW SHELF,48000,100,0.6000000238,0,1,22500,0,0,0
LOW SHELF,48000,100,0.6000000238,24,1,25,26.08354519,26.08354518,9.510886301e-09
LOW SHELF,48000,100,0.6000000238,24,1,100,12.00000019,12.00000022,3.299152329e-08
LOW SHELF,48000,100,0.6000000238,24,1,200,-7.802162392,-7.802162292,1.001538716e-07
LOW SHELF,48000,100,0.6000000238,24,1,22500,-1.253335087e-05,-1.24670522e-05,6.629866661e-08
LOW SHELF,48000,100,1,-24,1,25,-26.23389943,-26.23389944,1.216046286e-08
LOW SHELF,48000,100,1,-24,1,100,-12.0000007,-12.00000069,5.7853633e-09
LOW SHELF,48000,100,1,-24,1,200,11.51663426,11.51663427,7.957039916e-09
LOW SHELF,48000,100,1,-24,1,22500,1.307327384e-05,1.304211214e-05,3.116170343e-08
LOW SHELF,48000,100,1,0,1,25,0,0,0
LOW SHELF,48000,100,1,0,1,100,0,0,0
LOW SHELF,48000,100,1,0,1,200,0,0,0
LOW SHELF,48000,100,1,0,1,22500,0,0,0
LOW SHELF,48000,100,1,24,1,25,26.2338984,26.2338984,3.767386403e-10
LOW SHELF,48000,100,1,24,1,100,12.00000027,12.00000025,2.584166747e-08
LOW SHELF,48000,100,1,24,1,200,-11.51663453,-11.51663443,9.943305157e-08
LOW SHELF,48000,100,1,24,1,22500,-1.308945048e-05,-1.304211138e-05,4.733909941e-08
LOW SHELF,48000,500,0,-24,1,125,-22.20639586,-22.20639562,2.411891726e-07
LOW SHELF,48000,500,0,-24,1,500,-12.00000036,-12.00000026,1.020766223e-07
LOW SHELF,48000,500,0,-24,1,1000,-5.46282991,-5.462829954,4.326710346e-08
LOW SHELF,48000,500,0,-24,1,22500,-0.0003367785061,-0.0003367937796,1.527349586e-08
LOW SHELF,48000,500,0,0,1,125,0,0,0
LOW SHELF,48000,500,0,0,1,500,0,0,0
LOW SHELF,48000,500,0,0,1,1000,0,0,0
LOW SHELF,48000,500,0,0,1,22500,0,0,0
LOW SHELF,48000,500,0,24,1,125,22.20639481,22.20639482,1.34556144e-08
LOW SHELF,48000,500,0,24,1,500,11.99999981,11.99999981,2.219251893e-09
LOW SHELF,48000,500,0,24,1,1000,5.462829636,5.462829704,6.759427928e-08
LOW SHELF,48000,500,0,24,1,22500,0.0003366890569,0.0003367937599,1.047029835e-07
LOW SHELF,48000,500,0.1000000015,-24,1,125,-24.37480435,-24.37480438,3.534485149e-08
LOW SHELF,48000,500,0.1000000015,-24,1,500,-12.0000004,-12.00000044,3.558786066e-08
LOW SHELF,48000,500,0.1000000015,-24,1,1000,-1.535091764,-1.53509172,4.459533465e-08
LOW SHELF,48000,500,0.1000000015,-24,1,22500,0.0001038533281,0.00010371478,1.385480142e-07
LOW SHELF,48000,500,0.1000000015,0,1,125,0,0,0
LOW SHELF,48000,500,0.1000000015,0,1,500,0,0,0
LOW SHELF,48000,500,0.1000000015,0,1,1000,0,0,0
LOW SHELF,48000,500,0.1000000015,0,1,22500,0,0,0
LOW SHELF,48000,500,0.1000000015,24,1,125,24.3748035,24.37480347,2.23178418e-08
LOW SHELF,48000,500,0.1000000015,24,1,500,11.99999995,11.99999999,4.152441324e-08
LOW SHELF,48000,500,0.1000000015,24,1,1000,1.535091557,1.535091505,5.191538555e-08
LOW SHELF,48000,500,0.1000000015,24,1,22500,-0.0001037951738,-0.000103714774,8.039978411e-08
LOW SHELF,48000,500,0.6000000238,-24,1,125,-26.08206322,-26.08206398,7.539487603e-07
LOW SHELF,48000,500,0.6000000238,-24,1,500,-12.00000061,-12.00000067,5.660689517e-08
LOW SHELF,48000,500,0.6000000238,-24,1,1000,7.811486315,7.811486356,4.091142847e-08
LOW SHELF,48000,500,0.6000000238,-24,1,22500,0.0003119933732,0.0003118951582,9.821497248e-08
LOW SHELF,48000,500,0.6000000238,0,1,125,0,0,0
LOW SHELF,48000,500,0.6000000238,0,1,500,0,0,0
LOW SHELF,48000,500,0.6000000238,0,1,1000,0,0,0
LOW SHELF,48000,500,0.6000000238,0,1,22500,0,0,0
LOW SHELF,48000,500,0.6000000238,24,1,125,26.08206297,26.08206295,1.519532233e-08
LOW SHELF,48000,500,0.6000000238,24,1,500,12.00000013,12.00000022,9.343572183e-08
LOW SHELF,48000,500,0.6000000238,24,1,1000,-7.811486377,-7.811486532,1.54381705e-07
LOW SHELF,48000,500,0.6000000238,24,1,22500,-0.0003120380185,-0.00031189514,1.428785351e-07
LOW SHELF,48000,500,1,-24,1,125,-26.23226206,-26.23226159,4.663229349e-07
LOW SHELF,48000,500,1,-24,1,500,-12.00000063,-12.00000069,6.322035384e-08
LOW SHELF,48000,500,1,-24,1,1000,11.52505219,11.52505219,3.752547162e-09
LOW SHELF,48000,500,1,-24,1,22500,0.0003261958429,0.0003262826494,8.680656267e-08
LOW SHELF,48000,500,1,0,1,125,0,0,0
LOW SHELF,48000,500,1,0,1,500,0,0,0
LOW SHELF,48000,500,1,0,1,1000,0,0,0
LOW SHELF,48000,500,1,0,1,22500,0,0,0
LOW SHELF,48000,500,1,24,1,125,26.23226058,26.23226055,3.603957577e-08
LOW SHELF,48000,500,1,24,1,500,12.0000002,12.00000025,4.740677584e-08
LOW SHELF,48000,500,1,24,1,1000,-11.52505268,-11.52505234,3.400115034e-07
LOW SHELF,48000,500,1,24,1,22500,-0.0003261623684,-0.0003262826303,1.202619532e-07
LOW SHELF,48000,1000,0,-24,1,250,-22.20960111,-22.20960102,8.288630671e-08
LOW SHELF,48000,1000,0,-24,1,1000,-12.00000026,-12.00000009,1.686185391e-07
LOW SHELF,48000,1000,0,-24,1,2000,-5.438192741,-5.438192654,8.700597154e-08
LOW SHELF,48000,1000,0,-24,1,22500,-0.001349931469,-0.001349977875,4.640647116e-08
LOW SHELF,48000,1000,0,0,1,250,0,0,0
LOW SHELF,48000,1000,0,0,1,1000,0,0,0
LOW SHELF,48000,1000,0,0,1,2000,0,0,0
LOW SHELF,48000,1000,0,0,1,22500,0,0,0
LOW SHELF,48000,1000,0,24,1,250,22.20960026,22.20960022,3.518029423e-08
LOW SHELF,48000,1000,0,24,1,1000,11.99999958,11.99999964,6.062280944e-08
LOW SHELF,48000,1000,0,24,1,2000,5.438192516,5.438192405,1.112396615e-07
LOW SHELF,48000,1000,0,24,1,22500,0.00135001006,0.001349977796,3.226435405e-08
LOW SHELF,48000,1000,0.1000000015,-24,1,250,-24.37460146,-24.37460082,6.382377142e-07
LOW SHELF,48000,1000,0.1000000015,-24,1,1000,-12.00000032,-12.00000016,1.646709302e-07
LOW SHELF,48000,1000,0.1000000015,-24,1,2000,-1.506529294,-1.506529252,4.204507065e-08
LOW SHELF,48000,1000,0.1000000015,-24,1,22500,0.0004156146443,0.0004156773167,6.267239608e-08
LOW SHELF,48000,1000,0.1000000015,0,1,250,0,0,0
LOW SHELF,48000,1000,0.1000000015,0,1,1000,0,0,0
LOW SHELF,48000,1000,0.1000000015,0,1,2000,0,0,0
LOW SHELF,48000,1000,0.1000000015,0,1,22500,0,0,0
LOW SHELF,48000,1000,0.1000000015,24,1,250,24.37459997,24.37459992,5.274418236e-08
LOW SHELF,48000,1000,0.1000000015,24,1,1000,11.99999973,11.99999971,1.97090686e-08
LOW SHELF,48000,1000,0.1000000015,24,1,2000,1.506529125,1.506529039,8.578472688e-08
LOW SHELF,48000,1000,0.1000000015,24,1,22500,-0.0004158093556,-0.0004156772924,1.32063222e-07
LOW SHELF,48000,1000,0.6000000238,-24,1,250,-26.07743478,-26.07743459,1.944143069e-07
LOW SHELF,48000,1000,0.6000000238,-24,1,1000,-12.00000016,-12.00000024,7.767743959e-08
LOW SHELF,48000,1000,0.6000000238,-24,1,2000,7.83913855,7.839138489,6.108051132e-08
LOW SHELF,48000,1000,0.6000000238,-24,1,22500,0.001250345868,0.00125032283,2.303764509e-08
LOW SHELF,48000,1000,0.6000000238,0,1,250,0,0,0
LOW SHELF,48000,1000,0.6000000238,0,1,1000,0,0,0
LOW SHELF,48000,1000,0.6000000238,0,1,2000,0,0,0
LOW SHELF,48000,1000,0.6000000238,0,1,22500,0,0,0
LOW SHELF,48000,1000,0.6000000238,24,1,250,26.07743358,26.07743356,2.04324655e-08
LOW SHELF,48000,1000,0.6000000238,24,1,1000,11.99999957,11.99999979,2.222539202e-07
LOW SHELF,48000,1000,0.6000000238,24,1,2000,-7.83913864,-7.839138645,5.646653367e-09
LOW SHELF,48000,1000,0.6000000238,24,1,22500,-0.001250272456,-0.001250322757,5.03014576e-08
LOW SHELF,48000,1000,1,-24,1,250,-26.22714651,-26.22714673,2.219281852e-07
LOW SHELF,48000,1000,1,-24,1,1000,-12.00000041,-12.00000025,1.572845956e-07
LOW SHELF,48000,1000,1,-24,1,2000,11.54765585,11.54765598,1.318016518e-07
LOW SHELF,48000,1000,1,-24,1,22500,0.001308030004,0.001308010811,1.919276713e-08
LOW SHELF,48000,1000,1,0,1,250,0,0,0
LOW SHELF,48000,1000,1,0,1,1000,0,0,0
LOW SHELF,48000,1000,1,0,1,2000,0,0,0
LOW SHELF,48000,1000,1,0,1,22500,0,0,0
LOW SHELF,48000,1000,1,24,1,250,26.22714567,26.22714569,2.154925216e-08
LOW SHELF,48000,1000,1,24,1,1000,11.99999969,11.9999998,1.104435263e-07
LOW SHELF,48000,1000,1,24,1,2000,-11.54765617,-11.54765608,9.025233627e-08
LOW SHELF,48000,1000,1,24,1,22500,-0.001307998305,-0.001308010735,1.242964861e-08
LOW SHELF,48000,5000,0,-24,1,1230.769231,-22.35867816,-22.35867842,2.528093015e-07
LOW SHELF,48000,5000,0,-24,1,5062.5,-11.86102129,-11.86102125,3.821569061e-08
LOW SHELF,48000,5000,0,-24,1,9937.5,-4.645111249,-4.645111235,1.388346915e-08
LOW SHELF,48000,5000,0,-24,1,22500,-0.03612801755,-0.03612794598,7.157118054e-08
LOW SHELF,48000,5000,0,0,1,1230.769231,0,0,0
LOW SHELF,48000,5000,0,0,1,5062.5,0,0,0
LOW SHELF,48000,5000,0,0,1,9937.5,0,0,0
LOW SHELF,48000,5000,0,0,1,22500,0,0,0
LOW SHELF,48000,5000,0,24,1,1230.769231,22.35867762,22.35867761,1.550750728e-08
LOW SHELF,48000,5000,0,24,1,5062.5,11.86102083,11.86102081,2.685652012e-08
LOW SHELF,48000,5000,0,24,1,9937.5,4.645110985,4.645111016,3.096671952e-08
LOW SHELF,48000,5000,0,24,1,22500,0.03612785715,0.03612794387,8.672514977e-08
LOW SHELF,48000,5000,0.1000000015,-24,1,1230.769231,-24.36268716,-24.36268507,2.088963706e-06
LOW SHELF,48000,5000,0.1000000015,-24,1,5062.5,-11.76049137,-11.76049141,4.677214216e-08
LOW SHELF,48000,5000,0.1000000015,-24,1,9937.5,-0.6932657867,-0.6932657808,5.890515409e-09
LOW SHELF,48000,5000,0.1000000015,-24,1,22500,0.0110825609,0.01108259189,3.09845448e-08
LOW SHELF,48000,5000,0.1000000015,0,1,1230.769231,0,0,0
LOW SHELF,48000,5000,0.1000000015,0,1,5062.5,0,0,0
LOW SHELF,48000,5000,0.1000000015,0,1,9937.5,0,0,0
LOW SHELF,48000,5000,0.1000000015,0,1,22500,0,0,0
LOW SHELF,48000,5000,0.1000000015,24,1,1230.769231,24.36268413,24.36268416,3.02987706e-08
LOW SHELF,48000,5000,0.1000000015,24,1,5062.5,11.76049096,11.76049097,4.909299633e-09
LOW SHELF,48000,5000,0.1000000015,24,1,9937.5,0.6932656363,0.6932656358,5.040170781e-10
LOW SHELF,48000,5000,0.1000000015,24,1,22500,-0.01108249915,-0.01108259124,9.209045667e-08
LOW SHELF,48000,5000,0.6000000238,-24,1,1230.769231,-25.86636141,-25.86635949,1.920504692e-06
LOW SHELF,48000,5000,0.6000000238,-24,1,5062.5,-11.63606058,-11.63606072,1.376066328e-07
LOW SHELF,48000,5000,0.6000000238,-24,1,9937.5,7.540427376,7.540427371,4.774342255e-09
LOW SHELF,48000,5000,0.6000000238,-24,1,22500,0.03359612331,0.03359620274,7.94252539e-08
LOW SHELF,48000,5000,0.6000000238,0,1,1230.769231,0,0,0
LOW SHELF,48000,5000,0.6000000238,0,1,5062.5,0,0,0
LOW SHELF,48000,5000,0.6000000238,0,1,9937.5,0,0,0
LOW SHELF,48000,5000,0.6000000238,0,1,22500,0,0,0
LOW SHELF,48000,5000,0.6000000238,24,1,1230.769231,25.86635851,25.86635847,3.756207345e-08
LOW SHELF,48000,5000,0.6000000238,24,1,5062.5,11.63606023,11.63606026,3.202569543e-08
LOW SHELF,48000,5000,0.6000000238,24,1,9937.5,-7.54042706,-7.540427053,6.118157314e-09
LOW SHELF,48000,5000,0.6000000238,24,1,22500,-0.03359636112,-0.03359620077,1.603490329e-07
LOW SHELF,48000,5000,1,-24,1,1230.769231,-25.99481204,-25.99481338,1.336158024e-06
LOW SHELF,48000,5000,1,-24,1,5062.5,-11.62250428,-11.62250422,6.071936509e-08
LOW SHELF,48000,5000,1,-24,1,9937.5,9.902976504,9.902976551,4.684861565e-08
LOW SHELF,48000,5000,1,-24,1,22500,0.03515708664,0.03515698823,9.841000693e-08
LOW SHELF,48000,5000,1,0,1,1230.769231,0,0,0
LOW SHELF,48000,5000,1,0,1,5062.5,0,0,0
LOW SHELF,48000,5000,1,0,1,9937.5,0,0,0
LOW SHELF,48000,5000,1,0,1,22500,0,0,0
LOW SHELF,48000,5000,1,24,1,1230.769231,25.9948124,25.99481236,4.639282825e-08
LOW SHELF,48000,5000,1,24,1,5062.5,11.62250381,11.62250376,5.387326762e-08
LOW SHELF,48000,5000,1,24,1,9937.5,-9.902975838,-9.902975852,1.447282894e-08
LOW SHELF,48000,5000,1,24,1,22500,-0.03515691035,-0.03515698617,7.582012296e-08
LOW SHELF,48000,10000,0,-24,1,2550,-22.5798033,-22.57980313,1.649551917e-07
LOW SHELF,48000,10000,0,-24,1,9937.5,-12.08815438,-12.08815437,1.083895684e-08
LOW SHELF,48000,10000,0,-24,1,20062.5,-1.221587177,-1.221587167,9.662361827e-09
LOW SHELF,48000,10000,0,-24,1,22500,-0.1828376132,-0.1828376111,2.150918818e-09
LOW SHELF,48000,10000,0,0,1,2550,0,0,0
LOW SHELF,48000,10000,0,0,1,9937.5,0,0,0
LOW SHELF,48000,10000,0,0,1,20062.5,0,0,0
LOW SHELF,48000,10000,0,0,1,22500,0,0,0
LOW SHELF,48000,10000,0,24,1,2550,22.57980229,22.57980232,2.318378289e-08
LOW SHELF,48000,10000,0,24,1,9937.5,12.08815394,12.08815392,1.99900283e-08
LOW SHELF,48000,10000,0,24,1,20062.5,1.221587106,1.2215871,5.764602296e-09
LOW SHELF,48000,10000,0,24,1,22500,0.1828376852,0.1828376005,8.469588412e-08
LOW SHELF,48000,10000,0.1000000015,-24,1,2550,-24.33671166,-24.33671207,4.053018641e-07
LOW SHELF,48000,10000,0.1000000015,-24,1,9937.5,-12.15192125,-12.15192122,2.238858654e-08
LOW SHELF,48000,10000,0.1000000015,-24,1,20062.5,0.3057406687,0.3057406568,1.185464358e-08
LOW SHELF,48000,10000,0.1000000015,-24,1,22500,0.05514527793,0.0551452847,6.769097212e-09
LOW SHELF,48000,10000,0.1000000015,0,1,2550,0,0,0
LOW SHELF,48000,10000,0.1000000015,0,1,9937.5,0,0,0
LOW SHELF,48000,10000,0.1000000015,0,1,20062.5,0,0,0
LOW SHELF,48000,10000,0.1000000015,0,1,22500,0,0,0
LOW SHELF,48000,10000,0.1000000015,24,1,2550,24.33671113,24.33671116,2.659738829e-08
LOW SHELF,48000,10000,0.1000000015,24,1,9937.5,12.15192069,12.15192078,8.627438142e-08
LOW SHELF,48000,10000,0.1000000015,24,1,20062.5,-0.3057405813,-0.305740644,6.266402778e-08
LOW SHELF,48000,10000,0.1000000015,24,1,22500,-0.0551452719,-0.05514528155,9.650293323e-09
LOW SHELF,48000,10000,0.6000000238,-24,1,2550,-25.56796577,-25.56796579,2.087192641e-08
LOW SHELF,48000,10000,0.6000000238,-24,1,9937.5,-12.23083206,-12.23083231,2.465655102e-07
LOW SHELF,48000,10000,0.6000000238,-24,1,20062.5,1.314063899,1.31406386,3.900399792e-08
LOW SHELF,48000,10000,0.6000000238,-24,1,22500,0.1729670316,0.1729670479,1.625466452e-08
LOW SHELF,48000,10000,0.6000000238,0,1,2550,0,0,0
LOW SHELF,48000,10000,0.6000000238,0,1,9937.5,0,0,0
LOW SHELF,48000,10000,0.6000000238,0,1,20062.5,0,0,0
LOW SHELF,48000,10000,0.6000000238,0,1,22500,0,0,0
LOW SHELF,48000,10000,0.6000000238,24,1,2550,25.56796484,25.5679648,4.005609622e-08
LOW SHELF,48000,10000,0.6000000238,24,1,9937.5,12.23083181,12.23083187,5.536900449e-08
LOW SHELF,48000,10000,0.6000000238,24,1,20062.5,-1.314063747,-1.314063779,3.216181454e-08
LOW SHELF,48000,10000,0.6000000238,24,1,22500,-0.1729669928,-0.1729670377,4.485807525e-08
LOW SHELF,48000,10000,1,-24,1,2550,-25.66912379,-25.66912417,3.828985973e-07
LOW SHELF,48000,10000,1,-24,1,9937.5,-12.23942773,-12.2394277,3.049240149e-08
LOW SHELF,48000,10000,1,-24,1,20062.5,1.394324984,1.394324993,9.356012798e-09
LOW SHELF,48000,10000,1,-24,1,22500,0.1812444338,0.1812445889,1.55153515e-07
LOW SHELF,48000,10000,1,0,1,2550,0,0,0
LOW SHELF,48000,10000,1,0,1,9937.5,0,0,0
LOW SHELF,48000,10000,1,0,1,20062.5,0,0,0
LOW SHELF,48000,10000,1,0,1,22500,0,0,0
LOW SHELF,48000,10000,1,24,1,2550,25.66912319,25.66912317,1.912883718e-08
LOW SHELF,48000,10000,1,24,1,9937.5,12.23942727,12.23942725,1.366480973e-08
LOW SHELF,48000,10000,1,24,1,20062.5,-1.394324897,-1.394324906,9.063412854e-09
LOW SHELF,48000,10000,1,24,1,22500,-0.1812445389,-0.1812445782,3.935039605e-08
LOW SHELF,48000,20000,0,-24,1,5062.5,-23.72955175,-23.72955207,3.255226417e-07
LOW SHELF,48000,20000,0,-24,1,20062.5,-11.82867619,-11.82867624,4.857984237e-08
LOW SHELF,48000,20000,0,-24,1,22500,-3.448599931,-3.448599846,8.557471465e-08
LOW SHELF,48000,20000,0,-24,1,22500,-3.448599931,-3.448599846,8.557471465e-08
LOW SHELF,48000,20000,0,0,1,5062.5,0,0,0
LOW SHELF,48000,20000,0,0,1,20062.5,0,0,0
LOW SHELF,48000,20000,0,0,1,22500,0,0,0
LOW SHELF,48000,20000,0,0,1,22500,0,0,0
LOW SHELF,48000,20000,0,24,1,5062.5,23.72955118,23.72955119,7.384711509e-09
LOW SHELF,48000,20000,0,24,1,20062.5,11.82867585,11.82867579,5.364044808e-08
LOW SHELF,48000,20000,0,24,1,22500,3.448599682,3.448599674,8.119440786e-09
LOW SHELF,48000,20000,0,24,1,22500,3.448599682,3.448599674,8.119440786e-09
LOW SHELF,48000,20000,0.1000000015,-24,1,5062.5,-24.08067673,-24.08067689,1.527826896e-07
LOW SHELF,48000,20000,0.1000000015,-24,1,20062.5,-11.70475088,-11.70475088,2.365608154e-09
LOW SHELF,48000,20000,0.1000000015,-24,1,22500,0.09957514982,0.09957517501,2.519442721e-08
LOW SHELF,48000,20000,0.1000000015,-24,1,22500,0.09957514982,0.09957517501,2.519442721e-08
LOW SHELF,48000,20000,0.1000000015,0,1,5062.5,0,0,0
LOW SHELF,48000,20000,0.1000000015,0,1,20062.5,0,0,0
LOW SHELF,48000,20000,0.1000000015,0,1,22500,0,0,0
LOW SHELF,48000,20000,0.1000000015,0,1,22500,0,0,0
LOW SHELF,48000,20000,0.1000000015,24,1,5062.5,24.080676,24.08067599,8.507984539e-09
LOW SHELF,48000,20000,0.1000000015,24,1,20062.5,11.70475042,11.70475043,1.34604865e-08
LOW SHELF,48000,20000,0.1000000015,24,1,22500,-0.09957520173,-0.09957522862,2.688462437e-08
LOW SHELF,48000,20000,0.1000000015,24,1,22500,-0.09957520173,-0.09957522862,2.688462437e-08
LOW SHELF,48000,20000,0.6000000238,-24,1,5062.5,-24.25851255,-24.25851148,1.067386752e-06
LOW SHELF,48000,20000,0.6000000238,-24,1,20062.5,-11.55133494,-11.5513349,4.486181693e-08
LOW SHELF,48000,20000,0.6000000238,-24,1,22500,5.052988328,5.052988461,1.330413792e-07
LOW SHELF,48000,20000,0.6000000238,-24,1,22500,5.052988328,5.052988461,1.330413792e-07
LOW SHELF,48000,20000,0.6000000238,0,1,5062.5,0,0,0
LOW SHELF,48000,20000,0.6000000238,0,1,20062.5,0,0,0
LOW SHELF,48000,20000,0.6000000238,0,1,22500,0,0,0
LOW SHELF,48000,20000,0.6000000238,0,1,22500,0,0,0
LOW SHELF,48000,20000,0.6000000238,24,1,5062.5,24.25851056,24.25851057,1.243013603e-08
LOW SHELF,48000,20000,0.6000000238,24,1,20062.5,11.55133445,11.55133444,1.157785867e-08
LOW SHELF,48000,20000,0.6000000238,24,1,22500,-5.052988058,-5.052988128,7.004104519e-08
LOW SHELF,48000,20000,0.6000000238,24,1,22500,-5.052988058,-5.052988128,7.004104519e-08
LOW SHELF,48000,20000,1,-24,1,5062.5,-24.27111117,-24.27111028,8.888025818e-07
LOW SHELF,48000,20000,1,-24,1,20062.5,-11.53461751,-11.5346174,1.113878718e-07
LOW SHELF,48000,20000,1,-24,1,22500,5.780075074,5.780075024,4.958358013e-08
LOW SHELF,48000,20000,1,-24,1,22500,5.780075074,5.780075024,4.958358013e-08
LOW SHELF,48000,20000,1,0,1,5062.5,0,0,0
LOW SHELF,48000,20000,1,0,1,20062.5,0,0,0
LOW SHELF,48000,20000,1,0,1,22500,0,0,0
LOW SHELF,48000,20000,1,0,1,22500,0,0,0
LOW SHELF,48000,20000,1,24,1,5062.5,24.27110937,24.27110937,3.558576545e-09
LOW SHELF,48000,20000,1,24,1,20062.5,11.53461701,11.53461694,6.255480089e-08
LOW SHELF,48000,20000,1,24,1,22500,-5.780074547,-5.780074589,4.202267423e-08
LOW SHELF,48000,20000,1,24,1,22500,-5.780074547,-5.780074589,4.202267423e-08
LOW SHELF,48000,1000,0.1000000015,6,0,250,0,0,0
LOW SHELF,48000,1000,0.1000000015,6,0,1000,0,0,0
LOW SHELF,48000,1000,0.1000000015,6,0,2000,0,0,0
LOW SHELF,48000,1000,0.1000000015,6,0,22500,0,0,0
LOW SHELF,48000,1000,0.1000000015,6,0.349999994,250,2.631954035,2.631954,3.446764341e-08
LOW SHELF,48000,1000,0.1000000015,6,0.349999994,1000,0.8159593858,0.8159595026,1.167972516e-07
LOW SHELF,48000,1000,0.1000000015,6,0.349999994,2000,-0.1041431414,-0.104143315,1.736047875e-07
LOW SHELF,48000,1000,0.1000000015,6,0.349999994,22500,-3.432657794e-05,-3.435331159e-05,2.67336546e-08
LOW SHELF,48000,1000,0.1000000015,6,1,250,6.095703215,6.095703175,4.066088488e-08
LOW SHELF,48000,1000,0.1000000015,6,1,1000,3.000000022,3.00000007,4.880344728e-08
LOW SHELF,48000,1000,0.1000000015,6,1,2000,-0.07489961527,-0.07489964584,3.057011377e-08
LOW SHELF,48000,1000,0.1000000015,6,1,22500,-7.83579583e-05,-7.853241818e-05,1.744598782e-07
LOW SHELF,96000,20,0,-24,1,5,-22.20532748,-22.20532749,1.104223468e-08
LOW SHELF,96000,20,0,-24,1,20,-11.99999998,-12,1.78423849e-08
LOW SHELF,96000,20,0,-24,1,40,-5.471013435,-5.471013445,1.058703436e-08
LOW SHELF,96000,20,0,-24,1,45000,-1.43179273e-07,-1.346243333e-07,8.554939645e-09
LOW SHELF,96000,20,0,0,1,5,0,0,0
LOW SHELF,96000,20,0,0,1,20,0,0,0
LOW SHELF,96000,20,0,0,1,40,0,0,0
LOW SHELF,96000,20,0,0,1,45000,0,0,0
LOW SHELF,96000,20,0,24,1,5,22.2053267,22.20532669,2.608007144e-09
LOW SHELF,96000,20,0,24,1,20,11.99999956,11.99999955,4.120122021e-09
LOW SHELF,96000,20,0,24,1,40,5.471013183,5.471013195,1.190613519e-08
LOW SHELF,96000,20,0,24,1,45000,-3.14693409e-08,1.346243235e-07,1.660936644e-07
LOW SHELF,96000,20,0.1000000015,-24,1,5,-24.37487166,-24.37487171,5.021096516e-08
LOW SHELF,96000,20,0.1000000015,-24,1,20,-12.00000002,-12,2.228361273e-08
LOW SHELF,96000,20,0.1000000015,-24,1,40,-1.544619792,-1.544619802,1.041337433e-08
LOW SHELF,96000,20,0.1000000015,-24,1,45000,5.57628971e-08,4.145870579e-08,1.430419132e-08
LOW SHELF,96000,20,0.1000000015,0,1,5,0,0,0
LOW SHELF,96000,20,0.1000000015,0,1,20,0,0,0
LOW SHELF,96000,20,0.1000000015,0,1,40,0,0,0
LOW SHELF,96000,20,0.1000000015,0,1,45000,0,0,0
LOW SHELF,96000,20,0.1000000015,24,1,5,24.3748708,24.3748708,2.725852433e-09
LOW SHELF,96000,20,0.1000000015,24,1,20,11.99999955,11.99999955,2.825349732e-09
LOW SHELF,96000,20,0.1000000015,24,1,40,1.544619605,1.544619587,1.82639851e-08
LOW SHELF,96000,20,0.1000000015,24,1,45000,-7.341833234e-08,-4.145870309e-08,3.195962925e-08
LOW SHELF,96000,20,0.6000000238,-24,1,5,-26.08360742,-26.08360748,5.551916971e-08
LOW SHELF,96000,20,0.6000000238,-24,1,20,-12,-12,2.374007213e-09
LOW SHELF,96000,20,0.6000000238,-24,1,40,7.801772799,7.801772805,6.524799367e-09
LOW SHELF,96000,20,0.6000000238,-24,1,45000,1.689729055e-07,1.246669155e-07,4.430598999e-08
LOW SHELF,96000,20,0.6000000238,0,1,5,0,0,0
LOW SHELF,96000,20,0.6000000238,0,1,20,0,0,0
LOW SHELF,96000,20,0.6000000238,0,1,40,0,0,0
LOW SHELF,96000,20,0.6000000238,0,1,45000,0,0,0
LOW SHELF,96000,20,0.6000000238,24,1,5,26.08360645,26.08360645,2.463453441e-09
LOW SHELF,96000,20,0.6000000238,24,1,20,11.99999955,11.99999955,6.578697587e-10
LOW SHELF,96000,20,0.6000000238,24,1,40,-7.801773007,-7.801772987,1.995898224e-08
LOW SHELF,96000,20,0.6000000238,24,1,45000,-1.57054362e-07,-1.246669067e-07,3.238745537e-08
LOW SHELF,96000,20,1,-24,1,5,-26.23396707,-26.23396714,6.749675663e-08
LOW SHELF,96000,20,1,-24,1,20,-12,-12,5.482602816e-09
LOW SHELF,96000,20,1,-24,1,40,11.51627499,11.516275,5.880959719e-09
LOW SHELF,96000,20,1,-24,1,45000,1.811113792e-07,1.304173235e-07,5.069405562e-08
LOW SHELF,96000,20,1,0,1,5,0,0,0
LOW SHELF,96000,20,1,0,1,20,0,0,0
LOW SHELF,96000,20,1,0,1,40,0,0,0
LOW SHELF,96000,20,1,0,1,45000,0,0,0
LOW SHELF,96000,20,1,24,1,5,26.23396609,26.2339661,1.489222967e-09
LOW SHELF,96000,20,1,24,1,20,11.99999955,11.99999955,2.229825657e-09
LOW SHELF,96000,20,1,24,1,40,-11.51627519,-11.51627516,2.316792092e-08
LOW SHELF,96000,20,1,24,1,45000,-1.86584087e-07,-1.304173178e-07,5.616676926e-08
LOW SHELF,96000,100,0,-24,1,25,-22.20533768,-22.20533777,9.167790971e-08
LOW SHELF,96000,100,0,-24,1,100,-12.00000001,-12.00000006,5.235576062e-08
LOW SHELF,96000,100,0,-24,1,200,-5.470935,-5.470934958,4.25281641e-08
LOW SHELF,96000,100,0,-24,1,45000,-3.250417827e-06,-3.365630728e-06,1.152129011e-07
LOW SHELF,96000,100,0,0,1,25,0,0,0
LOW SHELF,96000,100,0,0,1,100,0,0,0
LOW SHELF,96000,100,0,0,1,200,0,0,0
LOW SHELF,96000,100,0,0,1,45000,0,0,0
LOW SHELF,96000,100,0,24,1,25,22.20533696,22.20533697,8.695089093e-09
LOW SHELF,96000,100,0,24,1,100,11.9999996,11.99999962,1.357307422e-08
LOW SHELF,96000,100,0,24,1,200,5.470934686,5.470934708,2.140257171e-08
LOW SHELF,96000,100,0,24,1,45000,3.498767e-06,3.365630531e-06,1.33136469e-07
LOW SHELF,96000,100,0.1000000015,-24,1,25,-24.37487101,-24.37487106,5.401032865e-08
LOW SHELF,96000,100,0.1000000015,-24,1,100,-12.00000017,-12.00000011,5.984081008e-08
LOW SHELF,96000,100,0.1000000015,-24,1,200,-1.54452833,-1.544528322,7.979484351e-09
LOW SHELF,96000,100,0.1000000015,-24,1,45000,1.098234488e-06,1.036474172e-06,6.176031608e-08
LOW SHELF,96000,100,0.1000000015,0,1,25,0,0,0
LOW SHELF,96000,100,0.1000000015,0,1,100,0,0,0
LOW SHELF,96000,100,0.1000000015,0,1,200,0,0,0
LOW SHELF,96000,100,0.1000000015,0,1,45000,0,0,0
LOW SHELF,96000,100,0.1000000015,24,1,25,24.37487016,24.37487016,4.885345462e-09
LOW SHELF,96000,100,0.1000000015,24,1,100,11.99999965,11.99999966,9.944234769e-09
LOW SHELF,96000,100,0.1000000015,24,1,200,1.544528107,1.544528107,4.140822685e-10
LOW SHELF,96000,100,0.1000000015,24,1,45000,-1.049143865e-06,-1.036474111e-06,1.266975429e-08
LOW SHELF,96000,100,0.6000000238,-24,1,25,-26.08359255,-26.08359262,7.273173352e-08
LOW SHELF,96000,100,0.6000000238,-24,1,100,-12.00000014,-12.00000017,2.830545931e-08
LOW SHELF,96000,100,0.6000000238,-24,1,200,7.801867209,7.801867216,7.295576587e-09
LOW SHELF,96000,100,0.6000000238,-24,1,45000,3.165789305e-06,3.116694775e-06,4.909453002e-08
LOW SHELF,96000,100,0.6000000238,0,1,25,0,0,0
LOW SHELF,96000,100,0.6000000238,0,1,100,0,0,0
LOW SHELF,96000,100,0.6000000238,0,1,200,0,0,0
LOW SHELF,96000,100,0.6000000238,0,1,45000,0,0,0
LOW SHELF,96000,100,0.6000000238,24,1,25,26.0835916,26.0835916,1.465454424e-09
LOW SHELF,96000,100,0.6000000238,24,1,100,11.99999971,11.99999972,1.35552396e-08
LOW SHELF,96000,100,0.6000000238,24,1,200,-7.801867423,-7.801867398,2.476137895e-08
LOW SHELF,96000,100,0.6000000238,24,1,45000,-3.141766988e-06,-3.116694592e-06,2.507239684e-08
LOW SHELF,96000,100,1,-24,1,25,-26.23395054,-26.23395073,1.865982746e-07
LOW SHELF,96000,100,1,-24,1,100,-12.00000029,-12.00000017,1.141863275e-07
LOW SHELF,96000,100,1,-24,1,200,11.51636215,11.51636218,2.964855739e-08
LOW SHELF,96000,100,1,-24,1,45000,3.210930281e-06,3.260456134e-06,4.952585372e-08
LOW SHELF,96000,100,1,0,1,25,0,0,0
LOW SHELF,96000,100,1,0,1,100,0,0,0
LOW SHELF,96000,100,1,0,1,200,0,0,0
LOW SHELF,96000,100,1,0,1,45000,0,0,0
LOW SHELF,96000,100,1,24,1,25,26.23394969,26.23394968,9.161333914e-09
LOW SHELF,96000,100,1,24,1,100,11.99999973,11.99999973,1.253553261e-09
LOW SHELF,96000,100,1,24,1,200,-11.51636237,-11.51636234,2.423953038e-08
LOW SHELF,96000,100,1,24,1,45000,-3.258878917e-06,-3.260455942e-06,1.577025086e-09
LOW SHELF,96000,500,0,-24,1,125,-22.20559425,-22.2055942,4.247986407e-08
LOW SHELF,96000,500,0,-24,1,500,-12.00000004,-12.00000006,2.415457212e-08
LOW SHELF,96000,500,0,-24,1,1000,-5.468971194,-5.468971217,2.310139324e-08
LOW SHELF,96000,500,0,-24,1,45000,-8.412587689e-05,-8.415474358e-05,2.886669235e-08
LOW SHELF,96000,500,0,0,1,125,0,0,0
LOW SHELF,96000,500,0,0,1,500,0,0,0
LOW SHELF,96000,500,0,0,1,1000,0,0,0
LOW SHELF,96000,500,0,0,1,45000,0,0,0
LOW SHELF,96000,500,0,24,1,125,22.2055934,22.2055934,5.371992629e-09
LOW SHELF,96000,500,0,24,1,500,11.99999965,11.99999962,3.585208308e-08
LOW SHELF,96000,500,0,24,1,1000,5.468971083,5.468970967,1.153398499e-07
LOW SHELF,96000,500,0,24,1,45000,8.409687565e-05,8.415473866e-05,5.786300081e-08
LOW SHELF,96000,500,0.1000000015,-24,1,125,-24.37485475,-24.37485492,1.680347799e-07
LOW SHELF,96000,500,0.1000000015,-24,1,500,-12.00000022,-12.00000011,1.065209196e-07
LOW SHELF,96000,500,0.1000000015,-24,1,1000,-1.542240123,-1.542240126,2.9070229e-09
LOW SHELF,96000,500,0.1000000015,-24,1,45000,2.605301097e-05,2.591593503e-05,1.370759389e-07
LOW SHELF,96000,500,0.1000000015,0,1,125,0,0,0
LOW SHELF,96000,500,0.1000000015,0,1,500,0,0,0
LOW SHELF,96000,500,0.1000000015,0,1,1000,0,0,0
LOW SHELF,96000,500,0.1000000015,0,1,45000,0,0,0
LOW SHELF,96000,500,0.1000000015,24,1,125,24.374854,24.37485401,8.857473865e-09
LOW SHELF,96000,500,0.1000000015,24,1,500,11.99999968,11.99999966,1.941116778e-08
LOW SHELF,96000,500,0.1000000015,24,1,1000,1.542239883,1.54223991,2.712805491e-08
LOW SHELF,96000,500,0.1000000015,24,1,45000,-2.591232452e-05,-2.591593351e-05,3.608990882e-09
LOW SHELF,96000,500,0.6000000238,-24,1,125,-26.08322192,-26.08322203,1.026187739e-07
LOW SHELF,96000,500,0.6000000238,-24,1,500,-12.00000006,-12.00000017,1.083361187e-07
LOW SHELF,96000,500,0.6000000238,-24,1,1000,7.80422154,7.804221486,5.411931503e-08
LOW SHELF,96000,500,0.6000000238,-24,1,45000,7.786012101e-05,7.793103986e-05,7.091885258e-08
LOW SHELF,96000,500,0.6000000238,0,1,125,0,0,0
LOW SHELF,96000,500,0.6000000238,0,1,500,0,0,0
LOW SHELF,96000,500,0.6000000238,0,1,1000,0,0,0
LOW SHELF,96000,500,0.6000000238,0,1,45000,0,0,0
LOW SHELF,96000,500,0.6000000238,24,1,125,26.08322101,26.083221,1.325965204e-08
LOW SHELF,96000,500,0.6000000238,24,1,500,11.99999968,11.99999972,3.6409328e-08
LOW SHELF,96000,500,0.6000000238,24,1,1000,-7.804221681,-7.804221666,1.424774076e-08
LOW SHELF,96000,500,0.6000000238,24,1,45000,-7.799862448e-05,-7.79310353e-05,6.758917898e-08
LOW SHELF,96000,500,1,-24,1,125,-26.23354118,-26.23354121,2.576099778e-08
LOW SHELF,96000,500,1,-24,1,500,-12.00000022,-12.00000017,5.050250218e-08
LOW SHELF,96000,500,1,-24,1,1000,11.51852456,11.51852456,4.559222333e-09
LOW SHELF,96000,500,1,-24,1,45000,8.151500612e-05,8.152576164e-05,1.075552352e-08
LOW SHELF,96000,500,1,0,1,125,0,0,0
LOW SHELF,96000,500,1,0,1,500,0,0,0
LOW SHELF,96000,500,1,0,1,1000,0,0,0
LOW SHELF,96000,500,1,0,1,45000,0,0,0
LOW SHELF,96000,500,1,24,1,125,26.23354016,26.23354017,1.002874317e-08
LOW SHELF,96000,500,1,24,1,500,11.99999966,11.99999973,6.614661574e-08
LOW SHELF,96000,500,1,24,1,1000,-11.51852484,-11.51852471,1.292911156e-07
LOW SHELF,96000,500,1,24,1,45000,-8.1638151e-05,-8.152575687e-05,1.123941336e-07
LOW SHELF,96000,1000,0,-24,1,250,-22.20639579,-22.20639555,2.377576127e-07
LOW SHELF,96000,1000,0,-24,1,1000,-12.00000004,-12.00000002,2.078951811e-08
LOW SHELF,96000,1000,0,-24,1,2000,-5.4628298,-5.462829783,1.705859121e-08
LOW SHELF,96000,1000,0,-24,1,45000,-0.0003367785137,-0.0003367937646,1.525082847e-08
LOW SHELF,96000,1000,0,0,1,250,0,0,0
LOW SHELF,96000,1000,0,0,1,1000,0,0,0
LOW SHELF,96000,1000,0,0,1,2000,0,0,0
LOW SHELF,96000,1000,0,0,1,45000,0,0,0
LOW SHELF,96000,1000,0,24,1,250,22.20639475,22.20639475,3.206222843e-09
LOW SHELF,96000,1000,0,24,1,1000,11.99999957,11.99999958,4.580416046e-09
LOW SHELF,96000,1000,0,24,1,2000,5.462829622,5.462829533,8.88013163e-08
LOW SHELF,96000,1000,0,24,1,45000,0.0003366890569,0.0003367937449,1.046879136e-07
LOW SHELF,96000,1000,0.1000000015,-24,1,250,-24.37480435,-24.37480439,3.63278243e-08
LOW SHELF,96000,1000,0.1000000015,-24,1,1000,-12.00000018,-12.00000004,1.396071614e-07
LOW SHELF,96000,1000,0.1000000015,-24,1,2000,-1.535091494,-1.535091521,2.694243528e-08
LOW SHELF,96000,1000,0.1000000015,-24,1,45000,0.0001038533258,0.0001037147754,1.385504212e-07
LOW SHELF,96000,1000,0.1000000015,0,1,250,0,0,0
LOW SHELF,96000,1000,0.1000000015,0,1,1000,0,0,0
LOW SHELF,96000,1000,0.1000000015,0,1,2000,0,0,0
LOW SHELF,96000,1000,0.1000000015,0,1,45000,0,0,0
LOW SHELF,96000,1000,0.1000000015,24,1,250,24.3748035,24.37480348,2.127135712e-08
LOW SHELF,96000,1000,0.1000000015,24,1,1000,11.99999953,11.99999959,5.859812235e-08
LOW SHELF,96000,1000,0.1000000015,24,1,2000,1.535091288,1.535091307,1.832786772e-08
LOW SHELF,96000,1000,0.1000000015,24,1,45000,-0.000103795176,-0.0001037147693,8.040665599e-08
LOW SHELF,96000,1000,0.6000000238,-24,1,250,-26.08206353,-26.08206408,5.495456188e-07
LOW SHELF,96000,1000,0.6000000238,-24,1,1000,-12.00000003,-12.00000006,3.507047319e-08
LOW SHELF,96000,1000,0.6000000238,-24,1,2000,7.811486387,7.811486556,1.683006572e-07
LOW SHELF,96000,1000,0.6000000238,-24,1,45000,0.0003119933732,0.0003118951443,9.822893737e-08
LOW SHELF,96000,1000,0.6000000238,0,1,250,0,0,0
LOW SHELF,96000,1000,0.6000000238,0,1,1000,0,0,0
LOW SHELF,96000,1000,0.6000000238,0,1,2000,0,0,0
LOW SHELF,96000,1000,0.6000000238,0,1,45000,0,0,0
LOW SHELF,96000,1000,0.6000000238,24,1,250,26.08206306,26.08206305,8.550032682e-09
LOW SHELF,96000,1000,0.6000000238,24,1,1000,11.99999959,11.99999961,1.933652571e-08
LOW SHELF,96000,1000,0.6000000238,24,1,2000,-7.811486792,-7.811486732,6.083818005e-08
LOW SHELF,96000,1000,0.6000000238,24,1,45000,-0.0003120380185,-0.000311895126,1.428924673e-07
LOW SHELF,96000,1000,1,-24,1,250,-26.23226225,-26.2322617,5.469003144e-07
LOW SHELF,96000,1000,1,-24,1,1000,-11.99999994,-12.00000006,1.245151653e-07
LOW SHELF,96000,1000,1,-24,1,2000,11.52505234,11.52505237,2.74634937e-08
LOW SHELF,96000,1000,1,-24,1,45000,0.0003261958428,0.0003262826348,8.67920308e-08
LOW SHELF,96000,1000,1,0,1,250,0,0,0
LOW SHELF,96000,1000,1,0,1,1000,0,0,0
LOW SHELF,96000,1000,1,0,1,2000,0,0,0
LOW SHELF,96000,1000,1,0,1,45000,0,0,0
LOW SHELF,96000,1000,1,24,1,250,26.2322607,26.23226066,3.442719443e-08
LOW SHELF,96000,1000,1,24,1,1000,11.99999956,11.99999961,5.683819015e-08
LOW SHELF,96000,1000,1,24,1,2000,-11.52505241,-11.52505251,1.029307883e-07
LOW SHELF,96000,1000,1,24,1,45000,-0.0003261623684,-0.0003262826157,1.202473672e-07
LOW SHELF,96000,5000,0,-24,1,1246.753247,-22.24022674,-22.24022666,8.262989848e-08
LOW SHELF,96000,5000,0,-24,1,5100,-11.79034029,-11.79034026,3.20404272e-08
LOW SHELF,96000,5000,0,-24,1,10125,-5.163501734,-5.163501721,1.212679956e-08
LOW SHELF,96000,5000,0,-24,1,45000,-0.008561711978,-0.008561718264,6.286006378e-09
LOW SHELF,96000,5000,0,0,1,1246.753247,0,0,0
LOW SHELF,96000,5000,0,0,1,5100,0,0,0
LOW SHELF,96000,5000,0,0,1,10125,0,0,0
LOW SHELF,96000,5000,0,0,1,45000,0,0,0
LOW SHELF,96000,5000,0,24,1,1246.753247,22.24022591,22.24022586,5.592092389e-08
LOW SHELF,96000,5000,0,24,1,5100,11.79033983,11.79033981,2.159031975e-08
LOW SHELF,96000,5000,0,24,1,10125,5.163501517,5.163501483,3.436972951e-08
LOW SHELF,96000,5000,0,24,1,45000,0.008561720054,0.008561717763,2.290601233e-09
LOW SHELF,96000,5000,0.1000000015,-24,1,1246.753247,-24.37254199,-24.37254204,4.946971455e-08
LOW SHELF,96000,5000,0.1000000015,-24,1,5100,-11.63868684,-11.63868699,1.527137576e-07
LOW SHELF,96000,5000,0.1000000015,-24,1,10125,-1.200952082,-1.200952063,1.964247598e-08
LOW SHELF,96000,5000,0.1000000015,-24,1,45000,0.002634161119,0.002634242014,8.089496759e-08
LOW SHELF,96000,5000,0.1000000015,0,1,1246.753247,0,0,0
LOW SHELF,96000,5000,0.1000000015,0,1,5100,0,0,0
LOW SHELF,96000,5000,0.1000000015,0,1,10125,0,0,0
LOW SHELF,96000,5000,0.1000000015,0,1,45000,0,0,0
LOW SHELF,96000,5000,0.1000000015,24,1,1246.753247,24.37254116,24.37254113,2.928188536e-08
LOW SHELF,96000,5000,0.1000000015,24,1,5100,11.63868654,11.63868654,2.531490573e-09
LOW SHELF,96000,5000,0.1000000015,24,1,10125,1.200951808,1.200951873,6.527193502e-08
LOW SHELF,96000,5000,0.1000000015,24,1,45000,-0.002634292776,-0.00263424186,5.091652961e-08
LOW SHELF,96000,5000,0.6000000238,-24,1,1246.753247,-26.03339948,-26.03339892,5.589771064e-07
LOW SHELF,96000,5000,0.6000000238,-24,1,5100,-11.45089558,-11.45089566,7.686760028e-08
LOW SHELF,96000,5000,0.6000000238,-24,1,10125,7.984630331,7.984630321,1.068829447e-08
LOW SHELF,96000,5000,0.6000000238,-24,1,45000,0.007936472936,0.007936319823,1.531129078e-07
LOW SHELF,96000,5000,0.6000000238,0,1,1246.753247,0,0,0
LOW SHELF,96000,5000,0.6000000238,0,1,5100,0,0,0
LOW SHELF,96000,5000,0.6000000238,0,1,10125,0,0,0
LOW SHELF,96000,5000,0.6000000238,0,1,45000,0,0,0
LOW SHELF,96000,5000,0.6000000238,24,1,1246.753247,26.03339794,26.03339789,4.60072922e-08
LOW SHELF,96000,5000,0.6000000238,24,1,5100,11.45089516,11.4508952,3.770863133e-08
LOW SHELF,96000,5000,0.6000000238,24,1,10125,-7.984630236,-7.984630269,3.328541709e-08
LOW SHELF,96000,5000,0.6000000238,24,1,45000,-0.007936306823,-0.007936319359,1.253563904e-08
LOW SHELF,96000,5000,1,-24,1,1246.753247,-26.17853494,-26.17853526,3.253127678e-07
LOW SHELF,96000,5000,1,-24,1,5100,-11.43042667,-11.43042681,1.421008746e-07
LOW SHELF,96000,5000,1,-24,1,10125,11.42390429,11.4239043,3.332651488e-09
LOW SHELF,96000,5000,1,-24,1,45000,0.008302993068,0.008303010897,1.782877574e-08
LOW SHELF,96000,5000,1,0,1,1246.753247,0,0,0
LOW SHELF,96000,5000,1,0,1,5100,0,0,0
LOW SHELF,96000,5000,1,0,1,10125,0,0,0
LOW SHELF,96000,5000,1,0,1,45000,0,0,0
LOW SHELF,96000,5000,1,24,1,1246.753247,26.17853426,26.17853422,3.281016614e-08
LOW SHELF,96000,5000,1,24,1,5100,11.43042639,11.43042635,4.781178164e-08
LOW SHELF,96000,5000,1,24,1,10125,-11.42390396,-11.42390394,1.990173537e-08
LOW SHELF,96000,5000,1,24,1,45000,-0.008302916902,-0.008303010411,9.350894031e-08
LOW SHELF,96000,10000,0,-24,1,2461.538462,-22.35867805,-22.3586784,3.458430866e-07
LOW SHELF,96000,10000,0,-24,1,10125,-11.86102122,-11.86102118,3.439366925e-08
LOW SHELF,96000,10000,0,-24,1,19875,-4.645111226,-4.645111191,3.498495116e-08
LOW SHELF,96000,10000,0,-24,1,45000,-0.03612801755,-0.03612794551,7.204256596e-08
LOW SHELF,96000,10000,0,0,1,2461.538462,0,0,0
LOW SHELF,96000,10000,0,0,1,10125,0,0,0
LOW SHELF,96000,10000,0,0,1,19875,0,0,0
LOW SHELF,96000,10000,0,0,1,45000,0,0,0
LOW SHELF,96000,10000,0,24,1,2461.538462,22.35867757,22.35867759,1.686182838e-08
LOW SHELF,96000,10000,0,24,1,10125,11.86102076,11.86102074,1.811197947e-08
LOW SHELF,96000,10000,0,24,1,19875,4.645110954,4.645110971,1.704814812e-08
LOW SHELF,96000,10000,0,24,1,45000,0.03612785715,0.0361279434,8.625374362e-08
LOW SHELF,96000,10000,0.1000000015,-24,1,2461.538462,-24.36268716,-24.36268507,2.087119658e-06
LOW SHELF,96000,10000,0.1000000015,-24,1,10125,-11.76049133,-11.7604913,3.743003063e-08
LOW SHELF,96000,10000,0.1000000015,-24,1,19875,-0.6932657509,-0.6932657411,9.83859233e-09
LOW SHELF,96000,10000,0.1000000015,-24,1,45000,0.0110825609,0.01108259174,3.084050003e-08
LOW SHELF,96000,10000,0.1000000015,0,1,2461.538462,0,0,0
LOW SHELF,96000,10000,0.1000000015,0,1,10125,0,0,0
LOW SHELF,96000,10000,0.1000000015,0,1,19875,0,0,0
LOW SHELF,96000,10000,0.1000000015,0,1,45000,0,0,0
LOW SHELF,96000,10000,0.1000000015,24,1,2461.538462,24.36268417,24.36268416,1.150963769e-09
LOW SHELF,96000,10000,0.1000000015,24,1,10125,11.76049086,11.76049085,8.037292609e-09
LOW SHELF,96000,10000,0.1000000015,24,1,19875,0.6932656012,0.6932655961,5.162306832e-09
LOW SHELF,96000,10000,0.1000000015,24,1,45000,-0.01108249915,-0.0110825911,9.194642331e-08
LOW SHELF,96000,10000,0.6000000238,-24,1,2461.538462,-25.86636141,-25.86635951,1.893724822e-06
LOW SHELF,96000,10000,0.6000000238,-24,1,10125,-11.63606047,-11.63606054,7.135764379e-08
LOW SHELF,96000,10000,0.6000000238,-24,1,19875,7.540427308,7.540427301,6.616204917e-09
LOW SHELF,96000,10000,0.6000000238,-24,1,45000,0.03359612331,0.0335962023,7.898502604e-08
LOW SHELF,96000,10000,0.6000000238,0,1,2461.538462,0,0,0
LOW SHELF,96000,10000,0.6000000238,0,1,10125,0,0,0
LOW SHELF,96000,10000,0.6000000238,0,1,19875,0,0,0
LOW SHELF,96000,10000,0.6000000238,0,1,45000,0,0,0
LOW SHELF,96000,10000,0.6000000238,24,1,2461.538462,25.86635854,25.8663585,3.74746012e-08
LOW SHELF,96000,10000,0.6000000238,24,1,10125,11.63606002,11.63606008,5.943617376e-08
LOW SHELF,96000,10000,0.6000000238,24,1,19875,-7.540426937,-7.540426984,4.692473388e-08
LOW SHELF,96000,10000,0.6000000238,24,1,45000,-0.03359636112,-0.03359620033,1.6078924e-07
LOW SHELF,96000,10000,1,-24,1,2461.538462,-25.99481204,-25.99481341,1.365921226e-06
LOW SHELF,96000,10000,1,-24,1,10125,-11.6225041,-11.62250403,6.719550427e-08
LOW SHELF,96000,10000,1,-24,1,19875,9.902976375,9.902976385,1.045724241e-08
LOW SHELF,96000,10000,1,-24,1,45000,0.03515708664,0.03515698777,9.887083571e-08
LOW SHELF,96000,10000,1,0,1,2461.538462,0,0,0
LOW SHELF,96000,10000,1,0,1,10125,0,0,0
LOW SHELF,96000,10000,1,0,1,19875,0,0,0
LOW SHELF,96000,10000,1,0,1,45000,0,0,0
LOW SHELF,96000,10000,1,24,1,2461.538462,25.99481241,25.99481238,2.483288597e-08
LOW SHELF,96000,10000,1,24,1,10125,11.62250359,11.62250357,1.520282611e-08
LOW SHELF,96000,10000,1,24,1,19875,-9.902975633,-9.902975686,5.34724669e-08
LOW SHELF,96000,10000,1,24,1,45000,-0.03515691037,-0.03515698571,7.533939928e-08
LOW SHELF,96000,20000,0,-24,1,5100,-22.5798032,-22.57980311,8.805104557e-08
LOW SHELF,96000,20000,0,-24,1,19875,-12.08815431,-12.08815429,1.927358984e-08
LOW SHELF,96000,20000,0,-24,1,40125,-1.221587135,-1.22158715,1.505186098e-08
LOW SHELF,96000,20000,0,-24,1,45000,-0.1828376507,-0.1828376083,4.24244375e-08
LOW SHELF,96000,20000,0,0,1,5100,0,0,0
LOW SHELF,96000,20000,0,0,1,19875,0,0,0
LOW SHELF,96000,20000,0,0,1,40125,0,0,0
LOW SHELF,96000,20000,0,0,1,45000,0,0,0
LOW SHELF,96000,20000,0,24,1,5100,22.57980228,22.5798023,1.602167288e-08
LOW SHELF,96000,20000,0,24,1,19875,12.08815386,12.08815384,2.172053959e-08
LOW SHELF,96000,20000,0,24,1,40125,1.221587092,1.221587082,9.369229864e-09
LOW SHELF,96000,20000,0,24,1,45000,0.1828376852,0.1828375977,8.747699551e-08
LOW SHELF,96000,20000,0.1000000015,-24,1,5100,-24.33671166,-24.33671207,4.080611324e-07
LOW SHELF,96000,20000,0.1000000015,-24,1,19875,-12.15192116,-12.15192109,7.154317139e-08
LOW SHELF,96000,20000,0.1000000015,-24,1,40125,0.3057406647,0.3057406538,1.090516381e-08
LOW SHELF,96000,20000,0.1000000015,-24,1,45000,0.05514527793,0.05514528388,5.948920275e-09
LOW SHELF,96000,20000,0.1000000015,0,1,5100,0,0,0
LOW SHELF,96000,20000,0.1000000015,0,1,19875,0,0,0
LOW SHELF,96000,20000,0.1000000015,0,1,40125,0,0,0
LOW SHELF,96000,20000,0.1000000015,0,1,45000,0,0,0
LOW SHELF,96000,20000,0.1000000015,24,1,5100,24.33671116,24.33671116,6.008605169e-09
LOW SHELF,96000,20000,0.1000000015,24,1,19875,12.15192057,12.15192064,6.283443854e-08
LOW SHELF,96000,20000,0.1000000015,24,1,40125,-0.3057405885,-0.305740641,5.251811291e-08
LOW SHELF,96000,20000,0.1000000015,24,1,45000,-0.05514535289,-0.05514528073,7.215438101e-08
LOW SHELF,96000,20000,0.6000000238,-24,1,5100,-25.56796577,-25.56796582,4.700081391e-08
LOW SHELF,96000,20000,0.6000000238,-24,1,19875,-12.23083188,-12.2308321,2.191850812e-07
LOW SHELF,96000,20000,0.6000000238,-24,1,40125,1.314063851,1.314063838,1.277125122e-08
LOW SHELF,96000,20000,0.6000000238,-24,1,45000,0.1729670401,0.1729670452,5.116065072e-09
LOW SHELF,96000,20000,0.6000000238,0,1,5100,0,0,0
LOW SHELF,96000,20000,0.6000000238,0,1,19875,0,0,0
LOW SHELF,96000,20000,0.6000000238,0,1,40125,0,0,0
LOW SHELF,96000,20000,0.6000000238,0,1,45000,0,0,0
LOW SHELF,96000,20000,0.6000000238,24,1,5100,25.56796488,25.56796483,5.776749745e-08
LOW SHELF,96000,20000,0.6000000238,24,1,19875,12.23083159,12.23083166,6.848613543e-08
LOW SHELF,96000,20000,0.6000000238,24,1,40125,-1.31406372,-1.314063757,3.746129035e-08
LOW SHELF,96000,20000,0.6000000238,24,1,45000,-0.1729669928,-0.172967035,4.21704649e-08
LOW SHELF,96000,20000,1,-24,1,5100,-25.66912379,-25.6691242,4.112844252e-07
LOW SHELF,96000,20000,1,-24,1,19875,-12.23942758,-12.23942748,1.042072428e-07
LOW SHELF,96000,20000,1,-24,1,40125,1.394324969,1.39432497,9.448442029e-10
LOW SHELF,96000,20000,1,-24,1,45000,0.1812444338,0.1812445861,1.523325304e-07
LOW SHELF,96000,20000,1,0,1,5100,0,0,0
LOW SHELF,96000,20000,1,0,1,19875,0,0,0
LOW SHELF,96000,20000,1,0,1,40125,0,0,0
LOW SHELF,96000,20000,1,0,1,45000,0,0,0
LOW SHELF,96000,20000,1,24,1,5100,25.66912321,25.6691232,1.285531237e-08
LOW SHELF,96000,20000,1,24,1,19875,12.23942706,12.23942704,2.312112457e-08
LOW SHELF,96000,20000,1,24,1,40125,-1.394324879,-1.394324882,3.565519546e-09
LOW SHELF,96000,20000,1,24,1,45000,-0.1812445389,-0.1812445754,3.652942481e-08
LOW SHELF,96000,1000,0.1000000015,6,0,250,0,0,0
LOW SHELF,96000,1000,0.1000000015,6,0,1000,0,0,0
LOW SHELF,96000,1000,0.1000000015,6,0,2000,0,0,0
LOW SHELF,96000,1000,0.1000000015,6,0,45000,0,0,0
LOW SHELF,96000,1000,0.1000000015,6,0.349999994,250,2.631997191,2.631997218,2.696160362e-08
LOW SHELF,96000,1000,0.1000000015,6,0.349999994,1000,0.8159593544,0.8159594797,1.252634716e-07
LOW SHELF,96000,1000,0.1000000015,6,0.349999994,2000,-0.104068522,-0.1040685651,4.310160811e-08
LOW SHELF,96000,1000,0.1000000015,6,0.349999994,45000,-8.564994035e-06,-8.570366319e-06,5.372284223e-09
LOW SHELF,96000,1000,0.1000000015,6,1,250,6.095849252,6.095849272,1.919645687e-08
LOW SHELF,96000,1000,0.1000000015,6,1,1000,2.999999987,3.000000017,3.002170856e-08
LOW SHELF,96000,1000,0.1000000015,6,1,2000,-0.07254453595,-0.07254459083,5.487859546e-08
LOW SHELF,96000,1000,0.1000000015,6,1,45000,-1.959300389e-05,-1.959275554e-05,2.483428483e-10
LOW SHELF,192000,20,0,-24,1,5,-22.20532718,-22.20532717,7.624700871e-09
LOW SHELF,192000,20,0,-24,1,20,-11.99999999,-12,7.210828379e-09
LOW SHELF,192000,20,0,-24,1,40,-5.471015894,-5.471015899,5.323024466e-09
LOW SHELF,192000,20,0,-24,1,90000,-7.953347905e-08,-3.365607591e-08,4.587740314e-08
LOW SHELF,192000,20,0,0,1,5,0,0,0
LOW SHELF,192000,20,0,0,1,20,0,0,0
LOW SHELF,192000,20,0,0,1,40,0,0,0
LOW SHELF,192000,20,0,0,1,90000,0,0,0
LOW SHELF,192000,20,0,24,1,5,22.20532638,22.20532637,3.37142847e-09
LOW SHELF,192000,20,0,24,1,20,11.99999955,11.99999955,9.762648467e-10
LOW SHELF,192000,20,0,24,1,40,5.471015652,5.471015649,3.175430807e-09
LOW SHELF,192000,20,0,24,1,90000,4.544235035e-09,3.365607385e-08,2.911183881e-08
LOW SHELF,192000,20,0.1000000015,-24,1,5,-24.37487166,-24.37487173,6.296829369e-08
LOW SHELF,192000,20,0.1000000015,-24,1,20,-12.00000001,-12,1.243570624e-08
LOW SHELF,192000,20,0.1000000015,-24,1,40,-1.544622664,-1.544622663,1.233644187e-09
LOW SHELF,192000,20,0.1000000015,-24,1,90000,1.394289453e-08,1.036467454e-08,3.578219992e-09
LOW SHELF,192000,20,0.1000000015,0,1,5,0,0,0
LOW SHELF,192000,20,0.1000000015,0,1,20,0,0,0
LOW SHELF,192000,20,0.1000000015,0,1,40,0,0,0
LOW SHELF,192000,20,0.1000000015,0,1,90000,0,0,0
LOW SHELF,192000,20,0.1000000015,24,1,5,24.37487082,24.37487082,9.475673579e-10
LOW SHELF,192000,20,0.1000000015,24,1,20,11.99999955,11.99999955,1.168926733e-09
LOW SHELF,192000,20,0.1000000015,24,1,40,1.544622438,1.544622447,9.294009617e-09
LOW SHELF,192000,20,0.1000000015,24,1,90000,1.394086751e-08,-1.036467358e-08,2.43055411e-08
LOW SHELF,192000,20,0.6000000238,-24,1,5,-26.08360791,-26.08360794,2.570633395e-08
LOW SHELF,192000,20,0.6000000238,-24,1,20,-12.00000001,-12,9.638720044e-09
LOW SHELF,192000,20,0.6000000238,-24,1,40,7.801769867,7.801769853,1.425535445e-08
LOW SHELF,192000,20,0.6000000238,-24,1,90000,8.556591938e-08,3.116672036e-08,5.439919902e-08
LOW SHELF,192000,20,0.6000000238,0,1,5,0,0,0
LOW SHELF,192000,20,0.6000000238,0,1,20,0,0,0
LOW SHELF,192000,20,0.6000000238,0,1,40,0,0,0
LOW SHELF,192000,20,0.6000000238,0,1,90000,0,0,0
LOW SHELF,192000,20,0.6000000238,24,1,5,26.08360691,26.08360691,1.019623497e-09
LOW SHELF,192000,20,0.6000000238,24,1,20,11.99999955,11.99999955,1.89217797e-09
LOW SHELF,192000,20,0.6000000238,24,1,40,-7.801770048,-7.801770035,1.291601959e-08
LOW SHELF,192000,20,0.6000000238,24,1,90000,-8.25862679e-08,-3.116672047e-08,5.141954742e-08
LOW SHELF,192000,20,1,-24,1,5,-26.2339676,-26.23396765,5.068984343e-08
LOW SHELF,192000,20,1,-24,1,20,-11.99999998,-12,2.058463666e-08
LOW SHELF,192000,20,1,-24,1,40,11.51627228,11.51627227,6.661684537e-09
LOW SHELF,192000,20,1,-24,1,90000,9.405010513e-08,3.260432432e-08,6.144578081e-08
LOW SHELF,192000,20,1,0,1,5,0,0,0
LOW SHELF,192000,20,1,0,1,20,0,0,0
LOW SHELF,192000,20,1,0,1,40,0,0,0
LOW SHELF,192000,20,1,0,1,90000,0,0,0
LOW SHELF,192000,20,1,24,1,5,26.23396661,26.23396661,2.020782652e-09
LOW SHELF,192000,20,1,24,1,20,11.99999956,11.99999955,2.80158563e-09
LOW SHELF,192000,20,1,24,1,40,-11.51627243,-11.51627244,1.549986806e-09
LOW SHELF,192000,20,1,24,1,90000,-9.279029234e-08,-3.260432251e-08,6.018596983e-08
LOW SHELF,192000,100,0,-24,1,25,-22.20532974,-22.20532974,3.435962626e-10
LOW SHELF,192000,100,0,-24,1,100,-11.99999999,-12.00000002,3.099548929e-08
LOW SHELF,192000,100,0,-24,1,200,-5.470996269,-5.470996278,8.036106225e-09
LOW SHELF,192000,100,0,-24,1,90000,-7.774230349e-07,-8.414033071e-07,6.398027221e-08
LOW SHELF,192000,100,0,0,1,25,0,0,0
LOW SHELF,192000,100,0,0,1,100,0,0,0
LOW SHELF,192000,100,0,0,1,200,0,0,0
LOW SHELF,192000,100,0,0,1,90000,0,0,0
LOW SHELF,192000,100,0,24,1,25,22.20532894,22.20532894,4.955946764e-11
LOW SHELF,192000,100,0,24,1,100,11.99999957,11.99999957,1.298294805e-11
LOW SHELF,192000,100,0,24,1,200,5.470996021,5.470996028,6.846952116e-09
LOW SHELF,192000,100,0,24,1,90000,9.336344913e-07,8.414032574e-07,9.223123382e-08
LOW SHELF,192000,100,0.1000000015,-24,1,25,-24.37487156,-24.37487157,5.308297801e-09
LOW SHELF,192000,100,0.1000000015,-24,1,100,-12.00000005,-12.00000003,2.166722268e-08
LOW SHELF,192000,100,0.1000000015,-24,1,200,-1.544599805,-1.544599793,1.26525701e-08
LOW SHELF,192000,100,0.1000000015,-24,1,90000,3.127423215e-07,2.591172647e-07,5.362505674e-08
LOW SHELF,192000,100,0.1000000015,0,1,25,0,0,0
LOW SHELF,192000,100,0.1000000015,0,1,100,0,0,0
LOW SHELF,192000,100,0.1000000015,0,1,200,0,0,0
LOW SHELF,192000,100,0.1000000015,0,1,90000,0,0,0
LOW SHELF,192000,100,0.1000000015,24,1,25,24.37487065,24.37487066,7.263284196e-09
LOW SHELF,192000,100,0.1000000015,24,1,100,11.99999958,11.99999958,2.948927769e-09
LOW SHELF,192000,100,0.1000000015,24,1,200,1.544599604,1.544599577,2.667659421e-08
LOW SHELF,192000,100,0.1000000015,24,1,90000,-3.122987247e-07,-2.591172503e-07,5.318147444e-08
LOW SHELF,192000,100,0.6000000238,-24,1,25,-26.08360423,-26.08360423,1.617852519e-09
LOW SHELF,192000,100,0.6000000238,-24,1,100,-11.99999997,-12.00000004,7.313382833e-08
LOW SHELF,192000,100,0.6000000238,-24,1,200,7.801793436,7.801793458,2.118377007e-08
LOW SHELF,192000,100,0.6000000238,-24,1,90000,7.132917227e-07,7.791694143e-07,6.587769156e-08
LOW SHELF,192000,100,0.6000000238,0,1,25,0,0,0
LOW SHELF,192000,100,0.6000000238,0,1,100,0,0,0
LOW SHELF,192000,100,0.6000000238,0,1,200,0,0,0
LOW SHELF,192000,100,0.6000000238,0,1,90000,0,0,0
LOW SHELF,192000,100,0.6000000238,24,1,25,26.0836032,26.0836032,5.296447725e-09
LOW SHELF,192000,100,0.6000000238,24,1,100,11.99999959,11.99999959,5.16383647e-09
LOW SHELF,192000,100,0.6000000238,24,1,200,-7.801793659,-7.80179364,1.85916591e-08
LOW SHELF,192000,100,0.6000000238,24,1,90000,-6.688861373e-07,-7.791693694e-07,1.102832321e-07
LOW SHELF,192000,100,1,-24,1,25,-26.23396359,-26.23396355,4.744915127e-08
LOW SHELF,192000,100,1,-24,1,100,-12.00000009,-12.00000004,4.601831893e-08
LOW SHELF,192000,100,1,-24,1,200,11.51629407,11.51629408,3.199988274e-09
LOW SHELF,192000,100,1,-24,1,90000,8.342905947e-07,8.151095389e-07,1.918105587e-08
LOW SHELF,192000,100,1,0,1,25,0,0,0
LOW SHELF,192000,100,1,0,1,100,0,0,0
LOW SHELF,192000,100,1,0,1,200,0,0,0
LOW SHELF,192000,100,1,0,1,90000,0,0,0
LOW SHELF,192000,100,1,24,1,25,26.23396251,26.2339625,4.719076685e-09
LOW SHELF,192000,100,1,24,1,100,11.99999958,11.9999996,1.211139855e-08
LOW SHELF,192000,100,1,24,1,200,-11.51629424,-11.51629424,1.757403556e-09
LOW SHELF,192000,100,1,24,1,90000,-8.206953998e-07,-8.151094919e-07,5.585907878e-09
LOW SHELF,192000,500,0,-24,1,125,-22.20539377,-22.20539385,8.338186941e-08
LOW SHELF,192000,500,0,-24,1,500,-11.99999997,-12.00000002,4.414696653e-08
LOW SHELF,192000,500,0,-24,1,1000,-5.470505377,-5.470505417,3.995300402e-08
LOW SHELF,192000,500,0,-24,1,90000,-2.107254968e-05,-2.103595605e-05,3.659362365e-08
LOW SHELF,192000,500,0,0,1,125,0,0,0
LOW SHELF,192000,500,0,0,1,500,0,0,0
LOW SHELF,192000,500,0,0,1,1000,0,0,0
LOW SHELF,192000,500,0,0,1,90000,0,0,0
LOW SHELF,192000,500,0,24,1,125,22.20539306,22.20539305,1.181762599e-08
LOW SHELF,192000,500,0,24,1,500,11.99999957,11.99999957,6.134543984e-09
LOW SHELF,192000,500,0,24,1,1000,5.470505211,5.470505167,4.449456803e-08
LOW SHELF,192000,500,0,24,1,90000,2.101059939e-05,2.103595482e-05,2.535542694e-08
LOW SHELF,192000,500,0.1000000015,-24,1,125,-24.37486729,-24.37486753,2.457599058e-07
LOW SHELF,192000,500,0.1000000015,-24,1,500,-12.00000008,-12.00000003,5.564619476e-08
LOW SHELF,192000,500,0.1000000015,-24,1,1000,-1.544027733,-1.544027711,2.197022037e-08
LOW SHELF,192000,500,0.1000000015,-24,1,90000,6.243941449e-06,6.478186657e-06,2.342452074e-07
LOW SHELF,192000,500,0.1000000015,0,1,125,0,0,0
LOW SHELF,192000,500,0.1000000015,0,1,500,0,0,0
LOW SHELF,192000,500,0.1000000015,0,1,1000,0,0,0
LOW SHELF,192000,500,0.1000000015,0,1,90000,0,0,0
LOW SHELF,192000,500,0.1000000015,24,1,125,24.37486662,24.37486663,6.168883182e-09
LOW SHELF,192000,500,0.1000000015,24,1,500,11.99999951,11.99999958,6.583200074e-08
LOW SHELF,192000,500,0.1000000015,24,1,1000,1.544027535,1.544027496,3.93712638e-08
LOW SHELF,192000,500,0.1000000015,24,1,90000,-6.304713987e-06,-6.478186278e-06,1.734722907e-07
LOW SHELF,192000,500,0.6000000238,-24,1,125,-26.08351164,-26.08351158,6.394591168e-08
LOW SHELF,192000,500,0.6000000238,-24,1,500,-11.99999994,-12.00000004,9.793668854e-08
LOW SHELF,192000,500,0.6000000238,-24,1,1000,7.802383522,7.802383472,4.955104571e-08
LOW SHELF,192000,500,0.6000000238,-24,1,90000,1.944626487e-05,1.948008968e-05,3.382480364e-08
LOW SHELF,192000,500,0.6000000238,0,1,125,0,0,0
LOW SHELF,192000,500,0.6000000238,0,1,500,0,0,0
LOW SHELF,192000,500,0.6000000238,0,1,1000,0,0,0
LOW SHELF,192000,500,0.6000000238,0,1,90000,0,0,0
LOW SHELF,192000,500,0.6000000238,24,1,125,26.08351055,26.08351055,5.681026316e-09
LOW SHELF,192000,500,0.6000000238,24,1,500,11.99999958,11.99999959,1.336939581e-08
LOW SHELF,192000,500,0.6000000238,24,1,1000,-7.802383629,-7.802383654,2.533292243e-08
LOW SHELF,192000,500,0.6000000238,24,1,90000,-1.95353411e-05,-1.948008854e-05,5.525256331e-08
LOW SHELF,192000,500,1,-24,1,125,-26.2338608,-26.23386116,3.610293868e-07
LOW SHELF,192000,500,1,-24,1,500,-11.99999998,-12.00000004,6.384256679e-08
LOW SHELF,192000,500,1,-24,1,1000,11.51683827,11.51683828,1.006082195e-08
LOW SHELF,192000,500,1,-24,1,90000,2.04840822e-05,2.037863577e-05,1.054464281e-07
LOW SHELF,192000,500,1,0,1,125,0,0,0
LOW SHELF,192000,500,1,0,1,500,0,0,0
LOW SHELF,192000,500,1,0,1,1000,0,0,0
LOW SHELF,192000,500,1,0,1,90000,0,0,0
LOW SHELF,192000,500,1,24,1,125,26.23386013,26.23386012,1.216975853e-08
LOW SHELF,192000,500,1,24,1,500,11.99999958,11.9999996,1.136450312e-08
LOW SHELF,192000,500,1,24,1,1000,-11.51683848,-11.51683844,3.718751351e-08
LOW SHELF,192000,500,1,24,1,90000,-2.046296032e-05,-2.037863458e-05,8.432573545e-08
LOW SHELF,192000,1000,0,-24,1,250,-22.20559423,-22.20559419,4.177537516e-08
LOW SHELF,192000,1000,0,-24,1,1000,-11.99999997,-12.00000001,4.108619223e-08
LOW SHELF,192000,1000,0,-24,1,2000,-5.468971148,-5.468971175,2.633850404e-08
LOW SHELF,192000,1000,0,-24,1,90000,-8.412587689e-05,-8.415474264e-05,2.886574826e-08
LOW SHELF,192000,1000,0,0,1,250,0,0,0
LOW SHELF,192000,1000,0,0,1,1000,0,0,0
LOW SHELF,192000,1000,0,0,1,2000,0,0,0
LOW SHELF,192000,1000,0,0,1,90000,0,0,0
LOW SHELF,192000,1000,0,24,1,250,22.20559339,22.20559339,1.898516011e-09
LOW SHELF,192000,1000,0,24,1,1000,11.9999996,11.99999956,4.096313111e-08
LOW SHELF,192000,1000,0,24,1,2000,5.468971024,5.468970925,9.93978222e-08
LOW SHELF,192000,1000,0,24,1,90000,8.409687566e-05,8.415473771e-05,5.786205771e-08
LOW SHELF,192000,1000,0.1000000015,-24,1,250,-24.37485475,-24.37485492,1.722211964e-07
LOW SHELF,192000,1000,0.1000000015,-24,1,1000,-12.00000007,-12.00000001,5.683455262e-08
LOW SHELF,192000,1000,0.1000000015,-24,1,2000,-1.542240074,-1.542240076,1.969859498e-09
LOW SHELF,192000,1000,0.1000000015,-24,1,90000,2.605301097e-05,2.591593474e-05,1.370762224e-07
LOW SHELF,192000,1000,0.1000000015,0,1,250,0,0,0
LOW SHELF,192000,1000,0.1000000015,0,1,1000,0,0,0
LOW SHELF,192000,1000,0.1000000015,0,1,2000,0,0,0
LOW SHELF,192000,1000,0.1000000015,0,1,90000,0,0,0
LOW SHELF,192000,1000,0.1000000015,24,1,250,24.37485401,24.37485401,1.532974636e-09
LOW SHELF,192000,1000,0.1000000015,24,1,1000,11.99999945,11.99999956,1.096789428e-07
LOW SHELF,192000,1000,0.1000000015,24,1,2000,1.542239834,1.542239861,2.671898219e-08
LOW SHELF,192000,1000,0.1000000015,24,1,90000,-2.591232452e-05,-2.591593322e-05,3.608700618e-09
LOW SHELF,192000,1000,0.6000000238,-24,1,250,-26.08322192,-26.08322205,1.286625206e-07
LOW SHELF,192000,1000,0.6000000238,-24,1,1000,-11.99999988,-12.00000002,1.346245355e-07
LOW SHELF,192000,1000,0.6000000238,-24,1,2000,7.804221621,7.804221537,8.397459972e-08
LOW SHELF,192000,1000,0.6000000238,-24,1,90000,7.786012099e-05,7.793103899e-05,7.091799433e-08
LOW SHELF,192000,1000,0.6000000238,0,1,250,0,0,0
LOW SHELF,192000,1000,0.6000000238,0,1,1000,0,0,0
LOW SHELF,192000,1000,0.6000000238,0,1,2000,0,0,0
LOW SHELF,192000,1000,0.6000000238,0,1,90000,0,0,0
LOW SHELF,192000,1000,0.6000000238,24,1,250,26.08322103,26.08322102,6.046388279e-09
LOW SHELF,192000,1000,0.6000000238,24,1,1000,11.99999958,11.99999957,1.104842751e-08
LOW SHELF,192000,1000,0.6000000238,24,1,2000,-7.804221672,-7.804221717,4.496164907e-08
LOW SHELF,192000,1000,0.6000000238,24,1,90000,-7.799862448e-05,-7.793103443e-05,6.759005652e-08
LOW SHELF,192000,1000,1,-24,1,250,-26.23354127,-26.23354124,3.13529549e-08
LOW SHELF,192000,1000,1,-24,1,1000,-12.00000002,-12.00000002,7.621143716e-09
LOW SHELF,192000,1000,1,-24,1,2000,11.51852461,11.5185246,6.096838145e-09
LOW SHELF,192000,1000,1,-24,1,90000,8.151500612e-05,8.152576073e-05,1.075461321e-08
LOW SHELF,192000,1000,1,0,1,250,0,0,0
LOW SHELF,192000,1000,1,0,1,1000,0,0,0
LOW SHELF,192000,1000,1,0,1,2000,0,0,0
LOW SHELF,192000,1000,1,0,1,90000,0,0,0
LOW SHELF,192000,1000,1,24,1,250,26.2335402,26.2335402,7.520970513e-10
LOW SHELF,192000,1000,1,24,1,1000,11.99999953,11.99999957,3.35147603e-08
LOW SHELF,192000,1000,1,24,1,2000,-11.51852469,-11.51852476,7.129994772e-08
LOW SHELF,192000,1000,1,24,1,90000,-8.163815101e-05,-8.152575596e-05,1.123950516e-07
LOW SHELF,192000,5000,0,-24,1,1246.753247,-22.22026694,-22.22026669,2.552760936e-07
LOW SHELF,192000,5000,0,-24,1,4923.076923,-12.1618936,-12.16189381,2.039203393e-07
LOW SHELF,192000,5000,0,-24,1,10200,-5.267883312,-5.267883268,4.385799124e-08
LOW SHELF,192000,5000,0,-24,1,90000,-0.002112766123,-0.002112634985,1.311376762e-07
LOW SHELF,192000,5000,0,0,1,1246.753247,0,0,0
LOW SHELF,192000,5000,0,0,1,4923.076923,0,0,0
LOW SHELF,192000,5000,0,0,1,10200,0,0,0
LOW SHELF,192000,5000,0,0,1,90000,0,0,0
LOW SHELF,192000,5000,0,24,1,1246.753247,22.22026593,22.22026589,4.047046964e-08
LOW SHELF,192000,5000,0,24,1,4923.076923,12.16189336,12.16189335,4.475481319e-09
LOW SHELF,192000,5000,0,24,1,10200,5.267883029,5.267883026,3.306666052e-09
LOW SHELF,192000,5000,0,24,1,90000,0.002112587226,0.002112634862,4.763598875e-08
LOW SHELF,192000,5000,0.1000000015,-24,1,1246.753247,-24.37390703,-24.37390718,1.49176512e-07
LOW SHELF,192000,5000,0.1000000015,-24,1,4923.076923,-12.27899865,-12.27899844,2.160906027e-07
LOW SHELF,192000,5000,0.1000000015,-24,1,10200,-1.314234703,-1.314234698,4.666274589e-09
LOW SHELF,192000,5000,0.1000000015,-24,1,90000,0.0006504455648,0.0006504573207,1.175596479e-08
LOW SHELF,192000,5000,0.1000000015,0,1,1246.753247,0,0,0
LOW SHELF,192000,5000,0.1000000015,0,1,4923.076923,0,0,0
LOW SHELF,192000,5000,0.1000000015,0,1,10200,0,0,0
LOW SHELF,192000,5000,0.1000000015,0,1,90000,0,0,0
LOW SHELF,192000,5000,0.1000000015,24,1,1246.753247,24.37390623,24.37390628,4.396753273e-08
LOW SHELF,192000,5000,0.1000000015,24,1,4923.076923,12.27899803,12.27899799,3.919088609e-08
LOW SHELF,192000,5000,0.1000000015,24,1,10200,1.314234498,1.3142345,1.554447682e-09
LOW SHELF,192000,5000,0.1000000015,24,1,90000,-0.0006503036954,-0.0006504572827,1.535872516e-07
LOW SHELF,192000,5000,0.6000000238,-24,1,1246.753247,-26.06205832,-26.06205869,3.631155119e-07
LOW SHELF,192000,5000,0.6000000238,-24,1,4923.076923,-12.42396214,-12.42396242,2.825954581e-07
LOW SHELF,192000,5000,0.6000000238,-24,1,10200,7.964368585,7.964368603,1.703920871e-08
LOW SHELF,192000,5000,0.6000000238,-24,1,90000,0.001956928794,0.00195685355,7.524327158e-08
LOW SHELF,192000,5000,0.6000000238,0,1,1246.753247,0,0,0
LOW SHELF,192000,5000,0.6000000238,0,1,4923.076923,0,0,0
LOW SHELF,192000,5000,0.6000000238,0,1,10200,0,0,0
LOW SHELF,192000,5000,0.6000000238,0,1,90000,0,0,0
LOW SHELF,192000,5000,0.6000000238,24,1,1246.753247,26.06205762,26.06205766,3.890023059e-08
LOW SHELF,192000,5000,0.6000000238,24,1,4923.076923,12.42396199,12.42396198,1.304262476e-08
LOW SHELF,192000,5000,0.6000000238,24,1,10200,-7.96436863,-7.964368627,3.256498182e-09
LOW SHELF,192000,5000,0.6000000238,24,1,90000,-0.001956778244,-0.001956853436,7.519200066e-08
LOW SHELF,192000,5000,1,-24,1,1246.753247,-26.21016504,-26.21016447,5.723629926e-07
LOW SHELF,192000,5000,1,-24,1,4923.076923,-12.43975781,-12.439758,1.904989189e-07
LOW SHELF,192000,5000,1,-24,1,10200,11.54877895,11.54877891,3.486033506e-08
LOW SHELF,192000,5000,1,-24,1,90000,0.002047135955,0.002047153354,1.739945401e-08
LOW SHELF,192000,5000,1,0,1,1246.753247,0,0,0
LOW SHELF,192000,5000,1,0,1,4923.076923,0,0,0
LOW SHELF,192000,5000,1,0,1,10200,0,0,0
LOW SHELF,192000,5000,1,0,1,90000,0,0,0
LOW SHELF,192000,5000,1,24,1,1246.753247,26.21016344,26.21016343,5.136918446e-09
LOW SHELF,192000,5000,1,24,1,4923.076923,12.43975749,12.43975756,7.182729034e-08
LOW SHELF,192000,5000,1,24,1,10200,-11.54877869,-11.54877871,2.296155532e-08
LOW SHELF,192000,5000,1,24,1,90000,-0.002047164644,-0.002047153235,1.140943387e-08
LOW SHELF,192000,10000,0,-24,1,2493.506494,-22.24022674,-22.24022666,8.735537538e-08
LOW SHELF,192000,10000,0,-24,1,10200,-11.79034028,-11.79034024,3.798084025e-08
LOW SHELF,192000,10000,0,-24,1,20250,-5.163501702,-5.16350171,8.256254347e-09
LOW SHELF,192000,10000,0,-24,1,90000,-0.008561711978,-0.008561718238,6.260221859e-09
LOW SHELF,192000,10000,0,0,1,2493.506494,0,0,0
LOW SHELF,192000,10000,0,0,1,10200,0,0,0
LOW SHELF,192000,10000,0,0,1,20250,0,0,0
LOW SHELF,192000,10000,0,0,1,90000,0,0,0
LOW SHELF,192000,10000,0,24,1,2493.506494,22.24022591,22.24022585,6.063685909e-08
LOW SHELF,192000,10000,0,24,1,10200,11.79033982,11.7903398,2.732385207e-08
LOW SHELF,192000,10000,0,24,1,20250,5.1635015,5.163501471,2.819060541e-08
LOW SHELF,192000,10000,0,24,1,90000,0.008561720054,0.008561717737,2.316358092e-09
LOW SHELF,192000,10000,0.1000000015,-24,1,2493.506494,-24.37254199,-24.37254204,4.980320956e-08
LOW SHELF,192000,10000,0.1000000015,-24,1,10200,-11.63868684,-11.63868696,1.257385756e-07
LOW SHELF,192000,10000,0.1000000015,-24,1,20250,-1.200952054,-1.200952051,3.549045363e-09
LOW SHELF,192000,10000,0.1000000015,-24,1,90000,0.002634161119,0.002634242006,8.088706443e-08
LOW SHELF,192000,10000,0.1000000015,0,1,2493.506494,0,0,0
LOW SHELF,192000,10000,0.1000000015,0,1,10200,0,0,0
LOW SHELF,192000,10000,0.1000000015,0,1,20250,0,0,0
LOW SHELF,192000,10000,0.1000000015,0,1,90000,0,0,0
LOW SHELF,192000,10000,0.1000000015,24,1,2493.506494,24.37254116,24.37254113,2.903402407e-08
LOW SHELF,192000,10000,0.1000000015,24,1,10200,11.63868654,11.63868651,2.927492071e-08
LOW SHELF,192000,10000,0.1000000015,24,1,20250,1.200951796,1.200951861,6.592370075e-08
LOW SHELF,192000,10000,0.1000000015,24,1,90000,-0.002634292776,-0.002634241852,5.092447422e-08
LOW SHELF,192000,10000,0.6000000238,-24,1,2493.506494,-26.03339948,-26.03339893,5.522096522e-07
LOW SHELF,192000,10000,0.6000000238,-24,1,10200,-11.45089558,-11.45089562,4.150602573e-08
LOW SHELF,192000,10000,0.6000000238,-24,1,20250,7.984630318,7.984630321,2.701253443e-09
LOW SHELF,192000,10000,0.6000000238,-24,1,90000,0.007936472936,0.0079363198,1.531368129e-07
LOW SHELF,192000,10000,0.6000000238,0,1,2493.506494,0,0,0
LOW SHELF,192000,10000,0.6000000238,0,1,10200,0,0,0
LOW SHELF,192000,10000,0.6000000238,0,1,20250,0,0,0
LOW SHELF,192000,10000,0.6000000238,0,1,90000,0,0,0
LOW SHELF,192000,10000,0.6000000238,24,1,2493.506494,26.03339794,26.0333979,3.923981851e-08
LOW SHELF,192000,10000,0.6000000238,24,1,10200,11.4508951,11.45089516,5.579545714e-08
LOW SHELF,192000,10000,0.6000000238,24,1,20250,-7.984630226,-7.984630269,4.360595662e-08
LOW SHELF,192000,10000,0.6000000238,24,1,90000,-0.007936306823,-0.007936319335,1.251170572e-08
LOW SHELF,192000,10000,1,-24,1,2493.506494,-26.17853494,-26.17853527,3.327776135e-07
LOW SHELF,192000,10000,1,-24,1,10200,-11.43042665,-11.43042677,1.124894964e-07
LOW SHELF,192000,10000,1,-24,1,20250,11.42390428,11.42390428,2.896887175e-10
LOW SHELF,192000,10000,1,-24,1,90000,0.008302993068,0.008303010872,1.780376186e-08
LOW SHELF,192000,10000,1,0,1,2493.506494,0,0,0
LOW SHELF,192000,10000,1,0,1,10200,0,0,0
LOW SHELF,192000,10000,1,0,1,20250,0,0,0
LOW SHELF,192000,10000,1,0,1,90000,0,0,0
LOW SHELF,192000,10000,1,24,1,2493.506494,26.17853426,26.17853423,2.637636243e-08
LOW SHELF,192000,10000,1,24,1,10200,11.43042637,11.4304263,6.187717272e-08
LOW SHELF,192000,10000,1,24,1,20250,-11.42390397,-11.42390392,4.888282401e-08
LOW SHELF,192000,10000,1,24,1,90000,-0.008302916902,-0.008303010386,9.348390946e-08
LOW SHELF,192000,20000,0,-24,1,4923.076923,-22.35867805,-22.35867839,3.418590504e-07
LOW SHELF,192000,20000,0,-24,1,20250,-11.86102122,-11.86102117,4.843658274e-08
LOW SHELF,192000,20000,0,-24,1,39750,-4.645111218,-4.645111181,3.686966144e-08
LOW SHELF,192000,20000,0,-24,1,90000,-0.03612801755,-0.03612794541,7.213995357e-08
LOW SHELF,192000,20000,0,0,1,4923.076923,0,0,0
LOW SHELF,192000,20000,0,0,1,20250,0,0,0
LOW SHELF,192000,20000,0,0,1,39750,0,0,0
LOW SHELF,192000,20000,0,0,1,90000,0,0,0
LOW SHELF,192000,20000,0,24,1,4923.076923,22.35867757,22.35867759,1.287775131e-08
LOW SHELF,192000,20000,0,24,1,20250,11.86102075,11.86102073,2.008365474e-08
LOW SHELF,192000,20000,0,24,1,39750,4.645110949,4.645110962,1.282136886e-08
LOW SHELF,192000,20000,0,24,1,90000,0.03612785715,0.0361279433,8.61563763e-08
LOW SHELF,192000,20000,0.1000000015,-24,1,4923.076923,-24.36268716,-24.36268507,2.086738733e-06
LOW SHELF,192000,20000,0.1000000015,-24,1,20250,-11.76049133,-11.76049127,6.163052912e-08
LOW SHELF,192000,20000,0.1000000015,-24,1,39750,-0.6932657488,-0.6932657328,1.591032497e-08
LOW SHELF,192000,20000,0.1000000015,-24,1,90000,0.0110825609,0.01108259171,3.081075572e-08
LOW SHELF,192000,20000,0.1000000015,0,1,4923.076923,0,0,0
LOW SHELF,192000,20000,0.1000000015,0,1,20250,0,0,0
LOW SHELF,192000,20000,0.1000000015,0,1,39750,0,0,0
LOW SHELF,192000,20000,0.1000000015,0,1,90000,0,0,0
LOW SHELF,192000,20000,0.1000000015,24,1,4923.076923,24.36268417,24.36268416,3.947163485e-09
LOW SHELF,192000,20000,0.1000000015,24,1,20250,11.76049082,11.76049083,3.970427986e-09
LOW SHELF,192000,20000,0.1000000015,24,1,39750,0.6932655922,0.6932655878,4.351608351e-09
LOW SHELF,192000,20000,0.1000000015,24,1,90000,-0.01108249915,-0.01108259107,9.191664645e-08
LOW SHELF,192000,20000,0.6000000238,-24,1,4923.076923,-25.86636141,-25.86635952,1.888192871e-06
LOW SHELF,192000,20000,0.6000000238,-24,1,20250,-11.63606047,-11.6360605,3.457586484e-08
LOW SHELF,192000,20000,0.6000000238,-24,1,39750,7.540427251,7.540427287,3.614897359e-08
LOW SHELF,192000,20000,0.6000000238,-24,1,90000,0.03359612331,0.03359620221,7.889410672e-08
LOW SHELF,192000,20000,0.6000000238,0,1,4923.076923,0,0,0
LOW SHELF,192000,20000,0.6000000238,0,1,20250,0,0,0
LOW SHELF,192000,20000,0.6000000238,0,1,39750,0,0,0
LOW SHELF,192000,20000,0.6000000238,0,1,90000,0,0,0
LOW SHELF,192000,20000,0.6000000238,24,1,4923.076923,25.86635854,25.8663585,3.194266096e-08
LOW SHELF,192000,20000,0.6000000238,24,1,20250,11.63606,11.63606005,4.793447683e-08
LOW SHELF,192000,20000,0.6000000238,24,1,39750,-7.540426938,-7.54042697,3.1323792e-08
LOW SHELF,192000,20000,0.6000000238,24,1,90000,-0.03359636112,-0.03359620024,1.608801839e-07
LOW SHELF,192000,20000,1,-24,1,4923.076923,-25.99481204,-25.99481342,1.371988372e-06
LOW SHELF,192000,20000,1,-24,1,20250,-11.62250403,-11.62250399,3.958855066e-08
LOW SHELF,192000,20000,1,-24,1,39750,9.902976348,9.902976351,3.076319199e-09
LOW SHELF,192000,20000,1,-24,1,90000,0.03515708664,0.03515698768,9.89660107e-08
LOW SHELF,192000,20000,1,0,1,4923.076923,0,0,0
LOW SHELF,192000,20000,1,0,1,20250,0,0,0
LOW SHELF,192000,20000,1,0,1,39750,0,0,0
LOW SHELF,192000,20000,1,0,1,90000,0,0,0
LOW SHELF,192000,20000,1,24,1,4923.076923,25.99481244,25.99481239,5.153387761e-08
LOW SHELF,192000,20000,1,24,1,20250,11.62250355,11.62250354,1.670974425e-08
LOW SHELF,192000,20000,1,24,1,39750,-9.902975615,-9.902975652,3.714552643e-08
LOW SHELF,192000,20000,1,24,1,90000,-0.03515691037,-0.03515698561,7.524419528e-08
LOW SHELF,192000,1000,0.1000000015,6,0,250,0,0,0
LOW SHELF,192000,1000,0.1000000015,6,0,1000,0,0,0
LOW SHELF,192000,1000,0.1000000015,6,0,2000,0,0,0
LOW SHELF,192000,1000,0.1000000015,6,0,90000,0,0,0
LOW SHELF,192000,1000,0.1000000015,6,0.349999994,250,2.63200801,2.632008006,3.746795318e-09
LOW SHELF,192000,1000,0.1000000015,6,0.349999994,1000,0.8159594455,0.815959474,2.853289696e-08
LOW SHELF,192000,1000,0.1000000015,6,0.349999994,2000,-0.1040482152,-0.1040482405,2.525202996e-08
LOW SHELF,192000,1000,0.1000000015,6,0.349999994,90000,-2.119213653e-06,-2.14147145e-06,2.225779719e-08
LOW SHELF,192000,1000,0.1000000015,6,1,250,6.095885774,6.095885775,7.522091838e-10
LOW SHELF,192000,1000,0.1000000015,6,1,1000,2.999999997,3.000000003,6.038237244e-09
LOW SHELF,192000,1000,0.1000000015,6,1,2000,-0.0719504282,-0.07195037174,5.645495206e-08
LOW SHELF,192000,1000,0.1000000015,6,1,90000,-4.868787881e-06,-4.895672479e-06,2.688459795e-08
HIGH SHELF,44100,20,0,-24,1,5,-1.794670911,-1.79467091,1.075606548e-09
HIGH SHELF,44100,20,0,-24,1,20,-11.99999998,-12,2.215219386e-08
HIGH SHELF,44100,20,0,-24,1,39.98186763,-18.52553453,-18.52553454,9.88689175e-09
HIGH SHELF,44100,20,0,-24,1,20671.875,-24.00000115,-23.99999936,1.783417862e-06
HIGH SHELF,44100,20,0,0,1,5,0,0,0
HIGH SHELF,44100,20,0,0,1,20,0,0,0
HIGH SHELF,44100,20,0,0,1,39.98186763,0,0,0
HIGH SHELF,44100,20,0,0,1,20671.875,0,0,0
HIGH SHELF,44100,20,0,24,1,5,1.794670813,1.794670813,9.38950584e-11
HIGH SHELF,44100,20,0,24,1,20,11.99999954,11.99999955,1.363435764e-08
HIGH SHELF,44100,20,0,24,1,39.98186763,18.52553389,18.52553389,1.2205712e-09
HIGH SHELF,44100,20,0,24,1,20671.875,23.9999984,23.99999847,6.290927423e-08
HIGH SHELF,44100,20,0.1000000015,-24,1,5,0.3748716057,0.3748716056,7.92406557e-11
HIGH SHELF,44100,20,0.1000000015,-24,1,20,-12,-12,1.349422796e-09
HIGH SHELF,44100,20,0.1000000015,-24,1,39.98186763,-22.45135491,-22.45135492,4.8408344e-09
HIGH SHELF,44100,20,0.1000000015,-24,1,20671.875,-24.00000118,-24.0000002,9.793284406e-07
HIGH SHELF,44100,20,0.1000000015,0,1,5,0,0,0
HIGH SHELF,44100,20,0.1000000015,0,1,20,0,0,0
HIGH SHELF,44100,20,0.1000000015,0,1,39.98186763,0,0,0
HIGH SHELF,44100,20,0.1000000015,0,1,20671.875,0,0,0
HIGH SHELF,44100,20,0.1000000015,24,1,5,-0.3748715967,-0.3748715963,3.871116483e-10
HIGH SHELF,44100,20,0.1000000015,24,1,20,11.99999955,11.99999955,2.780060626e-10
HIGH SHELF,44100,20,0.1000000015,24,1,39.98186763,22.45135423,22.45135424,7.780167621e-10
HIGH SHELF,44100,20,0.1000000015,24,1,20671.875,23.99999937,23.9999993,6.456610002e-08
HIGH SHELF,44100,20,0.6000000238,-24,1,5,2.083605165,2.083605167,1.742687938e-09
HIGH SHELF,44100,20,0.6000000238,-24,1,20,-12.00000001,-12,1.021433294e-08
HIGH SHELF,44100,20,0.6000000238,-24,1,39.98186763,-31.79759638,-31.79759656,1.897713995e-07
HIGH SHELF,44100,20,0.6000000238,-24,1,20671.875,-24.00000018,-24.00000059,4.117683892e-07
HIGH SHELF,44100,20,0.6000000238,0,1,5,0,0,0
HIGH SHELF,44100,20,0.6000000238,0,1,20,0,0,0
HIGH SHELF,44100,20,0.6000000238,0,1,39.98186763,0,0,0
HIGH SHELF,44100,20,0.6000000238,0,1,20671.875,0,0,0
HIGH SHELF,44100,20,0.6000000238,24,1,5,-2.083605033,-2.083605034,1.705008801e-09
HIGH SHELF,44100,20,0.6000000238,24,1,20,11.99999954,11.99999955,1.104238345e-08
HIGH SHELF,44100,20,0.6000000238,24,1,39.98186763,31.79759586,31.79759585,7.466116614e-09
HIGH SHELF,44100,20,0.6000000238,24,1,20671.875,23.99999973,23.9999997,3.786042857e-08
HIGH SHELF,44100,20,1,-24,1,5,2.23396459,2.233964585,5.665670877e-09
HIGH SHELF,44100,20,1,-24,1,20,-12.00000006,-12,6.415624521e-08
HIGH SHELF,44100,20,1,-24,1,39.98186763,-35.51238285,-35.51238313,2.814227393e-07
HIGH SHELF,44100,20,1,-24,1,20671.875,-24.00000234,-24.00000062,1.724166569e-06
HIGH SHELF,44100,20,1,0,1,5,0,0,0
HIGH SHELF,44100,20,1,0,1,20,0,0,0
HIGH SHELF,44100,20,1,0,1,39.98186763,0,0,0
HIGH SHELF,44100,20,1,0,1,20671.875,0,0,0
HIGH SHELF,44100,20,1,24,1,5,-2.233964441,-2.233964439,1.458014764e-09
HIGH SHELF,44100,20,1,24,1,20,11.99999952,11.99999955,3.308765617e-08
HIGH SHELF,44100,20,1,24,1,39.98186763,35.5123824,35.5123824,7.759020093e-10
HIGH SHELF,44100,20,1,24,1,20671.875,23.99999975,23.99999972,2.790310027e-08
HIGH SHELF,44100,100,0,-24,1,25,-1.794622195,-1.794622208,1.295185115e-08
HIGH SHELF,44100,100,0,-24,1,100,-11.99999968,-11.99999969,1.479388345e-08
HIGH SHELF,44100,100,0,-24,1,199.5475113,-18.5120496,-18.5120498,2.06977488e-07
HIGH SHELF,44100,100,0,-24,1,20671.875,-23.99998559,-23.99998405,1.538094906e-06
HIGH SHELF,44100,100,0,0,1,25,0,0,0
HIGH SHELF,44100,100,0,0,1,100,0,0,0
HIGH SHELF,44100,100,0,0,1,199.5475113,0,0,0
HIGH SHELF,44100,100,0,0,1,20671.875,0,0,0
HIGH SHELF,44100,100,0,24,1,25,1.794622104,1.794622112,8.12381673e-09
HIGH SHELF,44100,100,0,24,1,100,11.99999924,11.99999924,8.891251291e-09
HIGH SHELF,44100,100,0,24,1,199.5475113,18.51204918,18.51204916,1.945189076e-08
HIGH SHELF,44100,100,0,24,1,20671.875,23.99998314,23.99998316,1.622810597e-08
HIGH SHELF,44100,100,0.1000000015,-24,1,25,0.3748685258,0.3748685413,1.550897223e-08
HIGH SHELF,44100,100,0.1000000015,-24,1,100,-11.99999947,-11.99999947,2.334545002e-09
HIGH SHELF,44100,100,0.1000000015,-24,1,199.5475113,-22.43559636,-22.43559633,2.891257989e-08
HIGH SHELF,44100,100,0.1000000015,-24,1,20671.875,-24.00000445,-24.00000491,4.610086011e-07
HIGH SHELF,44100,100,0.1000000015,0,1,25,0,0,0
HIGH SHELF,44100,100,0.1000000015,0,1,100,0,0,0
HIGH SHELF,44100,100,0.1000000015,0,1,199.5475113,0,0,0
HIGH SHELF,44100,100,0.1000000015,0,1,20671.875,0,0,0
HIGH SHELF,44100,100,0.1000000015,24,1,25,-0.3748685414,-0.374868532,9.457215233e-09
HIGH SHELF,44100,100,0.1000000015,24,1,100,11.99999902,11.99999902,2.025046353e-09
HIGH SHELF,44100,100,0.1000000015,24,1,199.5475113,22.43559568,22.43559565,2.841206115e-08
HIGH SHELF,44100,100,0.1000000015,24,1,20671.875,24.00000404,24.00000402,2.454909076e-08
HIGH SHELF,44100,100,0.6000000238,-24,1,25,2.083534789,2.083534781,8.549354613e-09
HIGH SHELF,44100,100,0.6000000238,-24,1,100,-11.99999917,-11.99999919,2.697617063e-08
HIGH SHELF,44100,100,0.6000000238,-24,1,199.5475113,-31.78083597,-31.78083581,1.563779284e-07
HIGH SHELF,44100,100,0.6000000238,-24,1,20671.875,-24.00001594,-24.00001477,1.170711124e-06
HIGH SHELF,44100,100,0.6000000238,0,1,25,0,0,0
HIGH SHELF,44100,100,0.6000000238,0,1,100,0,0,0
HIGH SHELF,44100,100,0.6000000238,0,1,199.5475113,0,0,0
HIGH SHELF,44100,100,0.6000000238,0,1,20671.875,0,0,0
HIGH SHELF,44100,100,0.6000000238,24,1,25,-2.083534657,-2.083534649,8.216255343e-09
HIGH SHELF,44100,100,0.6000000238,24,1,100,11.99999877,11.99999875,2.200022653e-08
HIGH SHELF,44100,100,0.6000000238,24,1,199.5475113,31.78083512,31.78083511,8.222501791e-09
HIGH SHELF,44100,100,0.6000000238,24,1,20671.875,24.00001378,24.00001387,9.056036987e-08
HIGH SHELF,44100,100,1,-24,1,25,2.233886808,2.233886807,3.291679707e-10
HIGH SHELF,44100,100,1,-24,1,100,-11.99999915,-11.99999916,1.901089286e-08
HIGH SHELF,44100,100,1,-24,1,199.5475113,-35.49610523,-35.49610536,1.36226217e-07
HIGH SHELF,44100,100,1,-24,1,20671.875,-24.00001405,-24.00001545,1.403034733e-06
HIGH SHELF,44100,100,1,0,1,25,0,0,0
HIGH SHELF,44100,100,1,0,1,100,0,0,0
HIGH SHELF,44100,100,1,0,1,199.5475113,0,0,0
HIGH SHELF,44100,100,1,0,1,20671.875,0,0,0
HIGH SHELF,44100,100,1,24,1,25,-2.233886659,-2.233886662,2.44200804e-09
HIGH SHELF,44100,100,1,24,1,100,11.99999873,11.99999872,1.665577454e-08
HIGH SHELF,44100,100,1,24,1,199.5475113,35.49610467,35.49610466,7.007148639e-09
HIGH SHELF,44100,100,1,24,1,20671.875,24.00001447,24.00001456,8.655090422e-08
HIGH SHELF,44100,500,0,-24,1,124.9291785,-1.791599508,-1.791599507,8.899028736e-10
HIGH SHELF,44100,500,0,-24,1,495.505618,-11.90604705,-11.90604704,6.064397873e-09
HIGH SHELF,44100,500,0,-24,1,980,-18.38263569,-18.3826356,9.614213337e-08
HIGH SHELF,44100,500,0,-24,1,20671.875,-23.99960084,-23.99960095,1.175896553e-07
HIGH SHELF,44100,500,0,0,1,124.9291785,0,0,0
HIGH SHELF,44100,500,0,0,1,495.505618,0,0,0
HIGH SHELF,44100,500,0,0,1,980,0,0,0
HIGH SHELF,44100,500,0,0,1,20671.875,0,0,0
HIGH SHELF,44100,500,0,24,1,124.9291785,1.791599424,1.791599411,1.356187762e-08
HIGH SHELF,44100,500,0,24,1,495.505618,11.90604667,11.90604659,7.528411317e-08
HIGH SHELF,44100,500,0,24,1,980,18.38263497,18.38263496,1.219017109e-08
HIGH SHELF,44100,500,0,24,1,20671.875,23.99960007,23.99960006,1.621012569e-08
HIGH SHELF,44100,500,0.1000000015,-24,1,124.9291785,0.3746773439,0.3746773259,1.797072187e-08
HIGH SHELF,44100,500,0.1000000015,-24,1,495.505618,-11.83808597,-11.83808581,1.629023734e-07
HIGH SHELF,44100,500,0.1000000015,-24,1,980,-22.28161029,-22.28161023,5.667642977e-08
HIGH SHELF,44100,500,0.1000000015,-24,1,20671.875,-24.00012218,-24.00012289,7.044013968e-07
HIGH SHELF,44100,500,0.1000000015,0,1,124.9291785,0,0,0
HIGH SHELF,44100,500,0.1000000015,0,1,495.505618,0,0,0
HIGH SHELF,44100,500,0.1000000015,0,1,980,0,0,0
HIGH SHELF,44100,500,0.1000000015,0,1,20671.875,0,0,0
HIGH SHELF,44100,500,0.1000000015,24,1,124.9291785,-0.374677303,-0.3746773166,1.354819937e-08
HIGH SHELF,44100,500,0.1000000015,24,1,495.505618,11.83808544,11.83808536,8.01726987e-08
HIGH SHELF,44100,500,0.1000000015,24,1,980,22.28160961,22.28160956,5.165649153e-08
HIGH SHELF,44100,500,0.1000000015,24,1,20671.875,24.00012212,24.00012199,1.306990178e-07
HIGH SHELF,44100,500,0.6000000238,-24,1,124.9291785,2.079167982,2.079167989,7.687867121e-09
HIGH SHELF,44100,500,0.6000000238,-24,1,495.505618,-11.7539826,-11.75398262,2.168867708e-08
HIGH SHELF,44100,500,0.6000000238,-24,1,980,-31.58449128,-31.58448977,1.504763644e-06
HIGH SHELF,44100,500,0.6000000238,-24,1,20671.875,-24.00036942,-24.00036955,1.269331014e-07
HIGH SHELF,44100,500,0.6000000238,0,1,124.9291785,0,0,0
HIGH SHELF,44100,500,0.6000000238,0,1,495.505618,0,0,0
HIGH SHELF,44100,500,0.6000000238,0,1,980,0,0,0
HIGH SHELF,44100,500,0.6000000238,0,1,20671.875,0,0,0
HIGH SHELF,44100,500,0.6000000238,24,1,124.9291785,-2.079167857,-2.079167857,4.054928615e-10
HIGH SHELF,44100,500,0.6000000238,24,1,495.505618,11.75398218,11.75398217,4.80439466e-09
HIGH SHELF,44100,500,0.6000000238,24,1,980,31.58448916,31.58448917,8.999347045e-09
HIGH SHELF,44100,500,0.6000000238,24,1,20671.875,24.00036866,24.00036865,7.20779969e-09
HIGH SHELF,44100,500,1,-24,1,124.9291785,2.229061825,2.229061809,1.577928693e-08
HIGH SHELF,44100,500,1,-24,1,495.505618,-11.74482163,-11.74482151,1.160978145e-07
HIGH SHELF,44100,500,1,-24,1,980,-35.25490847,-35.2549101,1.629736252e-06
HIGH SHELF,44100,500,1,-24,1,20671.875,-24.00038575,-24.0003866,8.446634476e-07
HIGH SHELF,44100,500,1,0,1,124.9291785,0,0,0
HIGH SHELF,44100,500,1,0,1,495.505618,0,0,0
HIGH SHELF,44100,500,1,0,1,980,0,0,0
HIGH SHELF,44100,500,1,0,1,20671.875,0,0,0
HIGH SHELF,44100,500,1,24,1,124.9291785,-2.229061675,-2.229061664,1.108102315e-08
HIGH SHELF,44100,500,1,24,1,495.505618,11.7448211,11.74482106,4.416730093e-08
HIGH SHELF,44100,500,1,24,1,980,35.25490958,35.25490963,5.612976128e-08
HIGH SHELF,44100,500,1,24,1,20671.875,24.00038571,24.0003857,1.284387707e-08
HIGH SHELF,44100,1000,0,-24,1,249.1525424,-1.77882207,-1.778822074,4.620320515e-09
HIGH SHELF,44100,1000,0,-24,1,980,-11.7892794,-11.78927942,2.185771164e-08
HIGH SHELF,44100,1000,0,-24,1,2037.228261,-18.70890319,-18.70890336,1.738236151e-07
HIGH SHELF,44100,1000,0,-24,1,20671.875,-23.9983997,-23.99839987,1.752946952e-07
HIGH SHELF,44100,1000,0,0,1,249.1525424,0,0,0
HIGH SHELF,44100,1000,0,0,1,980,0,0,0
HIGH SHELF,44100,1000,0,0,1,2037.228261,0,0,0
HIGH SHELF,44100,1000,0,0,1,20671.875,0,0,0
HIGH SHELF,44100,1000,0,24,1,249.1525424,1.778822,1.778821979,2.148007305e-08
HIGH SHELF,44100,1000,0,24,1,980,11.78927902,11.78927898,3.944328242e-08
HIGH SHELF,44100,1000,0,24,1,2037.228261,18.7089027,18.70890271,4.786143037e-09
HIGH SHELF,44100,1000,0,24,1,20671.875,23.99839896,23.99839898,1.820768425e-08
HIGH SHELF,44100,1000,0.1000000015,-24,1,249.1525424,0.3738467546,0.3738467593,4.672049247e-09
HIGH SHELF,44100,1000,0.1000000015,-24,1,980,-11.63685891,-11.63685888,2.86207853e-08
HIGH SHELF,44100,1000,0.1000000015,-24,1,2037.228261,-22.66009372,-22.66009362,9.297476211e-08
HIGH SHELF,44100,1000,0.1000000015,-24,1,20671.875,-24.00049273,-24.00049269,3.97734965e-08
HIGH SHELF,44100,1000,0.1000000015,0,1,249.1525424,0,0,0
HIGH SHELF,44100,1000,0.1000000015,0,1,980,0,0,0
HIGH SHELF,44100,1000,0.1000000015,0,1,2037.228261,0,0,0
HIGH SHELF,44100,1000,0.1000000015,0,1,20671.875,0,0,0
HIGH SHELF,44100,1000,0.1000000015,24,1,249.1525424,-0.373846757,-0.3738467497,7.285667111e-09
HIGH SHELF,44100,1000,0.1000000015,24,1,980,11.63685849,11.63685843,5.748999543e-08
HIGH SHELF,44100,1000,0.1000000015,24,1,2037.228261,22.66009295,22.66009293,2.091238027e-08
HIGH SHELF,44100,1000,0.1000000015,24,1,20671.875,24.00049178,24.00049179,1.124878146e-08
HIGH SHELF,44100,1000,0.6000000238,-24,1,249.1525424,2.060746994,2.060747007,1.302385466e-08
HIGH SHELF,44100,1000,0.6000000238,-24,1,980,-11.44811578,-11.44811594,1.664933387e-07
HIGH SHELF,44100,1000,0.6000000238,-24,1,2037.228261,-31.95408159,-31.9540821,5.124123321e-07
HIGH SHELF,44100,1000,0.6000000238,-24,1,20671.875,-24.00148163,-24.00148205,4.23496016e-07
HIGH SHELF,44100,1000,0.6000000238,0,1,249.1525424,0,0,0
HIGH SHELF,44100,1000,0.6000000238,0,1,980,0,0,0
HIGH SHELF,44100,1000,0.6000000238,0,1,2037.228261,0,0,0
HIGH SHELF,44100,1000,0.6000000238,0,1,20671.875,0,0,0
HIGH SHELF,44100,1000,0.6000000238,24,1,249.1525424,-2.060746849,-2.060746876,2.652434805e-08
HIGH SHELF,44100,1000,0.6000000238,24,1,980,11.44811538,11.44811548,1.010943556e-07
HIGH SHELF,44100,1000,0.6000000238,24,1,2037.228261,31.95408129,31.95408125,3.815814864e-08
HIGH SHELF,44100,1000,0.6000000238,24,1,20671.875,24.001481,24.00148115,1.582615026e-07
HIGH SHELF,44100,1000,1,-24,1,249.1525424,2.208716178,2.208716186,8.777534755e-09
HIGH SHELF,44100,1000,1,-24,1,980,-11.42754297,-11.4275432,2.25860517e-07
HIGH SHELF,44100,1000,1,-24,1,2037.228261,-35.56417096,-35.56416912,1.842393724e-06
HIGH SHELF,44100,1000,1,-24,1,20671.875,-24.00154913,-24.00155043,1.305560131e-06
HIGH SHELF,44100,1000,1,0,1,249.1525424,0,0,0
HIGH SHELF,44100,1000,1,0,1,980,0,0,0
HIGH SHELF,44100,1000,1,0,1,2037.228261,0,0,0
HIGH SHELF,44100,1000,1,0,1,20671.875,0,0,0
HIGH SHELF,44100,1000,1,24,1,249.1525424,-2.208716075,-2.208716043,3.192296433e-08
HIGH SHELF,44100,1000,1,24,1,980,11.42754278,11.42754273,4.309919666e-08
HIGH SHELF,44100,1000,1,24,1,2037.228261,35.5641681,35.56416806,4.219687e-08
HIGH SHELF,44100,1000,1,24,1,20671.875,24.0015495,24.00154954,3.223316991e-08
HIGH SHELF,44100,5000,0,-24,1,1225,-1.608314998,-1.60831505,5.194060115e-08
HIGH SHELF,44100,5000,0,-24,1,4995.703125,-11.99025891,-11.99025883,7.406822089e-08
HIGH SHELF,44100,5000,0,-24,1,9991.40625,-19.5825909,-19.58259099,8.544237318e-08
HIGH SHELF,44100,5000,0,-24,1,20671.875,-23.95661915,-23.95661915,1.296694307e-09
HIGH SHELF,44100,5000,0,0,1,1225,0,0,0
HIGH SHELF,44100,5000,0,0,1,4995.703125,0,0,0
HIGH SHELF,44100,5000,0,0,1,9991.40625,0,0,0
HIGH SHELF,44100,5000,0,0,1,20671.875,0,0,0
HIGH SHELF,44100,5000,0,24,1,1225,1.608315003,1.608314963,4.065338804e-08
HIGH SHELF,44100,5000,0,24,1,4995.703125,11.99025848,11.99025839,9.175007953e-08
HIGH SHELF,44100,5000,0,24,1,9991.40625,19.58259033,19.5825903,2.329636928e-08
HIGH SHELF,44100,5000,0,24,1,20671.875,23.95661816,23.95661826,9.970065928e-08
HIGH SHELF,44100,5000,0.1000000015,-24,1,1225,0.3594181181,0.3594180715,4.665275928e-08
HIGH SHELF,44100,5000,0.1000000015,-24,1,4995.703125,-11.98321252,-11.98321247,5.352288746e-08
HIGH SHELF,44100,5000,0.1000000015,-24,1,9991.40625,-23.49925567,-23.49925551,1.571366663e-07
HIGH SHELF,44100,5000,0.1000000015,-24,1,20671.875,-24.01329667,-24.01329691,2.384754625e-07
HIGH SHELF,44100,5000,0.1000000015,0,1,1225,0,0,0
HIGH SHELF,44100,5000,0.1000000015,0,1,4995.703125,0,0,0
HIGH SHELF,44100,5000,0.1000000015,0,1,9991.40625,0,0,0
HIGH SHELF,44100,5000,0.1000000015,0,1,20671.875,0,0,0
HIGH SHELF,44100,5000,0.1000000015,24,1,1225,-0.3594180327,-0.3594180601,2.740231118e-08
HIGH SHELF,44100,5000,0.1000000015,24,1,4995.703125,11.98321202,11.98321202,3.754970113e-09
HIGH SHELF,44100,5000,0.1000000015,24,1,9991.40625,23.49925471,23.49925474,2.993162074e-08
HIGH SHELF,44100,5000,0.1000000015,24,1,20671.875,24.01329609,24.01329601,8.414237396e-08
HIGH SHELF,44100,5000,0.6000000238,-24,1,1225,1.820725536,1.820725519,1.624908386e-08
HIGH SHELF,44100,5000,0.6000000238,-24,1,4995.703125,-11.97449389,-11.97449383,6.284565179e-08
HIGH SHELF,44100,5000,0.6000000238,-24,1,9991.40625,-31.1415401,-31.14153953,5.690316121e-07
HIGH SHELF,44100,5000,0.6000000238,-24,1,20671.875,-24.04037449,-24.04037485,3.576715253e-07
HIGH SHELF,44100,5000,0.6000000238,0,1,1225,0,0,0
HIGH SHELF,44100,5000,0.6000000238,0,1,4995.703125,0,0,0
HIGH SHELF,44100,5000,0.6000000238,0,1,9991.40625,0,0,0
HIGH SHELF,44100,5000,0.6000000238,0,1,20671.875,0,0,0
HIGH SHELF,44100,5000,0.6000000238,24,1,1225,-1.820725435,-1.820725405,3.028300438e-08
HIGH SHELF,44100,5000,0.6000000238,24,1,4995.703125,11.97449342,11.97449338,3.787242342e-08
HIGH SHELF,44100,5000,0.6000000238,24,1,9991.40625,31.14153828,31.14153826,1.265510008e-08
HIGH SHELF,44100,5000,0.6000000238,24,1,20671.875,24.040374,24.04037395,4.53818858e-08
HIGH SHELF,44100,5000,1,-24,1,1225,1.944802164,1.944802124,3.977330465e-08
HIGH SHELF,44100,5000,1,-24,1,4995.703125,-11.97354419,-11.97354429,9.519297839e-08
HIGH SHELF,44100,5000,1,-24,1,9991.40625,-33.04583025,-33.04582928,9.684084379e-07
HIGH SHELF,44100,5000,1,-24,1,20671.875,-24.04225371,-24.04225326,4.481350455e-07
HIGH SHELF,44100,5000,1,0,1,1225,0,0,0
HIGH SHELF,44100,5000,1,0,1,4995.703125,0,0,0
HIGH SHELF,44100,5000,1,0,1,9991.40625,0,0,0
HIGH SHELF,44100,5000,1,0,1,20671.875,0,0,0
HIGH SHELF,44100,5000,1,24,1,1225,-1.944801964,-1.944801999,3.537599053e-08
HIGH SHELF,44100,5000,1,24,1,4995.703125,11.97354385,11.97354384,8.924236461e-09
HIGH SHELF,44100,5000,1,24,1,9991.40625,33.04582768,33.0458277,1.936404637e-08
HIGH SHELF,44100,5000,1,24,1,20671.875,24.04225251,24.04225236,1.459298682e-07
HIGH SHELF,44100,10000,0,-24,1,2450,-1.243019196,-1.243019078,1.174487813e-07
HIGH SHELF,44100,10000,0,-24,1,9991.40625,-11.9871319,-11.98713208,1.813252464e-07
HIGH SHELF,44100,10000,0,-24,1,19982.8125,-23.48595582,-23.48595496,8.575882653e-07
HIGH SHELF,44100,10000,0,-24,1,20671.875,-23.76909492,-23.76909568,7.582592616e-07
HIGH SHELF,44100,10000,0,0,1,2450,0,0,0
HIGH SHELF,44100,10000,0,0,1,9991.40625,0,0,0
HIGH SHELF,44100,10000,0,0,1,19982.8125,0,0,0
HIGH SHELF,44100,10000,0,0,1,20671.875,0,0,0
HIGH SHELF,44100,10000,0,24,1,2450,1.243019077,1.24301901,6.778181647e-08
HIGH SHELF,44100,10000,0,24,1,9991.40625,11.98713165,11.98713163,2.202939298e-08
HIGH SHELF,44100,10000,0,24,1,19982.8125,23.48595412,23.48595409,3.034528184e-08
HIGH SHELF,44100,10000,0,24,1,20671.875,23.76909475,23.7690948,5.318312279e-08
HIGH SHELF,44100,10000,0.1000000015,-24,1,2450,0.3094056939,0.3094057403,4.63555488e-08
HIGH SHELF,44100,10000,0.1000000015,-24,1,9991.40625,-11.97782402,-11.97782395,7.687892811e-08
HIGH SHELF,44100,10000,0.1000000015,-24,1,19982.8125,-24.14815272,-24.14815215,5.719427492e-07
HIGH SHELF,44100,10000,0.1000000015,-24,1,20671.875,-24.0692301,-24.06922946,6.430731734e-07
HIGH SHELF,44100,10000,0.1000000015,0,1,2450,0,0,0
HIGH SHELF,44100,10000,0.1000000015,0,1,9991.40625,0,0,0
HIGH SHELF,44100,10000,0.1000000015,0,1,19982.8125,0,0,0
HIGH SHELF,44100,10000,0.1000000015,0,1,20671.875,0,0,0
HIGH SHELF,44100,10000,0.1000000015,24,1,2450,-0.3094056607,-0.3094057275,6.679359865e-08
HIGH SHELF,44100,10000,0.1000000015,24,1,9991.40625,11.97782342,11.9778235,7.566820681e-08
HIGH SHELF,44100,10000,0.1000000015,24,1,19982.8125,24.14815123,24.14815125,1.121607607e-08
HIGH SHELF,44100,10000,0.1000000015,24,1,20671.875,24.06922856,24.06922856,5.36448308e-09
HIGH SHELF,44100,10000,0.6000000238,-24,1,2450,1.340846117,1.340846186,6.971678201e-08
HIGH SHELF,44100,10000,0.6000000238,-24,1,9991.40625,-11.96630705,-11.96630675,2.978256468e-07
HIGH SHELF,44100,10000,0.6000000238,-24,1,19982.8125,-24.50594185,-24.5059422,3.497889516e-07
HIGH SHELF,44100,10000,0.6000000238,-24,1,20671.875,-24.21968183,-24.21968141,4.177478328e-07
HIGH SHELF,44100,10000,0.6000000238,0,1,2450,0,0,0
HIGH SHELF,44100,10000,0.6000000238,0,1,9991.40625,0,0,0
HIGH SHELF,44100,10000,0.6000000238,0,1,19982.8125,0,0,0
HIGH SHELF,44100,10000,0.6000000238,0,1,20671.875,0,0,0
HIGH SHELF,44100,10000,0.6000000238,24,1,2450,-1.340846129,-1.340846104,2.498728241e-08
HIGH SHELF,44100,10000,0.6000000238,24,1,9991.40625,11.9663063,11.96630631,3.087639477e-09
HIGH SHELF,44100,10000,0.6000000238,24,1,19982.8125,24.50594129,24.50594127,2.220683637e-08
HIGH SHELF,44100,10000,0.6000000238,24,1,20671.875,24.21968046,24.2196805,3.671855264e-08
HIGH SHELF,44100,10000,1,-24,1,2450,1.423216504,1.423216568,6.459473129e-08
HIGH SHELF,44100,10000,1,-24,1,9991.40625,-11.96505204,-11.96505242,3.796865733e-07
HIGH SHELF,44100,10000,1,-24,1,19982.8125,-24.53193549,-24.53193487,6.169981974e-07
HIGH SHELF,44100,10000,1,-24,1,20671.875,-24.23029928,-24.23029962,3.315783461e-07
HIGH SHELF,44100,10000,1,0,1,2450,0,0,0
HIGH SHELF,44100,10000,1,0,1,9991.40625,0,0,0
HIGH SHELF,44100,10000,1,0,1,19982.8125,0,0,0
HIGH SHELF,44100,10000,1,0,1,20671.875,0,0,0
HIGH SHELF,44100,10000,1,24,1,2450,-1.423216493,-1.423216479,1.363334634e-08
HIGH SHELF,44100,10000,1,24,1,9991.40625,11.96505201,11.96505197,3.375294044e-08
HIGH SHELF,44100,10000,1,24,1,19982.8125,24.53193398,24.53193394,3.437196927e-08
HIGH SHELF,44100,10000,1,24,1,20671.875,24.23029875,24.23029871,3.948137905e-08
HIGH SHELF,44100,20000,0,-24,1,4995.703125,-0.1114746498,-0.1114746803,3.056594861e-08
HIGH SHELF,44100,20000,0,-24,1,19982.8125,-12.68082737,-12.68082709,2.823537257e-07
HIGH SHELF,44100,20000,0,-24,1,20671.875,-16.71032792,-16.71032761,3.078941671e-07
HIGH SHELF,44100,20000,0,-24,1,20671.875,-16.71032792,-16.71032761,3.078941671e-07
HIGH SHELF,44100,20000,0,0,1,4995.703125,0,0,0
HIGH SHELF,44100,20000,0,0,1,19982.8125,0,0,0
HIGH SHELF,44100,20000,0,0,1,20671.875,0,0,0
HIGH SHELF,44100,20000,0,0,1,20671.875,0,0,0
HIGH SHELF,44100,20000,0,24,1,4995.703125,0.1114746688,0.1114746738,4.984829115e-09
HIGH SHELF,44100,20000,0,24,1,19982.8125,12.68082663,12.68082662,9.635656273e-09
HIGH SHELF,44100,20000,0,24,1,20671.875,16.71032694,16.71032702,8.673974783e-08
HIGH SHELF,44100,20000,0,24,1,20671.875,16.71032694,16.71032702,8.673974783e-08
HIGH SHELF,44100,20000,0.1000000015,-24,1,4995.703125,0.03390738096,0.03390739199,1.102351278e-08
HIGH SHELF,44100,20000,0.1000000015,-24,1,19982.8125,-13.17309366,-13.17309396,3.029759963e-07
HIGH SHELF,44100,20000,0.1000000015,-24,1,20671.875,-19.93408964,-19.93408901,6.336060863e-07
HIGH SHELF,44100,20000,0.1000000015,-24,1,20671.875,-19.93408964,-19.93408901,6.336060863e-07
HIGH SHELF,44100,20000,0.1000000015,0,1,4995.703125,0,0,0
HIGH SHELF,44100,20000,0.1000000015,0,1,19982.8125,0,0,0
HIGH SHELF,44100,20000,0.1000000015,0,1,20671.875,0,0,0
HIGH SHELF,44100,20000,0.1000000015,0,1,20671.875,0,0,0
HIGH SHELF,44100,20000,0.1000000015,24,1,4995.703125,-0.03390739444,-0.03390739003,4.411724352e-09
HIGH SHELF,44100,20000,0.1000000015,24,1,19982.8125,13.17309352,13.17309351,1.178264064e-08
HIGH SHELF,44100,20000,0.1000000015,24,1,20671.875,19.93408842,19.93408845,3.12171502e-08
HIGH SHELF,44100,20000,0.1000000015,24,1,20671.875,19.93408842,19.93408845,3.12171502e-08
HIGH SHELF,44100,20000,0.6000000238,-24,1,4995.703125,0.1045772104,0.1045772127,2.294350342e-09
HIGH SHELF,44100,20000,0.6000000238,-24,1,19982.8125,-13.78726145,-13.78726152,7.694867898e-08
HIGH SHELF,44100,20000,0.6000000238,-24,1,20671.875,-26.0386703,-26.03867137,1.073127903e-06
HIGH SHELF,44100,20000,0.6000000238,-24,1,20671.875,-26.0386703,-26.03867137,1.073127903e-06
HIGH SHELF,44100,20000,0.6000000238,0,1,4995.703125,0,0,0
HIGH SHELF,44100,20000,0.6000000238,0,1,19982.8125,0,0,0
HIGH SHELF,44100,20000,0.6000000238,0,1,20671.875,0,0,0
HIGH SHELF,44100,20000,0.6000000238,0,1,20671.875,0,0,0
HIGH SHELF,44100,20000,0.6000000238,24,1,4995.703125,-0.1045772165,-0.1045772066,9.942148889e-09
HIGH SHELF,44100,20000,0.6000000238,24,1,19982.8125,13.7872611,13.78726112,1.248906401e-08
HIGH SHELF,44100,20000,0.6000000238,24,1,20671.875,26.03867132,26.03867124,7.299518323e-08
HIGH SHELF,44100,20000,0.6000000238,24,1,20671.875,26.03867132,26.03867124,7.299518323e-08
HIGH SHELF,44100,20000,1,-24,1,4995.703125,0.1095095259,0.1095095387,1.284917234e-08
HIGH SHELF,44100,20000,1,-24,1,19982.8125,-13.85472949,-13.85472998,4.950386652e-07
HIGH SHELF,44100,20000,1,-24,1,20671.875,-27.26481594,-27.2648158,1.35254548e-07
HIGH SHELF,44100,20000,1,-24,1,20671.875,-27.26481594,-27.2648158,1.35254548e-07
HIGH SHELF,44100,20000,1,0,1,4995.703125,0,0,0
HIGH SHELF,44100,20000,1,0,1,19982.8125,0,0,0
HIGH SHELF,44100,20000,1,0,1,20671.875,0,0,0
HIGH SHELF,44100,20000,1,0,1,20671.875,0,0,0
HIGH SHELF,44100,20000,1,24,1,4995.703125,-0.109509571,-0.1095095323,3.868627477e-08
HIGH SHELF,44100,20000,1,24,1,19982.8125,13.85472971,13.85472958,1.296745737e-07
HIGH SHELF,44100,20000,1,24,1,20671.875,27.26481596,27.26481588,8.392197692e-08
HIGH SHELF,44100,20000,1,24,1,20671.875,27.26481596,27.26481588,8.392197692e-08
HIGH SHELF,44100,1000,0.1000000015,6,0,249.1525424,0,0,0
HIGH SHELF,44100,1000,0.1000000015,6,0,980,0,0,0
HIGH SHELF,44100,1000,0.1000000015,6,0,2037.228261,0,0,0
HIGH SHELF,44100,1000,0.1000000015,6,0,20671.875,0,0,0
HIGH SHELF,44100,1000,0.1000000015,6,0.349999994,249.1525424,-0.04557095767,-0.04557096531,7.635499717e-09
HIGH SHELF,44100,1000,0.1000000015,6,0.349999994,980,0.746769482,0.7467694625,1.941177982e-08
HIGH SHELF,44100,1000,0.1000000015,6,0.349999994,2037.228261,2.560570121,2.560570115,5.195643582e-09
HIGH SHELF,44100,1000,0.1000000015,6,0.349999994,20671.875,2.596039142,2.59603927,1.281408307e-07
HIGH SHELF,44100,1000,0.1000000015,6,1,249.1525424,-0.09517439608,-0.09517442136,2.527975793e-08
HIGH SHELF,44100,1000,0.1000000015,6,1,980,2.835225544,2.835225495,4.815603449e-08
HIGH SHELF,44100,1000,0.1000000015,6,1,2037.228261,6.088022651,6.088022654,3.229345902e-09
HIGH SHELF,44100,1000,0.1000000015,6,1,20671.875,6.000093031,6.000093082,5.090755462e-08
HIGH SHELF,48000,20,0,-24,1,5,-1.794671223,-1.794671225,2.043135161e-09
HIGH SHELF,48000,20,0,-24,1,20,-12,-12,6.033791244e-10
HIGH SHELF,48000,20,0,-24,1,40,-18.5289964,-18.52899637,2.276339384e-08
HIGH SHELF,48000,20,0,-24,1,22500,-23.99999951,-23.99999946,5.10072562e-08
HIGH SHELF,48000,20,0,0,1,5,0,0,0
HIGH SHELF,48000,20,0,0,1,20,0,0,0
HIGH SHELF,48000,20,0,0,1,40,0,0,0
HIGH SHELF,48000,20,0,0,1,22500,0,0,0
HIGH SHELF,48000,20,0,24,1,5,1.794671129,1.794671129,7.000189317e-11
HIGH SHELF,48000,20,0,24,1,20,11.99999956,11.99999955,8.76043682e-09
HIGH SHELF,48000,20,0,24,1,40,18.52899573,18.52899573,7.998671059e-09
HIGH SHELF,48000,20,0,24,1,22500,23.99999865,23.99999857,8.428611054e-08
HIGH SHELF,48000,20,0.1000000015,-24,1,5,0.3748716267,0.3748716255,1.243332604e-09
HIGH SHELF,48000,20,0.1000000015,-24,1,20,-12,-12,3.516564817e-11
HIGH SHELF,48000,20,0.1000000015,-24,1,40,-22.4553918,-22.45539164,1.615265921e-07
HIGH SHELF,48000,20,0.1000000015,-24,1,22500,-24.0000001,-24.00000017,6.28846264e-08
HIGH SHELF,48000,20,0.1000000015,0,1,5,0,0,0
HIGH SHELF,48000,20,0.1000000015,0,1,20,0,0,0
HIGH SHELF,48000,20,0.1000000015,0,1,40,0,0,0
HIGH SHELF,48000,20,0.1000000015,0,1,22500,0,0,0
HIGH SHELF,48000,20,0.1000000015,24,1,5,-0.3748716224,-0.3748716161,6.272139766e-09
HIGH SHELF,48000,20,0.1000000015,24,1,20,11.99999955,11.99999955,6.605575642e-09
HIGH SHELF,48000,20,0.1000000015,24,1,40,22.45539095,22.45539096,6.548699361e-09
HIGH SHELF,48000,20,0.1000000015,24,1,22500,23.99999934,23.99999927,7.141465286e-08
HIGH SHELF,48000,20,0.6000000238,-24,1,5,2.083605626,2.083605623,2.770637664e-09
HIGH SHELF,48000,20,0.6000000238,-24,1,20,-11.99999995,-12,5.257097868e-08
HIGH SHELF,48000,20,0.6000000238,-24,1,40,-31.80178404,-31.80178462,5.775957899e-07
HIGH SHELF,48000,20,0.6000000238,-24,1,22500,-23.99999973,-24.0000005,7.716072572e-07
HIGH SHELF,48000,20,0.6000000238,0,1,5,0,0,0
HIGH SHELF,48000,20,0.6000000238,0,1,20,0,0,0
HIGH SHELF,48000,20,0.6000000238,0,1,40,0,0,0
HIGH SHELF,48000,20,0.6000000238,0,1,22500,0,0,0
HIGH SHELF,48000,20,0.6000000238,24,1,5,-2.083605491,-2.083605491,7.546304692e-10
HIGH SHELF,48000,20,0.6000000238,24,1,20,11.99999952,11.99999955,3.34656951e-08
HIGH SHELF,48000,20,0.6000000238,24,1,40,31.8017839,31.8017839,6.128426655e-09
HIGH SHELF,48000,20,0.6000000238,24,1,22500,23.99999957,23.9999996,3.766776846e-08
HIGH SHELF,48000,20,1,-24,1,5,2.233965099,2.233965089,1.008716044e-08
HIGH SHELF,48000,20,1,-24,1,20,-12.00000004,-12,4.122066422e-08
HIGH SHELF,48000,20,1,-24,1,40,-35.51628587,-35.51628591,4.007128407e-08
HIGH SHELF,48000,20,1,-24,1,22500,-24.00000185,-24.00000052,1.326895459e-06
HIGH SHELF,48000,20,1,0,1,5,0,0,0
HIGH SHELF,48000,20,1,0,1,20,0,0,0
HIGH SHELF,48000,20,1,0,1,40,0,0,0
HIGH SHELF,48000,20,1,0,1,22500,0,0,0
HIGH SHELF,48000,20,1,24,1,5,-2.233964944,-2.233964944,4.054268032e-11
HIGH SHELF,48000,20,1,24,1,20,11.99999954,11.99999955,7.865282647e-09
HIGH SHELF,48000,20,1,24,1,40,35.51628518,35.51628517,9.208553919e-10
HIGH SHELF,48000,20,1,24,1,22500,23.99999974,23.99999963,1.145179418e-07
HIGH SHELF,48000,100,0,-24,1,25,-1.794630116,-1.794630118,1.548570105e-09
HIGH SHELF,48000,100,0,-24,1,100,-11.99999982,-11.99999975,7.838781002e-08
HIGH SHELF,48000,100,0,-24,1,200,-18.5293103,-18.52931033,2.585783276e-08
HIGH SHELF,48000,100,0,-24,1,22500,-23.99998679,-23.99998654,2.517878199e-07
HIGH SHELF,48000,100,0,0,1,25,0,0,0
HIGH SHELF,48000,100,0,0,1,100,0,0,0
HIGH SHELF,48000,100,0,0,1,200,0,0,0
HIGH SHELF,48000,100,0,0,1,22500,0,0,0
HIGH SHELF,48000,100,0,24,1,25,1.79463002,1.794630021,1.142036798e-09
HIGH SHELF,48000,100,0,24,1,100,11.9999993,11.9999993,1.529516513e-09
HIGH SHELF,48000,100,0,24,1,200,18.52930971,18.52930968,2.202380189e-08
HIGH SHELF,48000,100,0,24,1,22500,23.99998559,23.99998564,5.483496857e-08
HIGH SHELF,48000,100,0.1000000015,-24,1,25,0.3748690421,0.374869039,3.064819093e-09
HIGH SHELF,48000,100,0.1000000015,-24,1,100,-11.99999954,-11.99999956,1.77944286e-08
HIGH SHELF,48000,100,0.1000000015,-24,1,200,-22.45575729,-22.45575756,2.69941471e-07
HIGH SHELF,48000,100,0.1000000015,-24,1,22500,-24.0000046,-24.00000415,4.563752674e-07
HIGH SHELF,48000,100,0.1000000015,0,1,25,0,0,0
HIGH SHELF,48000,100,0.1000000015,0,1,100,0,0,0
HIGH SHELF,48000,100,0.1000000015,0,1,200,0,0,0
HIGH SHELF,48000,100,0.1000000015,0,1,22500,0,0,0
HIGH SHELF,48000,100,0.1000000015,24,1,25,-0.3748690405,-0.3748690297,1.085176865e-08
HIGH SHELF,48000,100,0.1000000015,24,1,100,11.9999991,11.99999911,1.680146289e-08
HIGH SHELF,48000,100,0.1000000015,24,1,200,22.45575695,22.45575688,7.519838885e-08
HIGH SHELF,48000,100,0.1000000015,24,1,22500,24.0000032,24.00000325,4.86117484e-08
HIGH SHELF,48000,100,0.6000000238,-24,1,25,2.083546226,2.083546212,1.416979595e-08
HIGH SHELF,48000,100,0.6000000238,-24,1,100,-11.99999936,-11.99999933,2.87391857e-08
HIGH SHELF,48000,100,0.6000000238,-24,1,200,-31.80216234,-31.80216211,2.286921044e-07
HIGH SHELF,48000,100,0.6000000238,-24,1,22500,-24.00001153,-24.00001247,9.347501893e-07
HIGH SHELF,48000,100,0.6000000238,0,1,25,0,0,0
HIGH SHELF,48000,100,0.6000000238,0,1,100,0,0,0
HIGH SHELF,48000,100,0.6000000238,0,1,200,0,0,0
HIGH SHELF,48000,100,0.6000000238,0,1,22500,0,0,0
HIGH SHELF,48000,100,0.6000000238,24,1,25,-2.083546077,-2.08354608,2.627256135e-09
HIGH SHELF,48000,100,0.6000000238,24,1,100,11.9999989,11.99999888,1.325659804e-08
HIGH SHELF,48000,100,0.6000000238,24,1,200,31.80216145,31.8021614,5.110398327e-08
HIGH SHELF,48000,100,0.6000000238,24,1,22500,24.00001156,24.00001157,7.719978434e-09
HIGH SHELF,48000,100,1,-24,1,25,2.233899432,2.233899439,7.392002177e-09
HIGH SHELF,48000,100,1,-24,1,100,-11.99999939,-11.99999931,8.113528471e-08
HIGH SHELF,48000,100,1,-24,1,200,-35.51663355,-35.51663427,7.205088748e-07
HIGH SHELF,48000,100,1,-24,1,22500,-24.00001495,-24.00001304,1.907138703e-06
HIGH SHELF,48000,100,1,0,1,25,0,0,0
HIGH SHELF,48000,100,1,0,1,100,0,0,0
HIGH SHELF,48000,100,1,0,1,200,0,0,0
HIGH SHELF,48000,100,1,0,1,22500,0,0,0
HIGH SHELF,48000,100,1,24,1,25,-2.233899305,-2.233899294,1.169475949e-08
HIGH SHELF,48000,100,1,24,1,100,11.99999882,11.99999886,3.587024144e-08
HIGH SHELF,48000,100,1,24,1,200,35.51663352,35.51663353,1.832552066e-08
HIGH SHELF,48000,100,1,24,1,22500,24.00001218,24.00001215,3.164845364e-08
HIGH SHELF,48000,500,0,-24,1,125,-1.793604333,-1.793604382,4.986432056e-08
HIGH SHELF,48000,500,0,-24,1,500,-11.99999962,-11.99999975,1.230065005e-07
HIGH SHELF,48000,500,0,-24,1,1000,-18.53717027,-18.53717005,2.22330832e-07
HIGH SHELF,48000,500,0,-24,1,22500,-23.99966322,-23.99966321,1.702276631e-08
HIGH SHELF,48000,500,0,0,1,125,0,0,0
HIGH SHELF,48000,500,0,0,1,500,0,0,0
HIGH SHELF,48000,500,0,0,1,1000,0,0,0
HIGH SHELF,48000,500,0,0,1,22500,0,0,0
HIGH SHELF,48000,500,0,24,1,125,1.793604268,1.793604286,1.851954784e-08
HIGH SHELF,48000,500,0,24,1,500,11.99999928,11.9999993,1.286943885e-08
HIGH SHELF,48000,500,0,24,1,1000,18.53716945,18.5371694,4.873751092e-08
HIGH SHELF,48000,500,0,24,1,22500,23.99966232,23.99966231,4.455356972e-09
HIGH SHELF,48000,500,0.1000000015,-24,1,125,0.3748043786,0.3748043795,9.631899861e-10
HIGH SHELF,48000,500,0.1000000015,-24,1,500,-11.99999963,-11.99999956,6.545682263e-08
HIGH SHELF,48000,500,0.1000000015,-24,1,1000,-22.46490817,-22.46490828,1.081929133e-07
HIGH SHELF,48000,500,0.1000000015,-24,1,22500,-24.00010357,-24.00010372,1.493184918e-07
HIGH SHELF,48000,500,0.1000000015,0,1,125,0,0,0
HIGH SHELF,48000,500,0.1000000015,0,1,500,0,0,0
HIGH SHELF,48000,500,0.1000000015,0,1,1000,0,0,0
HIGH SHELF,48000,500,0.1000000015,0,1,22500,0,0,0
HIGH SHELF,48000,500,0.1000000015,24,1,125,-0.3748043778,-0.3748043702,7.664292895e-09
HIGH SHELF,48000,500,0.1000000015,24,1,500,11.99999918,11.99999911,7.132095314e-08
HIGH SHELF,48000,500,0.1000000015,24,1,1000,22.46490762,22.4649076,1.949030981e-08
HIGH SHELF,48000,500,0.1000000015,24,1,22500,24.00010281,24.00010282,1.083146994e-08
HIGH SHELF,48000,500,0.6000000238,-24,1,125,2.082064003,2.082063978,2.501858276e-08
HIGH SHELF,48000,500,0.6000000238,-24,1,500,-11.99999923,-11.99999933,9.811615742e-08
HIGH SHELF,48000,500,0.6000000238,-24,1,1000,-31.81148572,-31.81148636,6.359447156e-07
HIGH SHELF,48000,500,0.6000000238,-24,1,22500,-24.00030935,-24.0003119,2.550292536e-06
HIGH SHELF,48000,500,0.6000000238,0,1,125,0,0,0
HIGH SHELF,48000,500,0.6000000238,0,1,500,0,0,0
HIGH SHELF,48000,500,0.6000000238,0,1,1000,0,0,0
HIGH SHELF,48000,500,0.6000000238,0,1,22500,0,0,0
HIGH SHELF,48000,500,0.6000000238,24,1,125,-2.082063864,-2.082063845,1.879967987e-08
HIGH SHELF,48000,500,0.6000000238,24,1,500,11.99999895,11.99999888,6.363964822e-08
HIGH SHELF,48000,500,0.6000000238,24,1,1000,31.81148563,31.81148564,3.775983082e-09
HIGH SHELF,48000,500,0.6000000238,24,1,22500,24.00031093,24.000311,6.831698762e-08
HIGH SHELF,48000,500,1,-24,1,125,2.232261583,2.232261589,5.19188742e-09
HIGH SHELF,48000,500,1,-24,1,500,-11.99999965,-11.99999931,3.407069138e-07
HIGH SHELF,48000,500,1,-24,1,1000,-35.5250516,-35.52505219,5.925844082e-07
HIGH SHELF,48000,500,1,-24,1,22500,-24.00032733,-24.00032628,1.0415117e-06
HIGH SHELF,48000,500,1,0,1,125,0,0,0
HIGH SHELF,48000,500,1,0,1,500,0,0,0
HIGH SHELF,48000,500,1,0,1,1000,0,0,0
HIGH SHELF,48000,500,1,0,1,22500,0,0,0
HIGH SHELF,48000,500,1,24,1,125,-2.232261423,-2.232261443,2.039266223e-08
HIGH SHELF,48000,500,1,24,1,500,11.99999878,11.99999886,8.230530746e-08
HIGH SHELF,48000,500,1,24,1,1000,35.5250514,35.52505144,4.053336067e-08
HIGH SHELF,48000,500,1,24,1,22500,24.00032541,24.00032539,2.568708624e-08
HIGH SHELF,48000,1000,0,-24,1,250,-1.790398961,-1.790398977,1.643511072e-08
HIGH SHELF,48000,1000,0,-24,1,1000,-11.99999973,-11.99999991,1.826349378e-07
HIGH SHELF,48000,1000,0,-24,1,2000,-18.56180771,-18.56180735,3.621084725e-07
HIGH SHELF,48000,1000,0,-24,1,22500,-23.99864875,-23.99865002,1.274577484e-06
HIGH SHELF,48000,1000,0,0,1,250,0,0,0
HIGH SHELF,48000,1000,0,0,1,1000,0,0,0
HIGH SHELF,48000,1000,0,0,1,2000,0,0,0
HIGH SHELF,48000,1000,0,0,1,22500,0,0,0
HIGH SHELF,48000,1000,0,24,1,250,1.790398867,1.790398881,1.412297507e-08
HIGH SHELF,48000,1000,0,24,1,1000,11.99999947,11.99999946,1.388665272e-08
HIGH SHELF,48000,1000,0,24,1,2000,18.56180657,18.5618067,1.263855838e-07
HIGH SHELF,48000,1000,0,24,1,22500,23.99864923,23.99864913,1.009435859e-07
HIGH SHELF,48000,1000,0.1000000015,-24,1,250,0.3746008031,0.3746008204,1.735195891e-08
HIGH SHELF,48000,1000,0.1000000015,-24,1,1000,-11.99999974,-11.99999984,9.991021122e-08
HIGH SHELF,48000,1000,0.1000000015,-24,1,2000,-22.49347095,-22.49347075,1.998872419e-07
HIGH SHELF,48000,1000,0.1000000015,-24,1,22500,-24.00041467,-24.00041568,1.008568518e-06
HIGH SHELF,48000,1000,0.1000000015,0,1,250,0,0,0
HIGH SHELF,48000,1000,0.1000000015,0,1,1000,0,0,0
HIGH SHELF,48000,1000,0.1000000015,0,1,2000,0,0,0
HIGH SHELF,48000,1000,0.1000000015,0,1,22500,0,0,0
HIGH SHELF,48000,1000,0.1000000015,24,1,250,-0.3746008235,-0.374600811,1.241885782e-08
HIGH SHELF,48000,1000,0.1000000015,24,1,1000,11.99999946,11.99999939,6.787174289e-08
HIGH SHELF,48000,1000,0.1000000015,24,1,2000,22.49347005,22.49347007,1.394239302e-08
HIGH SHELF,48000,1000,0.1000000015,24,1,22500,24.00041468,24.00041478,1.019366849e-07
HIGH SHELF,48000,1000,0.6000000238,-24,1,250,2.077434579,2.077434585,6.023091803e-09
HIGH SHELF,48000,1000,0.6000000238,-24,1,1000,-11.9999996,-11.99999976,1.593121564e-07
HIGH SHELF,48000,1000,0.6000000238,-24,1,2000,-31.83913953,-31.83913849,1.039427838e-06
HIGH SHELF,48000,1000,0.6000000238,-24,1,22500,-24.00124993,-24.00125032,3.924721828e-07
HIGH SHELF,48000,1000,0.6000000238,0,1,250,0,0,0
HIGH SHELF,48000,1000,0.6000000238,0,1,1000,0,0,0
HIGH SHELF,48000,1000,0.6000000238,0,1,2000,0,0,0
HIGH SHELF,48000,1000,0.6000000238,0,1,22500,0,0,0
HIGH SHELF,48000,1000,0.6000000238,24,1,250,-2.077434418,-2.077434453,3.523130743e-08
HIGH SHELF,48000,1000,0.6000000238,24,1,1000,11.99999923,11.99999931,8.447482047e-08
HIGH SHELF,48000,1000,0.6000000238,24,1,2000,31.83913769,31.83913775,5.813364101e-08
HIGH SHELF,48000,1000,0.6000000238,24,1,22500,24.00124958,24.00124943,1.495019974e-07
HIGH SHELF,48000,1000,1,-24,1,250,2.227146722,2.227146728,5.622173227e-09
HIGH SHELF,48000,1000,1,-24,1,1000,-11.99999981,-11.99999975,5.337216713e-08
HIGH SHELF,48000,1000,1,-24,1,2000,-35.54765647,-35.54765598,4.847413875e-07
HIGH SHELF,48000,1000,1,-24,1,22500,-24.00130854,-24.00130801,5.252359294e-07
HIGH SHELF,48000,1000,1,0,1,250,0,0,0
HIGH SHELF,48000,1000,1,0,1,1000,0,0,0
HIGH SHELF,48000,1000,1,0,1,2000,0,0,0
HIGH SHELF,48000,1000,1,0,1,22500,0,0,0
HIGH SHELF,48000,1000,1,24,1,250,-2.227146588,-2.227146583,5.270053616e-09
HIGH SHELF,48000,1000,1,24,1,1000,11.99999916,11.9999993,1.463699957e-07
HIGH SHELF,48000,1000,1,24,1,2000,35.54765539,35.54765518,2.052268187e-07
HIGH SHELF,48000,1000,1,24,1,22500,24.00130705,24.00130712,6.129783259e-08
HIGH SHELF,48000,5000,0,-24,1,1230.769231,-1.641321542,-1.641321585,4.256277103e-08
HIGH SHELF,48000,5000,0,-24,1,5062.5,-12.13897882,-12.13897875,7.144560765e-08
HIGH SHELF,48000,5000,0,-24,1,9937.5,-19.35488868,-19.35488877,8.942653862e-08
HIGH SHELF,48000,5000,0,-24,1,22500,-23.96387299,-23.96387206,9.311080174e-07
HIGH SHELF,48000,5000,0,0,1,1230.769231,0,0,0
HIGH SHELF,48000,5000,0,0,1,5062.5,0,0,0
HIGH SHELF,48000,5000,0,0,1,9937.5,0,0,0
HIGH SHELF,48000,5000,0,0,1,22500,0,0,0
HIGH SHELF,48000,5000,0,24,1,1230.769231,1.641321499,1.641321496,3.133971582e-09
HIGH SHELF,48000,5000,0,24,1,5062.5,12.13897834,12.1389783,4.361802164e-08
HIGH SHELF,48000,5000,0,24,1,9937.5,19.35488806,19.35488809,2.828312562e-08
HIGH SHELF,48000,5000,0,24,1,22500,23.96387132,23.96387116,1.617280434e-07
HIGH SHELF,48000,5000,0.1000000015,-24,1,1230.769231,0.3626852021,0.3626850686,1.335759464e-07
HIGH SHELF,48000,5000,0.1000000015,-24,1,5062.5,-12.23950849,-12.23950859,9.981808047e-08
HIGH SHELF,48000,5000,0.1000000015,-24,1,9937.5,-23.30673441,-23.30673422,1.877164015e-07
HIGH SHELF,48000,5000,0.1000000015,-24,1,22500,-24.01108282,-24.01108259,2.272813324e-07
HIGH SHELF,48000,5000,0.1000000015,0,1,1230.769231,0,0,0
HIGH SHELF,48000,5000,0.1000000015,0,1,5062.5,0,0,0
HIGH SHELF,48000,5000,0.1000000015,0,1,9937.5,0,0,0
HIGH SHELF,48000,5000,0.1000000015,0,1,22500,0,0,0
HIGH SHELF,48000,5000,0.1000000015,24,1,1230.769231,-0.3626849818,-0.3626850575,7.574726264e-08
HIGH SHELF,48000,5000,0.1000000015,24,1,5062.5,12.2395081,12.23950814,4.121190456e-08
HIGH SHELF,48000,5000,0.1000000015,24,1,9937.5,23.30673345,23.30673347,1.840346897e-08
HIGH SHELF,48000,5000,0.1000000015,24,1,22500,24.01108174,24.0110817,4.149858324e-08
HIGH SHELF,48000,5000,0.6000000238,-24,1,1230.769231,1.866359469,1.866359485,1.625211554e-08
HIGH SHELF,48000,5000,0.6000000238,-24,1,5062.5,-12.36393918,-12.36393928,1.060218024e-07
HIGH SHELF,48000,5000,0.6000000238,-24,1,9937.5,-31.54042647,-31.54042737,9.033788029e-07
HIGH SHELF,48000,5000,0.6000000238,-24,1,22500,-24.03359493,-24.0335962,1.275021582e-06
HIGH SHELF,48000,5000,0.6000000238,0,1,1230.769231,0,0,0
HIGH SHELF,48000,5000,0.6000000238,0,1,5062.5,0,0,0
HIGH SHELF,48000,5000,0.6000000238,0,1,9937.5,0,0,0
HIGH SHELF,48000,5000,0.6000000238,0,1,22500,0,0,0
HIGH SHELF,48000,5000,0.6000000238,24,1,1230.769231,-1.866359397,-1.866359368,2.878686495e-08
HIGH SHELF,48000,5000,0.6000000238,24,1,5062.5,12.36393884,12.36393884,7.495105869e-09
HIGH SHELF,48000,5000,0.6000000238,24,1,9937.5,31.54042615,31.54042616,1.067384314e-08
HIGH SHELF,48000,5000,0.6000000238,24,1,22500,24.03359531,24.03359531,2.997873949e-09
HIGH SHELF,48000,5000,1,-24,1,1230.769231,1.994813345,1.994813379,3.380673297e-08
HIGH SHELF,48000,5000,1,-24,1,5062.5,-12.37749578,-12.37749578,2.62078359e-10
HIGH SHELF,48000,5000,1,-24,1,9937.5,-33.9029763,-33.90297655,2.555908587e-07
HIGH SHELF,48000,5000,1,-24,1,22500,-24.03515785,-24.03515699,8.636121285e-07
HIGH SHELF,48000,5000,1,0,1,1230.769231,0,0,0
HIGH SHELF,48000,5000,1,0,1,5062.5,0,0,0
HIGH SHELF,48000,5000,1,0,1,9937.5,0,0,0
HIGH SHELF,48000,5000,1,0,1,22500,0,0,0
HIGH SHELF,48000,5000,1,24,1,1230.769231,-1.994813246,-1.994813251,5.046322527e-09
HIGH SHELF,48000,5000,1,24,1,5062.5,12.37749534,12.37749535,2.25800223e-09
HIGH SHELF,48000,5000,1,24,1,9937.5,33.90297496,33.90297496,6.689466758e-10
HIGH SHELF,48000,5000,1,24,1,22500,24.03515612,24.03515609,3.319965636e-08
HIGH SHELF,48000,10000,0,-24,1,2550,-1.42019689,-1.420196867,2.324015408e-08
HIGH SHELF,48000,10000,0,-24,1,9937.5,-11.91184563,-11.91184564,1.981388387e-10
HIGH SHELF,48000,10000,0,-24,1,20062.5,-22.77841228,-22.77841283,5.526105884e-07
HIGH SHELF,48000,10000,0,-24,1,22500,-23.81716303,-23.81716239,6.375160888e-07
HIGH SHELF,48000,10000,0,0,1,2550,0,0,0
HIGH SHELF,48000,10000,0,0,1,9937.5,0,0,0
HIGH SHELF,48000,10000,0,0,1,20062.5,0,0,0
HIGH SHELF,48000,10000,0,0,1,22500,0,0,0
HIGH SHELF,48000,10000,0,24,1,2550,1.42019681,1.42019679,2.017116812e-08
HIGH SHELF,48000,10000,0,24,1,9937.5,11.91184526,11.91184519,7.495934584e-08
HIGH SHELF,48000,10000,0,24,1,20062.5,22.77841205,22.778412,4.573714207e-08
HIGH SHELF,48000,10000,0,24,1,22500,23.81716146,23.8171615,4.50697426e-08
HIGH SHELF,48000,10000,0.1000000015,-24,1,2550,0.33671206,0.3367120662,6.175118666e-09
HIGH SHELF,48000,10000,0.1000000015,-24,1,9937.5,-11.84807859,-11.84807878,1.851676168e-07
HIGH SHELF,48000,10000,0.1000000015,-24,1,20062.5,-24.3057406,-24.30574066,5.524063962e-08
HIGH SHELF,48000,10000,0.1000000015,-24,1,22500,-24.05514798,-24.05514529,2.694698168e-06
HIGH SHELF,48000,10000,0.1000000015,0,1,2550,0,0,0
HIGH SHELF,48000,10000,0.1000000015,0,1,9937.5,0,0,0
HIGH SHELF,48000,10000,0.1000000015,0,1,20062.5,0,0,0
HIGH SHELF,48000,10000,0.1000000015,0,1,22500,0,0,0
HIGH SHELF,48000,10000,0.1000000015,24,1,2550,-0.3367121127,-0.3367120537,5.891886033e-08
HIGH SHELF,48000,10000,0.1000000015,24,1,9937.5,11.84807826,11.84807833,6.88904036e-08
HIGH SHELF,48000,10000,0.1000000015,24,1,20062.5,24.30573972,24.30573975,2.492673268e-08
HIGH SHELF,48000,10000,0.1000000015,24,1,22500,24.05514437,24.05514439,1.790862481e-08
HIGH SHELF,48000,10000,0.6000000238,-24,1,2550,1.567965816,1.567965792,2.41674194e-08
HIGH SHELF,48000,10000,0.6000000238,-24,1,9937.5,-11.76916759,-11.76916769,9.836857018e-08
HIGH SHELF,48000,10000,0.6000000238,-24,1,20062.5,-25.31406387,-25.31406386,4.523319497e-09
HIGH SHELF,48000,10000,0.6000000238,-24,1,22500,-24.17297035,-24.17296705,3.299156749e-06
HIGH SHELF,48000,10000,0.6000000238,0,1,2550,0,0,0
HIGH SHELF,48000,10000,0.6000000238,0,1,9937.5,0,0,0
HIGH SHELF,48000,10000,0.6000000238,0,1,20062.5,0,0,0
HIGH SHELF,48000,10000,0.6000000238,0,1,22500,0,0,0
HIGH SHELF,48000,10000,0.6000000238,24,1,2550,-1.567965685,-1.567965694,9.332881357e-09
HIGH SHELF,48000,10000,0.6000000238,24,1,9937.5,11.76916718,11.76916724,5.493577104e-08
HIGH SHELF,48000,10000,0.6000000238,24,1,20062.5,25.31406288,25.31406288,9.319869321e-10
HIGH SHELF,48000,10000,0.6000000238,24,1,22500,24.17296621,24.17296614,6.60871402e-08
HIGH SHELF,48000,10000,1,-24,1,2550,1.66912418,1.66912417,1.009576689e-08
HIGH SHELF,48000,10000,1,-24,1,9937.5,-11.76057219,-11.76057231,1.199132758e-07
HIGH SHELF,48000,10000,1,-24,1,20062.5,-25.39432522,-25.39432499,2.23045399e-07
HIGH SHELF,48000,10000,1,-24,1,22500,-24.18124708,-24.18124459,2.488822579e-06
HIGH SHELF,48000,10000,1,0,1,2550,0,0,0
HIGH SHELF,48000,10000,1,0,1,9937.5,0,0,0
HIGH SHELF,48000,10000,1,0,1,20062.5,0,0,0
HIGH SHELF,48000,10000,1,0,1,22500,0,0,0
HIGH SHELF,48000,10000,1,24,1,2550,-1.669124065,-1.669124064,7.18222759e-10
HIGH SHELF,48000,10000,1,24,1,9937.5,11.76057184,11.76057185,1.500578328e-08
HIGH SHELF,48000,10000,1,24,1,20062.5,25.39432401,25.39432401,2.321965731e-09
HIGH SHELF,48000,10000,1,24,1,22500,24.18124369,24.18124368,2.326657089e-09
HIGH SHELF,48000,20000,0,-24,1,5062.5,-0.2704479256,-0.2704479299,4.299351555e-09
HIGH SHELF,48000,20000,0,-24,1,20062.5,-12.17132375,-12.17132376,1.300038877e-08
HIGH SHELF,48000,20000,0,-24,1,22500,-20.55140016,-20.55140016,6.899395721e-09
HIGH SHELF,48000,20000,0,-24,1,22500,-20.55140016,-20.55140016,6.899395721e-09
HIGH SHELF,48000,20000,0,0,1,5062.5,0,0,0
HIGH SHELF,48000,20000,0,0,1,20062.5,0,0,0
HIGH SHELF,48000,20000,0,0,1,22500,0,0,0
HIGH SHELF,48000,20000,0,0,1,22500,0,0,0
HIGH SHELF,48000,20000,0,24,1,5062.5,0.2704479273,0.2704479143,1.309122331e-08
HIGH SHELF,48000,20000,0,24,1,20062.5,12.17132331,12.17132331,3.475328914e-09
HIGH SHELF,48000,20000,0,24,1,22500,20.55139946,20.55139943,3.382634528e-08
HIGH SHELF,48000,20000,0,24,1,22500,20.55139946,20.55139943,3.382634528e-08
HIGH SHELF,48000,20000,0.1000000015,-24,1,5062.5,0.08067689403,0.08067688641,7.615050202e-09
HIGH SHELF,48000,20000,0.1000000015,-24,1,20062.5,-12.29524912,-12.29524912,1.774653757e-09
HIGH SHELF,48000,20000,0.1000000015,-24,1,22500,-24.09957519,-24.09957518,1.584285592e-08
HIGH SHELF,48000,20000,0.1000000015,-24,1,22500,-24.09957519,-24.09957518,1.584285592e-08
HIGH SHELF,48000,20000,0.1000000015,0,1,5062.5,0,0,0
HIGH SHELF,48000,20000,0.1000000015,0,1,20062.5,0,0,0
HIGH SHELF,48000,20000,0.1000000015,0,1,22500,0,0,0
HIGH SHELF,48000,20000,0.1000000015,0,1,22500,0,0,0
HIGH SHELF,48000,20000,0.1000000015,24,1,5062.5,-0.08067688676,-0.08067688188,4.886022215e-09
HIGH SHELF,48000,20000,0.1000000015,24,1,20062.5,12.29524867,12.29524867,3.026904505e-09
HIGH SHELF,48000,20000,0.1000000015,24,1,22500,24.09957422,24.09957433,1.093026301e-07
HIGH SHELF,48000,20000,0.1000000015,24,1,22500,24.09957422,24.09957433,1.093026301e-07
HIGH SHELF,48000,20000,0.6000000238,-24,1,5062.5,0.2585114577,0.258511479,2.130409326e-08
HIGH SHELF,48000,20000,0.6000000238,-24,1,20062.5,-12.44866515,-12.4486651,4.604297121e-08
HIGH SHELF,48000,20000,0.6000000238,-24,1,22500,-29.0529878,-29.05298846,6.636129406e-07
HIGH SHELF,48000,20000,0.6000000238,-24,1,22500,-29.0529878,-29.05298846,6.636129406e-07
HIGH SHELF,48000,20000,0.6000000238,0,1,5062.5,0,0,0
HIGH SHELF,48000,20000,0.6000000238,0,1,20062.5,0,0,0
HIGH SHELF,48000,20000,0.6000000238,0,1,22500,0,0,0
HIGH SHELF,48000,20000,0.6000000238,0,1,22500,0,0,0
HIGH SHELF,48000,20000,0.6000000238,24,1,5062.5,-0.2585114691,-0.2585114637,5.431008886e-09
HIGH SHELF,48000,20000,0.6000000238,24,1,20062.5,12.44866463,12.44866466,3.649696367e-08
HIGH SHELF,48000,20000,0.6000000238,24,1,22500,29.05298738,29.05298723,1.471257036e-07
HIGH SHELF,48000,20000,0.6000000238,24,1,22500,29.05298738,29.05298723,1.471257036e-07
HIGH SHELF,48000,20000,1,-24,1,5062.5,0.2711102323,0.2711102783,4.599041553e-08
HIGH SHELF,48000,20000,1,-24,1,20062.5,-12.46538241,-12.4653826,1.849179987e-07
HIGH SHELF,48000,20000,1,-24,1,22500,-29.78007436,-29.78007503,6.70247875e-07
HIGH SHELF,48000,20000,1,-24,1,22500,-29.78007436,-29.78007503,6.70247875e-07
HIGH SHELF,48000,20000,1,0,1,5062.5,0,0,0
HIGH SHELF,48000,20000,1,0,1,20062.5,0,0,0
HIGH SHELF,48000,20000,1,0,1,22500,0,0,0
HIGH SHELF,48000,20000,1,0,1,22500,0,0,0
HIGH SHELF,48000,20000,1,24,1,5062.5,-0.2711103122,-0.2711102622,4.997388245e-08
HIGH SHELF,48000,20000,1,24,1,20062.5,12.46538209,12.46538216,7.582495032e-08
HIGH SHELF,48000,20000,1,24,1,22500,29.78007374,29.78007369,4.676239751e-08
HIGH SHELF,48000,20000,1,24,1,22500,29.78007374,29.78007369,4.676239751e-08
HIGH SHELF,48000,1000,0.1000000015,6,0,250,0,0,0
HIGH SHELF,48000,1000,0.1000000015,6,0,1000,0,0,0
HIGH SHELF,48000,1000,0.1000000015,6,0,2000,0,0,0
HIGH SHELF,48000,1000,0.1000000015,6,0,22500,0,0,0
HIGH SHELF,48000,1000,0.1000000015,6,0.349999994,250,-0.04586201639,-0.04586200541,1.098377359e-08
HIGH SHELF,48000,1000,0.1000000015,6,0.349999994,1000,0.8159593146,0.8159594416,1.270061454e-07
HIGH SHELF,48000,1000,0.1000000015,6,0.349999994,2000,2.548994397,2.548994314,8.325390755e-08
HIGH SHELF,48000,1000,0.1000000015,6,0.349999994,22500,2.596033164,2.59603313,3.325264397e-08
HIGH SHELF,48000,1000,0.1000000015,6,1,250,-0.09570315574,-0.09570317685,2.110823346e-08
HIGH SHELF,48000,1000,0.1000000015,6,1,1000,2.99999989,2.999999927,3.755724609e-08
HIGH SHELF,48000,1000,0.1000000015,6,1,2000,6.074899711,6.074899644,6.685072296e-08
HIGH SHELF,48000,1000,0.1000000015,6,1,22500,6.000078443,6.00007853,8.755156178e-08
HIGH SHELF,96000,20,0,-24,1,5,-1.79467251,-1.794672508,2.753629214e-09
HIGH SHELF,96000,20,0,-24,1,20,-11.99999999,-12,5.565750527e-09
HIGH SHELF,96000,20,0,-24,1,40,-18.52898655,-18.52898656,5.68919134e-09
HIGH SHELF,96000,20,0,-24,1,45000,-24.00000057,-23.99999987,7.059572704e-07
HIGH SHELF,96000,20,0,0,1,5,0,0,0
HIGH SHELF,96000,20,0,0,1,20,0,0,0
HIGH SHELF,96000,20,0,0,1,40,0,0,0
HIGH SHELF,96000,20,0,0,1,45000,0,0,0
HIGH SHELF,96000,20,0,24,1,5,1.794672414,1.794672411,2.442120672e-09
HIGH SHELF,96000,20,0,24,1,20,11.99999956,11.99999955,7.909234601e-09
HIGH SHELF,96000,20,0,24,1,40,18.52898591,18.52898591,2.836255675e-10
HIGH SHELF,96000,20,0,24,1,45000,23.99999901,23.99999897,3.579921781e-08
HIGH SHELF,96000,20,0.1000000015,-24,1,5,0.3748717,0.3748717061,6.108462014e-09
HIGH SHELF,96000,20,0.1000000015,-24,1,20,-12.00000001,-12,8.083937963e-09
HIGH SHELF,96000,20,0.1000000015,-24,1,40,-22.45538021,-22.4553802,1.299072405e-08
HIGH SHELF,96000,20,0.1000000015,-24,1,45000,-24.00000018,-24.00000004,1.380543893e-07
HIGH SHELF,96000,20,0.1000000015,0,1,5,0,0,0
HIGH SHELF,96000,20,0.1000000015,0,1,20,0,0,0
HIGH SHELF,96000,20,0.1000000015,0,1,40,0,0,0
HIGH SHELF,96000,20,0.1000000015,0,1,45000,0,0,0
HIGH SHELF,96000,20,0.1000000015,24,1,5,-0.3748716927,-0.3748716968,4.066889825e-09
HIGH SHELF,96000,20,0.1000000015,24,1,20,11.99999955,11.99999955,1.447676645e-09
HIGH SHELF,96000,20,0.1000000015,24,1,40,22.45537951,22.45537952,6.333790381e-09
HIGH SHELF,96000,20,0.1000000015,24,1,45000,23.99999917,23.99999915,2.859689552e-08
HIGH SHELF,96000,20,0.6000000238,-24,1,5,2.083607476,2.083607476,9.333850359e-11
HIGH SHELF,96000,20,0.6000000238,-24,1,20,-12.00000001,-12,8.956721587e-09
HIGH SHELF,96000,20,0.6000000238,-24,1,40,-31.80177291,-31.80177281,1.042988336e-07
HIGH SHELF,96000,20,0.6000000238,-24,1,45000,-24.0000018,-24.00000013,1.67643315e-06
HIGH SHELF,96000,20,0.6000000238,0,1,5,0,0,0
HIGH SHELF,96000,20,0.6000000238,0,1,20,0,0,0
HIGH SHELF,96000,20,0.6000000238,0,1,40,0,0,0
HIGH SHELF,96000,20,0.6000000238,0,1,45000,0,0,0
HIGH SHELF,96000,20,0.6000000238,24,1,5,-2.08360734,-2.083607344,3.765908696e-09
HIGH SHELF,96000,20,0.6000000238,24,1,20,11.99999955,11.99999955,5.096104871e-09
HIGH SHELF,96000,20,0.6000000238,24,1,40,31.80177209,31.80177209,3.855254782e-09
HIGH SHELF,96000,20,0.6000000238,24,1,45000,23.99999925,23.99999923,2.108476505e-08
HIGH SHELF,96000,20,1,-24,1,5,2.233967132,2.233967137,4.198559334e-09
HIGH SHELF,96000,20,1,-24,1,20,-11.99999999,-12,6.557509646e-09
HIGH SHELF,96000,20,1,-24,1,40,-35.51627507,-35.516275,7.20820772e-08
HIGH SHELF,96000,20,1,-24,1,45000,-24.00000016,-24.00000013,3.298284668e-08
HIGH SHELF,96000,20,1,0,1,5,0,0,0
HIGH SHELF,96000,20,1,0,1,20,0,0,0
HIGH SHELF,96000,20,1,0,1,40,0,0,0
HIGH SHELF,96000,20,1,0,1,45000,0,0,0
HIGH SHELF,96000,20,1,24,1,5,-2.233966991,-2.233966991,3.06542014e-11
HIGH SHELF,96000,20,1,24,1,20,11.99999955,11.99999955,1.474779854e-09
HIGH SHELF,96000,20,1,24,1,40,35.51627426,35.51627427,7.833186544e-09
HIGH SHELF,96000,20,1,24,1,45000,23.99999915,23.99999924,8.275327001e-08
HIGH SHELF,96000,100,0,-24,1,25,-1.794662227,-1.794662231,3.370198898e-09
HIGH SHELF,96000,100,0,-24,1,100,-11.99999992,-11.99999994,1.385924442e-08
HIGH SHELF,96000,100,0,-24,1,200,-18.529065,-18.52906504,4.161404821e-08
HIGH SHELF,96000,100,0,-24,1,45000,-23.99999764,-23.99999664,1.006990242e-06
HIGH SHELF,96000,100,0,0,1,25,0,0,0
HIGH SHELF,96000,100,0,0,1,100,0,0,0
HIGH SHELF,96000,100,0,0,1,200,0,0,0
HIGH SHELF,96000,100,0,0,1,45000,0,0,0
HIGH SHELF,96000,100,0,24,1,25,1.794662143,1.794662134,8.962296683e-09
HIGH SHELF,96000,100,0,24,1,100,11.99999947,11.99999949,1.544251838e-08
HIGH SHELF,96000,100,0,24,1,200,18.52906438,18.5290644,2.067173188e-08
HIGH SHELF,96000,100,0,24,1,45000,23.99999577,23.99999574,3.264396309e-08
HIGH SHELF,96000,100,0.1000000015,-24,1,25,0.3748710678,0.3748710596,8.264970805e-09
HIGH SHELF,96000,100,0.1000000015,-24,1,100,-11.99999989,-11.99999989,1.957521256e-09
HIGH SHELF,96000,100,0.1000000015,-24,1,200,-22.45547185,-22.45547168,1.713280593e-07
HIGH SHELF,96000,100,0.1000000015,-24,1,45000,-24.00000151,-24.00000104,4.731771588e-07
HIGH SHELF,96000,100,0.1000000015,0,1,25,0,0,0
HIGH SHELF,96000,100,0.1000000015,0,1,100,0,0,0
HIGH SHELF,96000,100,0.1000000015,0,1,200,0,0,0
HIGH SHELF,96000,100,0.1000000015,0,1,45000,0,0,0
HIGH SHELF,96000,100,0.1000000015,24,1,25,-0.3748710627,-0.3748710502,1.241519465e-08
HIGH SHELF,96000,100,0.1000000015,24,1,100,11.99999944,11.99999944,1.178266373e-09
HIGH SHELF,96000,100,0.1000000015,24,1,200,22.45547097,22.455471,2.718954217e-08
HIGH SHELF,96000,100,0.1000000015,24,1,45000,24.00000019,24.00000014,4.911534379e-08
HIGH SHELF,96000,100,0.6000000238,-24,1,25,2.083592625,2.083592623,1.314099884e-09
HIGH SHELF,96000,100,0.6000000238,-24,1,100,-11.99999974,-11.99999983,9.500164833e-08
HIGH SHELF,96000,100,0.6000000238,-24,1,200,-31.80186772,-31.80186722,5.066601094e-07
HIGH SHELF,96000,100,0.6000000238,-24,1,45000,-24.00000135,-24.00000312,1.766908434e-06
HIGH SHELF,96000,100,0.6000000238,0,1,25,0,0,0
HIGH SHELF,96000,100,0.6000000238,0,1,100,0,0,0
HIGH SHELF,96000,100,0.6000000238,0,1,200,0,0,0
HIGH SHELF,96000,100,0.6000000238,0,1,45000,0,0,0
HIGH SHELF,96000,100,0.6000000238,24,1,25,-2.083592486,-2.083592491,4.727530478e-09
HIGH SHELF,96000,100,0.6000000238,24,1,100,11.99999938,11.99999939,4.873991433e-09
HIGH SHELF,96000,100,0.6000000238,24,1,200,31.80186649,31.8018665,1.237274905e-08
HIGH SHELF,96000,100,0.6000000238,24,1,45000,24.00000212,24.00000222,9.913826915e-08
HIGH SHELF,96000,100,1,-24,1,25,2.233950729,2.233950724,4.679775734e-09
HIGH SHELF,96000,100,1,-24,1,100,-11.99999986,-11.99999983,3.061424847e-08
HIGH SHELF,96000,100,1,-24,1,200,-35.51636267,-35.51636218,4.842598393e-07
HIGH SHELF,96000,100,1,-24,1,45000,-24.00000445,-24.00000326,1.19017812e-06
HIGH SHELF,96000,100,1,0,1,25,0,0,0
HIGH SHELF,96000,100,1,0,1,100,0,0,0
HIGH SHELF,96000,100,1,0,1,200,0,0,0
HIGH SHELF,96000,100,1,0,1,45000,0,0,0
HIGH SHELF,96000,100,1,24,1,25,-2.233950578,-2.233950579,1.557960427e-10
HIGH SHELF,96000,100,1,24,1,100,11.99999936,11.99999938,2.134932853e-08
HIGH SHELF,96000,100,1,24,1,200,35.51636144,35.51636145,6.49277343e-09
HIGH SHELF,96000,100,1,24,1,45000,24.00000242,24.00000237,5.862724972e-08
HIGH SHELF,96000,500,0,-24,1,125,-1.794405805,-1.794405797,7.955082482e-09
HIGH SHELF,96000,500,0,-24,1,500,-11.99999983,-11.99999994,1.058694066e-07
HIGH SHELF,96000,500,0,-24,1,1000,-18.531029,-18.53102878,2.182169179e-07
HIGH SHELF,96000,500,0,-24,1,45000,-23.99991589,-23.99991585,4.384645624e-08
HIGH SHELF,96000,500,0,0,1,125,0,0,0
HIGH SHELF,96000,500,0,0,1,500,0,0,0
HIGH SHELF,96000,500,0,0,1,1000,0,0,0
HIGH SHELF,96000,500,0,0,1,45000,0,0,0
HIGH SHELF,96000,500,0,24,1,125,1.794405713,1.794405701,1.14376178e-08
HIGH SHELF,96000,500,0,24,1,500,11.9999995,11.99999949,1.26992723e-08
HIGH SHELF,96000,500,0,24,1,1000,18.53102814,18.53102814,1.513407177e-10
HIGH SHELF,96000,500,0,24,1,45000,23.999915,23.99991495,4.596014413e-08
HIGH SHELF,96000,500,0.1000000015,-24,1,125,0.374854911,0.3748549184,7.398943513e-09
HIGH SHELF,96000,500,0.1000000015,-24,1,500,-11.9999998,-11.99999989,9.480094398e-08
HIGH SHELF,96000,500,0.1000000015,-24,1,1000,-22.45776014,-22.45775988,2.596140156e-07
HIGH SHELF,96000,500,0.1000000015,-24,1,45000,-24.00002494,-24.00002592,9.799260869e-07
HIGH SHELF,96000,500,0.1000000015,0,1,125,0,0,0
HIGH SHELF,96000,500,0.1000000015,0,1,500,0,0,0
HIGH SHELF,96000,500,0.1000000015,0,1,1000,0,0,0
HIGH SHELF,96000,500,0.1000000015,0,1,45000,0,0,0
HIGH SHELF,96000,500,0.1000000015,24,1,125,-0.3748549038,-0.374854909,5.2435883e-09
HIGH SHELF,96000,500,0.1000000015,24,1,500,11.99999943,11.99999944,1.416110829e-08
HIGH SHELF,96000,500,0.1000000015,24,1,1000,22.45775921,22.45775919,1.563439955e-08
HIGH SHELF,96000,500,0.1000000015,24,1,45000,24.00002502,24.00002502,5.089733079e-10
HIGH SHELF,96000,500,0.6000000238,-24,1,125,2.083222019,2.083222025,5.462177322e-09
HIGH SHELF,96000,500,0.6000000238,-24,1,500,-11.99999962,-11.99999983,2.112677771e-07
HIGH SHELF,96000,500,0.6000000238,-24,1,1000,-31.80422167,-31.80422149,1.802852747e-07
HIGH SHELF,96000,500,0.6000000238,-24,1,45000,-24.00007693,-24.00007793,1.001753902e-06
HIGH SHELF,96000,500,0.6000000238,0,1,125,0,0,0
HIGH SHELF,96000,500,0.6000000238,0,1,500,0,0,0
HIGH SHELF,96000,500,0.6000000238,0,1,1000,0,0,0
HIGH SHELF,96000,500,0.6000000238,0,1,45000,0,0,0
HIGH SHELF,96000,500,0.6000000238,24,1,125,-2.083221896,-2.083221893,3.426156525e-09
HIGH SHELF,96000,500,0.6000000238,24,1,500,11.99999937,11.99999939,1.387195514e-08
HIGH SHELF,96000,500,0.6000000238,24,1,1000,31.80422076,31.80422077,6.79063028e-09
HIGH SHELF,96000,500,0.6000000238,24,1,45000,24.00007707,24.00007704,3.051303654e-08
HIGH SHELF,96000,500,1,-24,1,125,2.233541203,2.233541209,6.171509248e-09
HIGH SHELF,96000,500,1,-24,1,500,-11.99999987,-11.99999983,4.086955085e-08
HIGH SHELF,96000,500,1,-24,1,1000,-35.51852208,-35.51852456,2.476373652e-06
HIGH SHELF,96000,500,1,-24,1,45000,-24.00008035,-24.00008153,1.17935536e-06
HIGH SHELF,96000,500,1,0,1,125,0,0,0
HIGH SHELF,96000,500,1,0,1,500,0,0,0
HIGH SHELF,96000,500,1,0,1,1000,0,0,0
HIGH SHELF,96000,500,1,0,1,45000,0,0,0
HIGH SHELF,96000,500,1,24,1,125,-2.233541069,-2.233541063,5.285353044e-09
HIGH SHELF,96000,500,1,24,1,500,11.99999931,11.99999938,6.761287263e-08
HIGH SHELF,96000,500,1,24,1,1000,35.51852373,35.51852382,9.438328696e-08
HIGH SHELF,96000,500,1,24,1,45000,24.00008069,24.00008063,6.435039257e-08
HIGH SHELF,96000,1000,0,-24,1,250,-1.793604457,-1.793604454,3.070744992e-09
HIGH SHELF,96000,1000,0,-24,1,1000,-11.99999979,-11.99999998,1.874049484e-07
HIGH SHELF,96000,1000,0,-24,1,2000,-18.53717027,-18.53717022,5.168433992e-08
HIGH SHELF,96000,1000,0,-24,1,45000,-23.99966322,-23.99966321,1.700768859e-08
HIGH SHELF,96000,1000,0,0,1,250,0,0,0
HIGH SHELF,96000,1000,0,0,1,1000,0,0,0
HIGH SHELF,96000,1000,0,0,1,2000,0,0,0
HIGH SHELF,96000,1000,0,0,1,45000,0,0,0
HIGH SHELF,96000,1000,0,24,1,250,1.793604324,1.793604358,3.340232368e-08
HIGH SHELF,96000,1000,0,24,1,1000,11.99999953,11.99999953,4.024375944e-09
HIGH SHELF,96000,1000,0,24,1,2000,18.53716959,18.53716957,2.153499823e-08
HIGH SHELF,96000,1000,0,24,1,45000,23.99966232,23.99966231,4.432623157e-09
HIGH SHELF,96000,1000,0.1000000015,-24,1,250,0.3748043847,0.374804384,7.133579144e-10
HIGH SHELF,96000,1000,0.1000000015,-24,1,1000,-11.99999996,-11.99999996,7.690643677e-10
HIGH SHELF,96000,1000,0.1000000015,-24,1,2000,-22.4649085,-22.46490848,2.474968497e-08
HIGH SHELF,96000,1000,0.1000000015,-24,1,45000,-24.00010357,-24.00010372,1.493116528e-07
HIGH SHELF,96000,1000,0.1000000015,0,1,250,0,0,0
HIGH SHELF,96000,1000,0.1000000015,0,1,1000,0,0,0
HIGH SHELF,96000,1000,0.1000000015,0,1,2000,0,0,0
HIGH SHELF,96000,1000,0.1000000015,0,1,45000,0,0,0
HIGH SHELF,96000,1000,0.1000000015,24,1,250,-0.3748043586,-0.3748043747,1.611045108e-08
HIGH SHELF,96000,1000,0.1000000015,24,1,1000,11.99999944,11.99999951,7.472585484e-08
HIGH SHELF,96000,1000,0.1000000015,24,1,2000,22.46490787,22.4649078,7.374261912e-08
HIGH SHELF,96000,1000,0.1000000015,24,1,45000,24.00010281,24.00010282,1.082908963e-08
HIGH SHELF,96000,1000,0.6000000238,-24,1,250,2.082064098,2.082064081,1.713956405e-08
HIGH SHELF,96000,1000,0.6000000238,-24,1,1000,-11.99999957,-11.99999994,3.66809533e-07
HIGH SHELF,96000,1000,0.6000000238,-24,1,2000,-31.81148612,-31.81148656,4.363215371e-07
HIGH SHELF,96000,1000,0.6000000238,-24,1,45000,-24.00030935,-24.0003119,2.550278594e-06
HIGH SHELF,96000,1000,0.6000000238,0,1,250,0,0,0
HIGH SHELF,96000,1000,0.6000000238,0,1,1000,0,0,0
HIGH SHELF,96000,1000,0.6000000238,0,1,2000,0,0,0
HIGH SHELF,96000,1000,0.6000000238,0,1,45000,0,0,0
HIGH SHELF,96000,1000,0.6000000238,24,1,250,-2.082063929,-2.082063949,1.920001419e-08
HIGH SHELF,96000,1000,0.6000000238,24,1,1000,11.99999942,11.99999949,6.819599285e-08
HIGH SHELF,96000,1000,0.6000000238,24,1,2000,31.81148575,31.81148584,8.63338121e-08
HIGH SHELF,96000,1000,0.6000000238,24,1,45000,24.00031093,24.000311,6.830302635e-08
HIGH SHELF,96000,1000,1,-24,1,250,2.232261706,2.232261703,3.906288626e-09
HIGH SHELF,96000,1000,1,-24,1,1000,-12.00000005,-11.99999994,1.116024744e-07
HIGH SHELF,96000,1000,1,-24,1,2000,-35.52505166,-35.52505237,7.063766345e-07
HIGH SHELF,96000,1000,1,-24,1,45000,-24.00032733,-24.00032628,1.041526402e-06
HIGH SHELF,96000,1000,1,0,1,250,0,0,0
HIGH SHELF,96000,1000,1,0,1,1000,0,0,0
HIGH SHELF,96000,1000,1,0,1,2000,0,0,0
HIGH SHELF,96000,1000,1,0,1,45000,0,0,0
HIGH SHELF,96000,1000,1,24,1,250,-2.232261574,-2.232261557,1.654449361e-08
HIGH SHELF,96000,1000,1,24,1,1000,11.9999995,11.99999949,6.488506177e-09
HIGH SHELF,96000,1000,1,24,1,2000,35.5250515,35.52505162,1.211546268e-07
HIGH SHELF,96000,1000,1,24,1,45000,24.00032541,24.00032539,2.570168967e-08
HIGH SHELF,96000,5000,0,-24,1,1246.753247,-1.759773332,-1.75977334,8.086125713e-09
HIGH SHELF,96000,5000,0,-24,1,5100,-12.20965973,-12.20965975,1.455191034e-08
HIGH SHELF,96000,5000,0,-24,1,10125,-18.83649835,-18.83649828,6.67282416e-08
HIGH SHELF,96000,5000,0,-24,1,45000,-23.99143542,-23.99143828,2.862198057e-06
HIGH SHELF,96000,5000,0,0,1,1246.753247,0,0,0
HIGH SHELF,96000,5000,0,0,1,5100,0,0,0
HIGH SHELF,96000,5000,0,0,1,10125,0,0,0
HIGH SHELF,96000,5000,0,0,1,45000,0,0,0
HIGH SHELF,96000,5000,0,24,1,1246.753247,1.759773252,1.759773246,5.907080103e-09
HIGH SHELF,96000,5000,0,24,1,5100,12.20965931,12.20965929,1.511259162e-08
HIGH SHELF,96000,5000,0,24,1,10125,18.83649757,18.83649762,4.817288835e-08
HIGH SHELF,96000,5000,0,24,1,45000,23.99143744,23.99143739,5.532667569e-08
HIGH SHELF,96000,5000,0.1000000015,-24,1,1246.753247,0.3725420161,0.3725420392,2.311929628e-08
HIGH SHELF,96000,5000,0.1000000015,-24,1,5100,-12.36131298,-12.36131301,3.670027438e-08
HIGH SHELF,96000,5000,0.1000000015,-24,1,10125,-22.79904804,-22.79904794,1.00240829e-07
HIGH SHELF,96000,5000,0.1000000015,-24,1,45000,-24.00263395,-24.00263424,2.974641902e-07
HIGH SHELF,96000,5000,0.1000000015,0,1,1246.753247,0,0,0
HIGH SHELF,96000,5000,0.1000000015,0,1,5100,0,0,0
HIGH SHELF,96000,5000,0.1000000015,0,1,10125,0,0,0
HIGH SHELF,96000,5000,0.1000000015,0,1,45000,0,0,0
HIGH SHELF,96000,5000,0.1000000015,24,1,1246.753247,-0.3725420439,-0.3725420294,1.449742634e-08
HIGH SHELF,96000,5000,0.1000000015,24,1,5100,12.3613126,12.36131256,3.336954535e-08
HIGH SHELF,96000,5000,0.1000000015,24,1,10125,22.79904725,22.79904723,1.6813134e-08
HIGH SHELF,96000,5000,0.1000000015,24,1,45000,24.00263331,24.00263335,3.178963759e-08
HIGH SHELF,96000,5000,0.6000000238,-24,1,1246.753247,2.033398942,2.033398917,2.471868915e-08
HIGH SHELF,96000,5000,0.6000000238,-24,1,5100,-12.54910423,-12.54910434,1.138462715e-07
HIGH SHELF,96000,5000,0.6000000238,-24,1,10125,-31.984631,-31.98463032,6.798665622e-07
HIGH SHELF,96000,5000,0.6000000238,-24,1,45000,-24.00793706,-24.00793632,7.396917541e-07
HIGH SHELF,96000,5000,0.6000000238,0,1,1246.753247,0,0,0
HIGH SHELF,96000,5000,0.6000000238,0,1,5100,0,0,0
HIGH SHELF,96000,5000,0.6000000238,0,1,10125,0,0,0
HIGH SHELF,96000,5000,0.6000000238,0,1,45000,0,0,0
HIGH SHELF,96000,5000,0.6000000238,24,1,1246.753247,-2.033398832,-2.033398788,4.320640085e-08
HIGH SHELF,96000,5000,0.6000000238,24,1,5100,12.54910391,12.5491039,7.305168914e-09
HIGH SHELF,96000,5000,0.6000000238,24,1,10125,31.98462935,31.98462937,2.205663829e-08
HIGH SHELF,96000,5000,0.6000000238,24,1,45000,24.00793548,24.00793542,5.222721278e-08
HIGH SHELF,96000,5000,1,-24,1,1246.753247,2.178535241,2.17853526,1.876182854e-08
HIGH SHELF,96000,5000,1,-24,1,5100,-12.56957295,-12.56957319,2.46640619e-07
HIGH SHELF,96000,5000,1,-24,1,10125,-35.42390387,-35.4239043,4.251667454e-07
HIGH SHELF,96000,5000,1,-24,1,45000,-24.00830318,-24.00830301,1.647741197e-07
HIGH SHELF,96000,5000,1,0,1,1246.753247,0,0,0
HIGH SHELF,96000,5000,1,0,1,5100,0,0,0
HIGH SHELF,96000,5000,1,0,1,10125,0,0,0
HIGH SHELF,96000,5000,1,0,1,45000,0,0,0
HIGH SHELF,96000,5000,1,24,1,1246.753247,-2.178535152,-2.178535119,3.330549503e-08
HIGH SHELF,96000,5000,1,24,1,5100,12.56957279,12.56957276,2.941802668e-08
HIGH SHELF,96000,5000,1,24,1,10125,35.42390306,35.42390304,1.617369438e-08
HIGH SHELF,96000,5000,1,24,1,45000,24.00830203,24.00830212,8.564995913e-08
HIGH SHELF,96000,10000,0,-24,1,2461.538462,-1.641321602,-1.641321604,2.409742683e-09
HIGH SHELF,96000,10000,0,-24,1,10125,-12.1389789,-12.13897882,8.469109813e-08
HIGH SHELF,96000,10000,0,-24,1,19875,-19.35488875,-19.35488881,6.021130083e-08
HIGH SHELF,96000,10000,0,-24,1,45000,-23.96387299,-23.96387206,9.306366113e-07
HIGH SHELF,96000,10000,0,0,1,2461.538462,0,0,0
HIGH SHELF,96000,10000,0,0,1,10125,0,0,0
HIGH SHELF,96000,10000,0,0,1,19875,0,0,0
HIGH SHELF,96000,10000,0,0,1,45000,0,0,0
HIGH SHELF,96000,10000,0,24,1,2461.538462,1.641321495,1.641321516,2.018839679e-08
HIGH SHELF,96000,10000,0,24,1,10125,12.13897839,12.13897837,2.092329465e-08
HIGH SHELF,96000,10000,0,24,1,19875,19.35488816,19.35488813,2.770380814e-08
HIGH SHELF,96000,10000,0,24,1,45000,23.96387132,23.96387116,1.61256672e-07
HIGH SHELF,96000,10000,0.1000000015,-24,1,2461.538462,0.3626852021,0.3626850704,1.317318998e-07
HIGH SHELF,96000,10000,0.1000000015,-24,1,10125,-12.23950858,-12.2395087,1.273857073e-07
HIGH SHELF,96000,10000,0.1000000015,-24,1,19875,-23.30673443,-23.30673426,1.70506552e-07
HIGH SHELF,96000,10000,0.1000000015,-24,1,45000,-24.01108282,-24.01108259,2.274253665e-07
HIGH SHELF,96000,10000,0.1000000015,0,1,2461.538462,0,0,0
HIGH SHELF,96000,10000,0.1000000015,0,1,10125,0,0,0
HIGH SHELF,96000,10000,0.1000000015,0,1,19875,0,0,0
HIGH SHELF,96000,10000,0.1000000015,0,1,45000,0,0,0
HIGH SHELF,96000,10000,0.1000000015,24,1,2461.538462,-0.3626849936,-0.3626850594,6.571726427e-08
HIGH SHELF,96000,10000,0.1000000015,24,1,10125,12.23950821,12.23950825,4.71392485e-08
HIGH SHELF,96000,10000,0.1000000015,24,1,19875,23.3067335,23.30673351,4.403063691e-09
HIGH SHELF,96000,10000,0.1000000015,24,1,45000,24.01108174,24.0110817,4.164262979e-08
HIGH SHELF,96000,10000,0.6000000238,-24,1,2461.538462,1.866359577,1.866359512,6.503081335e-08
HIGH SHELF,96000,10000,0.6000000238,-24,1,10125,-12.36393954,-12.36393946,7.642387834e-08
HIGH SHELF,96000,10000,0.6000000238,-24,1,19875,-31.54042614,-31.5404273,1.161921186e-06
HIGH SHELF,96000,10000,0.6000000238,-24,1,45000,-24.03359493,-24.0335962,1.274551026e-06
HIGH SHELF,96000,10000,0.6000000238,0,1,2461.538462,0,0,0
HIGH SHELF,96000,10000,0.6000000238,0,1,10125,0,0,0
HIGH SHELF,96000,10000,0.6000000238,0,1,19875,0,0,0
HIGH SHELF,96000,10000,0.6000000238,0,1,45000,0,0,0
HIGH SHELF,96000,10000,0.6000000238,24,1,2461.538462,-1.866359391,-1.866359395,3.464492804e-09
HIGH SHELF,96000,10000,0.6000000238,24,1,10125,12.36393902,12.36393902,5.720717233e-10
HIGH SHELF,96000,10000,0.6000000238,24,1,19875,31.54042609,31.54042609,4.729873382e-09
HIGH SHELF,96000,10000,0.6000000238,24,1,45000,24.03359531,24.03359531,3.4381058e-09
HIGH SHELF,96000,10000,1,-24,1,2461.538462,1.994813368,1.994813408,4.031675144e-08
HIGH SHELF,96000,10000,1,-24,1,10125,-12.37749604,-12.37749597,7.495196419e-08
HIGH SHELF,96000,10000,1,-24,1,19875,-33.90297609,-33.90297639,2.935335948e-07
HIGH SHELF,96000,10000,1,-24,1,45000,-24.03515785,-24.03515699,8.64072919e-07
HIGH SHELF,96000,10000,1,0,1,2461.538462,0,0,0
HIGH SHELF,96000,10000,1,0,1,10125,0,0,0
HIGH SHELF,96000,10000,1,0,1,19875,0,0,0
HIGH SHELF,96000,10000,1,0,1,45000,0,0,0
HIGH SHELF,96000,10000,1,24,1,2461.538462,-1.994813322,-1.99481328,4.16036619e-08
HIGH SHELF,96000,10000,1,24,1,10125,12.37749564,12.37749553,1.137590688e-07
HIGH SHELF,96000,10000,1,24,1,19875,33.9029748,33.90297479,1.044805842e-08
HIGH SHELF,96000,10000,1,24,1,45000,24.03515612,24.03515609,3.36604824e-08
HIGH SHELF,96000,20000,0,-24,1,5100,-1.420196894,-1.420196887,6.487537785e-09
HIGH SHELF,96000,20000,0,-24,1,19875,-11.91184575,-11.91184572,3.971448637e-08
HIGH SHELF,96000,20000,0,-24,1,40125,-22.77841229,-22.77841285,5.646073857e-07
HIGH SHELF,96000,20000,0,-24,1,45000,-23.81716303,-23.81716239,6.347349775e-07
HIGH SHELF,96000,20000,0,0,1,5100,0,0,0
HIGH SHELF,96000,20000,0,0,1,19875,0,0,0
HIGH SHELF,96000,20000,0,0,1,40125,0,0,0
HIGH SHELF,96000,20000,0,0,1,45000,0,0,0
HIGH SHELF,96000,20000,0,24,1,5100,1.42019685,1.42019681,4.006754339e-08
HIGH SHELF,96000,20000,0,24,1,19875,11.91184532,11.91184527,4.907832052e-08
HIGH SHELF,96000,20000,0,24,1,40125,22.77841208,22.77841202,5.694390826e-08
HIGH SHELF,96000,20000,0,24,1,45000,23.81716146,23.81716151,4.793963093e-08
HIGH SHELF,96000,20000,0.1000000015,-24,1,5100,0.3367120563,0.336712069,1.271769473e-08
HIGH SHELF,96000,20000,0.1000000015,-24,1,19875,-11.84807885,-11.84807891,6.204393621e-08
HIGH SHELF,96000,20000,0.1000000015,-24,1,40125,-24.30574056,-24.30574065,9.4699665e-08
HIGH SHELF,96000,20000,0.1000000015,-24,1,45000,-24.05514798,-24.05514528,2.695518315e-06
HIGH SHELF,96000,20000,0.1000000015,0,1,5100,0,0,0
HIGH SHELF,96000,20000,0.1000000015,0,1,19875,0,0,0
HIGH SHELF,96000,20000,0.1000000015,0,1,40125,0,0,0
HIGH SHELF,96000,20000,0.1000000015,0,1,45000,0,0,0
HIGH SHELF,96000,20000,0.1000000015,24,1,5100,-0.3367121242,-0.3367120565,6.765272535e-08
HIGH SHELF,96000,20000,0.1000000015,24,1,19875,11.84807847,11.84807847,1.905503311e-09
HIGH SHELF,96000,20000,0.1000000015,24,1,40125,24.30573973,24.30573975,1.813312167e-08
HIGH SHELF,96000,20000,0.1000000015,24,1,45000,24.05514437,24.05514439,1.708845065e-08
HIGH SHELF,96000,20000,0.6000000238,-24,1,5100,1.567965822,1.567965818,3.728848397e-09
HIGH SHELF,96000,20000,0.6000000238,-24,1,19875,-11.76916796,-11.7691679,5.546290938e-08
HIGH SHELF,96000,20000,0.6000000238,-24,1,40125,-25.31406387,-25.31406384,2.642397412e-08
HIGH SHELF,96000,20000,0.6000000238,-24,1,45000,-24.17297035,-24.17296705,3.301844369e-06
HIGH SHELF,96000,20000,0.6000000238,0,1,5100,0,0,0
HIGH SHELF,96000,20000,0.6000000238,0,1,19875,0,0,0
HIGH SHELF,96000,20000,0.6000000238,0,1,40125,0,0,0
HIGH SHELF,96000,20000,0.6000000238,0,1,45000,0,0,0
HIGH SHELF,96000,20000,0.6000000238,24,1,5100,-1.56796571,-1.56796572,1.082115197e-08
HIGH SHELF,96000,20000,0.6000000238,24,1,19875,11.76916747,11.76916745,2.708940627e-08
HIGH SHELF,96000,20000,0.6000000238,24,1,40125,25.31406288,25.31406286,1.706223873e-08
HIGH SHELF,96000,20000,0.6000000238,24,1,45000,24.17296617,24.17296614,2.587825598e-08
HIGH SHELF,96000,20000,1,-24,1,5100,1.669124187,1.669124198,1.084525181e-08
HIGH SHELF,96000,20000,1,-24,1,19875,-11.76057242,-11.76057252,1.022183658e-07
HIGH SHELF,96000,20000,1,-24,1,40125,-25.39432517,-25.39432497,2.009578068e-07
HIGH SHELF,96000,20000,1,-24,1,45000,-24.18124708,-24.18124459,2.491643549e-06
HIGH SHELF,96000,20000,1,0,1,5100,0,0,0
HIGH SHELF,96000,20000,1,0,1,19875,0,0,0
HIGH SHELF,96000,20000,1,0,1,40125,0,0,0
HIGH SHELF,96000,20000,1,0,1,45000,0,0,0
HIGH SHELF,96000,20000,1,24,1,5100,-1.66912411,-1.669124092,1.728110477e-08
HIGH SHELF,96000,20000,1,24,1,19875,11.76057207,11.76057207,2.716206815e-09
HIGH SHELF,96000,20000,1,24,1,40125,25.394324,25.39432399,9.157866465e-09
HIGH SHELF,96000,20000,1,24,1,45000,24.18124369,24.18124368,5.147657411e-09
HIGH SHELF,96000,1000,0.1000000015,6,0,250,0,0,0
HIGH SHELF,96000,1000,0.1000000015,6,0,1000,0,0,0
HIGH SHELF,96000,1000,0.1000000015,6,0,2000,0,0,0
HIGH SHELF,96000,1000,0.1000000015,6,0,45000,0,0,0
HIGH SHELF,96000,1000,0.1000000015,6,0.349999994,250,-0.04594253096,-0.04594255604,2.507516995e-08
HIGH SHELF,96000,1000,0.1000000015,6,0.349999994,1000,0.81595932,0.8159594645,1.445117483e-07
HIGH SHELF,96000,1000,0.1000000015,6,0.349999994,2000,2.546954806,2.546954879,7.2675433e-08
HIGH SHELF,96000,1000,0.1000000015,6,0.349999994,45000,2.596008245,2.596008261,1.544474371e-08
HIGH SHELF,96000,1000,0.1000000015,6,1,250,-0.09584927943,-0.09584927384,5.59500498e-09
HIGH SHELF,96000,1000,0.1000000015,6,1,1000,2.999999961,2.999999981,1.958167195e-08
HIGH SHELF,96000,1000,0.1000000015,6,1,2000,6.072544575,6.072544589,1.408386407e-08
HIGH SHELF,96000,1000,0.1000000015,6,1,45000,6.000019629,6.000019591,3.835460283e-08
HIGH SHELF,192000,20,0,-24,1,5,-1.794672825,-1.794672828,3.410008997e-09
HIGH SHELF,192000,20,0,-24,1,20,-11.99999999,-12,5.98307226e-09
HIGH SHELF,192000,20,0,-24,1,40,-18.52898403,-18.5289841,7.238420219e-08
HIGH SHELF,192000,20,0,-24,1,90000,-24.00000035,-23.99999997,3.826082979e-07
HIGH SHELF,192000,20,0,0,1,5,0,0,0
HIGH SHELF,192000,20,0,0,1,20,0,0,0
HIGH SHELF,192000,20,0,0,1,40,0,0,0
HIGH SHELF,192000,20,0,0,1,90000,0,0,0
HIGH SHELF,192000,20,0,24,1,5,1.794672731,1.794672732,6.620582971e-10
HIGH SHELF,192000,20,0,24,1,20,11.99999956,11.99999955,2.857818426e-09
HIGH SHELF,192000,20,0,24,1,40,18.52898347,18.52898346,1.313373366e-08
HIGH SHELF,192000,20,0,24,1,90000,23.99999919,23.99999907,1.166243653e-07
HIGH SHELF,192000,20,0.1000000015,-24,1,5,0.374871728,0.3748717263,1.723780438e-09
HIGH SHELF,192000,20,0.1000000015,-24,1,20,-12.00000001,-12,6.009912568e-09
HIGH SHELF,192000,20,0.1000000015,-24,1,40,-22.45537737,-22.45537734,2.73294587e-08
HIGH SHELF,192000,20,0.1000000015,-24,1,90000,-24.00000123,-24.00000001,1.218396279e-06
HIGH SHELF,192000,20,0.1000000015,0,1,5,0,0,0
HIGH SHELF,192000,20,0.1000000015,0,1,20,0,0,0
HIGH SHELF,192000,20,0.1000000015,0,1,40,0,0,0
HIGH SHELF,192000,20,0.1000000015,0,1,90000,0,0,0
HIGH SHELF,192000,20,0.1000000015,24,1,5,-0.3748717181,-0.374871717,1.078673872e-09
HIGH SHELF,192000,20,0.1000000015,24,1,20,11.99999956,11.99999955,5.908770806e-09
HIGH SHELF,192000,20,0.1000000015,24,1,40,22.45537666,22.45537666,7.260281265e-10
HIGH SHELF,192000,20,0.1000000015,24,1,90000,23.99999903,23.99999912,8.222269443e-08
HIGH SHELF,192000,20,0.6000000238,-24,1,5,2.083607942,2.083607939,2.827267587e-09
HIGH SHELF,192000,20,0.6000000238,-24,1,20,-12.00000001,-12,1.127434768e-08
HIGH SHELF,192000,20,0.6000000238,-24,1,40,-31.80176957,-31.80176985,2.839884923e-07
HIGH SHELF,192000,20,0.6000000238,-24,1,90000,-24.00000021,-24.00000003,1.745533442e-07
HIGH SHELF,192000,20,0.6000000238,0,1,5,0,0,0
HIGH SHELF,192000,20,0.6000000238,0,1,20,0,0,0
HIGH SHELF,192000,20,0.6000000238,0,1,40,0,0,0
HIGH SHELF,192000,20,0.6000000238,0,1,90000,0,0,0
HIGH SHELF,192000,20,0.6000000238,24,1,5,-2.083607808,-2.083607807,1.166865604e-09
HIGH SHELF,192000,20,0.6000000238,24,1,20,11.99999956,11.99999955,2.715540681e-09
HIGH SHELF,192000,20,0.6000000238,24,1,40,31.80176914,31.80176914,4.06481071e-09
HIGH SHELF,192000,20,0.6000000238,24,1,90000,23.99999904,23.99999914,9.564084813e-08
HIGH SHELF,192000,20,1,-24,1,5,2.23396765,2.233967648,1.757583523e-09
HIGH SHELF,192000,20,1,-24,1,20,-12.00000002,-12,1.46538075e-08
HIGH SHELF,192000,20,1,-24,1,40,-35.51627194,-35.51627228,3.345309523e-07
HIGH SHELF,192000,20,1,-24,1,90000,-24.00000029,-24.00000003,2.563389954e-07
HIGH SHELF,192000,20,1,0,1,5,0,0,0
HIGH SHELF,192000,20,1,0,1,20,0,0,0
HIGH SHELF,192000,20,1,0,1,40,0,0,0
HIGH SHELF,192000,20,1,0,1,90000,0,0,0
HIGH SHELF,192000,20,1,24,1,5,-2.233967501,-2.233967503,2.065334459e-09
HIGH SHELF,192000,20,1,24,1,20,11.99999955,11.99999955,2.709725777e-10
HIGH SHELF,192000,20,1,24,1,40,35.51627155,35.51627154,1.026151875e-08
HIGH SHELF,192000,20,1,24,1,90000,23.99999921,23.99999914,6.846832967e-08
HIGH SHELF,192000,100,0,-24,1,25,-1.794670256,-1.794670259,3.042017582e-09
HIGH SHELF,192000,100,0,-24,1,100,-11.99999998,-11.99999998,1.233777525e-09
HIGH SHELF,192000,100,0,-24,1,200,-18.52900378,-18.52900372,5.26231636e-08
HIGH SHELF,192000,100,0,-24,1,90000,-23.99999998,-23.99999916,8.1805445e-07
HIGH SHELF,192000,100,0,0,1,25,0,0,0
HIGH SHELF,192000,100,0,0,1,100,0,0,0
HIGH SHELF,192000,100,0,0,1,200,0,0,0
HIGH SHELF,192000,100,0,0,1,90000,0,0,0
HIGH SHELF,192000,100,0,24,1,25,1.794670163,1.794670163,2.204759153e-10
HIGH SHELF,192000,100,0,24,1,100,11.99999953,11.99999954,9.028031656e-09
HIGH SHELF,192000,100,0,24,1,200,18.5290031,18.52900308,2.272164146e-08
HIGH SHELF,192000,100,0,24,1,90000,23.99999826,23.99999826,2.868001836e-09
HIGH SHELF,192000,100,0.1000000015,-24,1,25,0.3748715621,0.3748715647,2.562610485e-09
HIGH SHELF,192000,100,0.1000000015,-24,1,100,-12,-11.99999997,2.633782969e-08
HIGH SHELF,192000,100,0.1000000015,-24,1,200,-22.45540026,-22.45540021,5.11534779e-08
HIGH SHELF,192000,100,0.1000000015,-24,1,90000,-24.0000019,-24.00000026,1.635684105e-06
HIGH SHELF,192000,100,0.1000000015,0,1,25,0,0,0
HIGH SHELF,192000,100,0.1000000015,0,1,100,0,0,0
HIGH SHELF,192000,100,0.1000000015,0,1,200,0,0,0
HIGH SHELF,192000,100,0.1000000015,0,1,90000,0,0,0
HIGH SHELF,192000,100,0.1000000015,24,1,25,-0.3748715589,-0.3748715553,3.561239692e-09
HIGH SHELF,192000,100,0.1000000015,24,1,100,11.99999953,11.99999952,2.430030399e-09
HIGH SHELF,192000,100,0.1000000015,24,1,200,22.45539949,22.45539953,4.168362722e-08
HIGH SHELF,192000,100,0.1000000015,24,1,90000,23.99999942,23.99999936,5.772201472e-08
HIGH SHELF,192000,100,0.6000000238,-24,1,25,2.083604233,2.083604226,7.206981234e-09
HIGH SHELF,192000,100,0.6000000238,-24,1,100,-11.99999995,-11.99999996,5.65581848e-09
HIGH SHELF,192000,100,0.6000000238,-24,1,200,-31.80179325,-31.80179346,2.054087709e-07
HIGH SHELF,192000,100,0.6000000238,-24,1,90000,-24.00000038,-24.00000078,3.99311701e-07
HIGH SHELF,192000,100,0.6000000238,0,1,25,0,0,0
HIGH SHELF,192000,100,0.6000000238,0,1,100,0,0,0
HIGH SHELF,192000,100,0.6000000238,0,1,200,0,0,0
HIGH SHELF,192000,100,0.6000000238,0,1,90000,0,0,0
HIGH SHELF,192000,100,0.6000000238,24,1,25,-2.08360409,-2.083604094,3.883543598e-09
HIGH SHELF,192000,100,0.6000000238,24,1,100,11.99999949,11.99999951,1.589604803e-08
HIGH SHELF,192000,100,0.6000000238,24,1,200,31.80179274,31.80179274,4.539857379e-09
HIGH SHELF,192000,100,0.6000000238,24,1,90000,24.00000002,23.99999988,1.347443002e-07
HIGH SHELF,192000,100,1,-24,1,25,2.233963552,2.233963545,6.468499569e-09
HIGH SHELF,192000,100,1,-24,1,100,-11.99999995,-11.99999996,1.019421259e-08
HIGH SHELF,192000,100,1,-24,1,200,-35.51629405,-35.51629408,2.43169298e-08
HIGH SHELF,192000,100,1,-24,1,90000,-24.00000062,-24.00000082,1.984368989e-07
HIGH SHELF,192000,100,1,0,1,25,0,0,0
HIGH SHELF,192000,100,1,0,1,100,0,0,0
HIGH SHELF,192000,100,1,0,1,200,0,0,0
HIGH SHELF,192000,100,1,0,1,90000,0,0,0
HIGH SHELF,192000,100,1,24,1,25,-2.2339634,-2.2339634,1.867750954e-10
HIGH SHELF,192000,100,1,24,1,100,11.9999995,11.99999951,4.558861288e-09
HIGH SHELF,192000,100,1,24,1,200,35.51629338,35.51629334,3.50101601e-08
HIGH SHELF,192000,100,1,24,1,90000,23.99999999,23.99999992,6.955424237e-08
HIGH SHELF,192000,500,0,-24,1,125,-1.794606154,-1.794606151,3.787702152e-09
HIGH SHELF,192000,500,0,-24,1,500,-11.99999993,-11.99999998,5.027104732e-08
HIGH SHELF,192000,500,0,-24,1,1000,-18.52949458,-18.52949458,7.25808702e-09
HIGH SHELF,192000,500,0,-24,1,90000,-23.9999783,-23.99997897,6.651764428e-07
HIGH SHELF,192000,500,0,0,1,125,0,0,0
HIGH SHELF,192000,500,0,0,1,500,0,0,0
HIGH SHELF,192000,500,0,0,1,1000,0,0,0
HIGH SHELF,192000,500,0,0,1,90000,0,0,0
HIGH SHELF,192000,500,0,24,1,125,1.794606064,1.794606054,9.790628364e-09
HIGH SHELF,192000,500,0,24,1,500,11.99999951,11.99999954,2.383265185e-08
HIGH SHELF,192000,500,0,24,1,1000,18.52949395,18.52949394,1.482144008e-08
HIGH SHELF,192000,500,0,24,1,90000,23.99997812,23.99997807,5.052159668e-08
HIGH SHELF,192000,500,0.1000000015,-24,1,125,0.3748675327,0.3748675309,1.85664957e-09
HIGH SHELF,192000,500,0.1000000015,-24,1,500,-11.99999993,-11.99999997,3.85140897e-08
HIGH SHELF,192000,500,0.1000000015,-24,1,1000,-22.45597202,-22.45597229,2.717672452e-07
HIGH SHELF,192000,500,0.1000000015,-24,1,90000,-24.00000558,-24.00000648,9.015184474e-07
HIGH SHELF,192000,500,0.1000000015,0,1,125,0,0,0
HIGH SHELF,192000,500,0.1000000015,0,1,500,0,0,0
HIGH SHELF,192000,500,0.1000000015,0,1,1000,0,0,0
HIGH SHELF,192000,500,0.1000000015,0,1,90000,0,0,0
HIGH SHELF,192000,500,0.1000000015,24,1,125,-0.3748674982,-0.3748675215,2.334769215e-08
HIGH SHELF,192000,500,0.1000000015,24,1,500,11.9999995,11.99999952,2.406598432e-08
HIGH SHELF,192000,500,0.1000000015,24,1,1000,22.45597158,22.45597161,3.001611759e-08
HIGH SHELF,192000,500,0.1000000015,24,1,90000,24.00000558,24.00000558,7.843524941e-09
HIGH SHELF,192000,500,0.6000000238,-24,1,125,2.083511584,2.083511574,9.714467009e-09
HIGH SHELF,192000,500,0.6000000238,-24,1,500,-11.99999999,-11.99999996,3.323704956e-08
HIGH SHELF,192000,500,0.6000000238,-24,1,1000,-31.80238424,-31.80238347,7.712357366e-07
HIGH SHELF,192000,500,0.6000000238,-24,1,90000,-24.00001996,-24.00001948,4.741713635e-07
HIGH SHELF,192000,500,0.6000000238,0,1,125,0,0,0
HIGH SHELF,192000,500,0.6000000238,0,1,500,0,0,0
HIGH SHELF,192000,500,0.6000000238,0,1,1000,0,0,0
HIGH SHELF,192000,500,0.6000000238,0,1,90000,0,0,0
HIGH SHELF,192000,500,0.6000000238,24,1,125,-2.083511447,-2.083511442,5.624270716e-09
HIGH SHELF,192000,500,0.6000000238,24,1,500,11.99999952,11.99999951,7.693871762e-09
HIGH SHELF,192000,500,0.6000000238,24,1,1000,31.80238276,31.80238276,5.759287269e-09
HIGH SHELF,192000,500,0.6000000238,24,1,90000,24.00001862,24.00001858,3.266683102e-08
HIGH SHELF,192000,500,1,-24,1,125,2.233861158,2.233861163,5.669048508e-09
HIGH SHELF,192000,500,1,-24,1,500,-11.99999988,-11.99999996,7.698483317e-08
HIGH SHELF,192000,500,1,-24,1,1000,-35.51683758,-35.51683828,6.995835085e-07
HIGH SHELF,192000,500,1,-24,1,90000,-24.00002034,-24.00002038,4.064139247e-08
HIGH SHELF,192000,500,1,0,1,125,0,0,0
HIGH SHELF,192000,500,1,0,1,500,0,0,0
HIGH SHELF,192000,500,1,0,1,1000,0,0,0
HIGH SHELF,192000,500,1,0,1,90000,0,0,0
HIGH SHELF,192000,500,1,24,1,125,-2.233861022,-2.233861018,4.150146393e-09
HIGH SHELF,192000,500,1,24,1,500,11.99999952,11.99999951,9.399502954e-09
HIGH SHELF,192000,500,1,24,1,1000,35.51683757,35.51683754,2.127024956e-08
HIGH SHELF,192000,500,1,24,1,90000,24.00001943,24.00001948,4.989421409e-08
HIGH SHELF,192000,1000,0,-24,1,250,-1.794405823,-1.794405815,7.878292574e-09
HIGH SHELF,192000,1000,0,-24,1,1000,-11.99999987,-11.99999999,1.221412309e-07
HIGH SHELF,192000,1000,0,-24,1,2000,-18.531029,-18.53102883,1.755592693e-07
HIGH SHELF,192000,1000,0,-24,1,90000,-23.99991589,-23.99991585,4.384552721e-08
HIGH SHELF,192000,1000,0,0,1,250,0,0,0
HIGH SHELF,192000,1000,0,0,1,1000,0,0,0
HIGH SHELF,192000,1000,0,0,1,2000,0,0,0
HIGH SHELF,192000,1000,0,0,1,90000,0,0,0
HIGH SHELF,192000,1000,0,24,1,250,1.794405732,1.794405719,1.302899777e-08
HIGH SHELF,192000,1000,0,24,1,1000,11.99999951,11.99999955,3.431204965e-08
HIGH SHELF,192000,1000,0,24,1,2000,18.53102818,18.53102818,1.044088815e-09
HIGH SHELF,192000,1000,0,24,1,90000,23.999915,23.99991495,4.59591929e-08
HIGH SHELF,192000,1000,0.1000000015,-24,1,250,0.3748549087,0.3748549195,1.079728722e-08
HIGH SHELF,192000,1000,0.1000000015,-24,1,1000,-11.99999999,-11.99999999,8.041523003e-10
HIGH SHELF,192000,1000,0.1000000015,-24,1,2000,-22.45776014,-22.45775993,2.099210059e-07
HIGH SHELF,192000,1000,0.1000000015,-24,1,90000,-24.00002494,-24.00002592,9.799257947e-07
HIGH SHELF,192000,1000,0.1000000015,0,1,250,0,0,0
HIGH SHELF,192000,1000,0.1000000015,0,1,1000,0,0,0
HIGH SHELF,192000,1000,0.1000000015,0,1,2000,0,0,0
HIGH SHELF,192000,1000,0.1000000015,0,1,90000,0,0,0
HIGH SHELF,192000,1000,0.1000000015,24,1,250,-0.3748549129,-0.3748549102,2.732887569e-09
HIGH SHELF,192000,1000,0.1000000015,24,1,1000,11.99999951,11.99999954,3.338407728e-08
HIGH SHELF,192000,1000,0.1000000015,24,1,2000,22.4577592,22.45775924,4.831576206e-08
HIGH SHELF,192000,1000,0.1000000015,24,1,90000,24.00002502,24.00002502,5.088685029e-10
HIGH SHELF,192000,1000,0.6000000238,-24,1,250,2.08322205,2.083222051,2.432533619e-10
HIGH SHELF,192000,1000,0.6000000238,-24,1,1000,-11.99999996,-11.99999999,2.558121093e-08
HIGH SHELF,192000,1000,0.6000000238,-24,1,2000,-31.80422222,-31.80422154,6.800355266e-07
HIGH SHELF,192000,1000,0.6000000238,-24,1,90000,-24.00007693,-24.00007793,1.001753027e-06
HIGH SHELF,192000,1000,0.6000000238,0,1,250,0,0,0
HIGH SHELF,192000,1000,0.6000000238,0,1,1000,0,0,0
HIGH SHELF,192000,1000,0.6000000238,0,1,2000,0,0,0
HIGH SHELF,192000,1000,0.6000000238,0,1,90000,0,0,0
HIGH SHELF,192000,1000,0.6000000238,24,1,250,-2.083221921,-2.083221919,2.681646794e-09
HIGH SHELF,192000,1000,0.6000000238,24,1,1000,11.99999946,11.99999954,7.671776325e-08
HIGH SHELF,192000,1000,0.6000000238,24,1,2000,31.80422084,31.80422082,2.263376153e-08
HIGH SHELF,192000,1000,0.6000000238,24,1,90000,24.00007707,24.00007704,3.051389363e-08
HIGH SHELF,192000,1000,1,-24,1,250,2.233541236,2.233541237,1.224267132e-09
HIGH SHELF,192000,1000,1,-24,1,1000,-12.00000001,-11.99999999,2.726142379e-08
HIGH SHELF,192000,1000,1,-24,1,2000,-35.51852273,-35.5185246,1.876746547e-06
HIGH SHELF,192000,1000,1,-24,1,90000,-24.00008035,-24.00008153,1.179354437e-06
HIGH SHELF,192000,1000,1,0,1,250,0,0,0
HIGH SHELF,192000,1000,1,0,1,1000,0,0,0
HIGH SHELF,192000,1000,1,0,1,2000,0,0,0
HIGH SHELF,192000,1000,1,0,1,90000,0,0,0
HIGH SHELF,192000,1000,1,24,1,250,-2.233541097,-2.233541092,5.45304879e-09
HIGH SHELF,192000,1000,1,24,1,1000,11.9999996,11.99999954,6.565063204e-08
HIGH SHELF,192000,1000,1,24,1,2000,35.51852382,35.51852387,4.789136909e-08
HIGH SHELF,192000,1000,1,24,1,90000,24.00008069,24.00008063,6.435128874e-08
HIGH SHELF,192000,5000,0,-24,1,1246.753247,-1.779733352,-1.779733315,3.741772869e-08
HIGH SHELF,192000,5000,0,-24,1,4923.076923,-11.83810602,-11.83810619,1.776921099e-07
HIGH SHELF,192000,5000,0,-24,1,10200,-18.73211684,-18.73211673,1.1045611e-07
HIGH SHELF,192000,5000,0,-24,1,90000,-23.99788955,-23.99788737,2.186004083e-06
HIGH SHELF,192000,5000,0,0,1,1246.753247,0,0,0
HIGH SHELF,192000,5000,0,0,1,4923.076923,0,0,0
HIGH SHELF,192000,5000,0,0,1,10200,0,0,0
HIGH SHELF,192000,5000,0,0,1,90000,0,0,0
HIGH SHELF,192000,5000,0,24,1,1246.753247,1.779733236,1.77973322,1.697193031e-08
HIGH SHELF,192000,5000,0,24,1,4923.076923,11.83810579,11.83810575,4.110702534e-08
HIGH SHELF,192000,5000,0,24,1,10200,18.73211607,18.73211608,9.186897021e-09
HIGH SHELF,192000,5000,0,24,1,90000,23.99788641,23.99788647,6.102761585e-08
HIGH SHELF,192000,5000,0.1000000015,-24,1,1246.753247,0.3739071743,0.3739071822,7.974186589e-09
HIGH SHELF,192000,5000,0.1000000015,-24,1,4923.076923,-11.72100173,-11.72100156,1.627338939e-07
HIGH SHELF,192000,5000,0.1000000015,-24,1,10200,-22.68576526,-22.6857653,4.575449086e-08
HIGH SHELF,192000,5000,0.1000000015,-24,1,90000,-24.00065165,-24.00065046,1.186754971e-06
HIGH SHELF,192000,5000,0.1000000015,0,1,1246.753247,0,0,0
HIGH SHELF,192000,5000,0.1000000015,0,1,4923.076923,0,0,0
HIGH SHELF,192000,5000,0.1000000015,0,1,10200,0,0,0
HIGH SHELF,192000,5000,0.1000000015,0,1,90000,0,0,0
HIGH SHELF,192000,5000,0.1000000015,24,1,1246.753247,-0.3739072166,-0.3739071727,4.393589084e-08
HIGH SHELF,192000,5000,0.1000000015,24,1,4923.076923,11.72100117,11.72100112,5.108669443e-08
HIGH SHELF,192000,5000,0.1000000015,24,1,10200,22.68576464,22.6857646,3.137416016e-08
HIGH SHELF,192000,5000,0.1000000015,24,1,90000,24.00064952,24.00064956,3.910502588e-08
HIGH SHELF,192000,5000,0.6000000238,-24,1,1246.753247,2.062058693,2.062058686,6.989133106e-09
HIGH SHELF,192000,5000,0.6000000238,-24,1,4923.076923,-11.57603752,-11.57603758,6.065625113e-08
HIGH SHELF,192000,5000,0.6000000238,-24,1,10200,-31.96436845,-31.9643686,1.499675504e-07
HIGH SHELF,192000,5000,0.6000000238,-24,1,90000,-24.00195811,-24.00195685,1.257885708e-06
HIGH SHELF,192000,5000,0.6000000238,0,1,1246.753247,0,0,0
HIGH SHELF,192000,5000,0.6000000238,0,1,4923.076923,0,0,0
HIGH SHELF,192000,5000,0.6000000238,0,1,10200,0,0,0
HIGH SHELF,192000,5000,0.6000000238,0,1,90000,0,0,0
HIGH SHELF,192000,5000,0.6000000238,24,1,1246.753247,-2.062058573,-2.062058555,1.766910984e-08
HIGH SHELF,192000,5000,0.6000000238,24,1,4923.076923,11.57603705,11.57603713,7.459582774e-08
HIGH SHELF,192000,5000,0.6000000238,24,1,10200,31.96436772,31.96436773,9.897365594e-09
HIGH SHELF,192000,5000,0.6000000238,24,1,90000,24.00195591,24.00195596,4.917104501e-08
HIGH SHELF,192000,5000,1,-24,1,1246.753247,2.210164506,2.21016447,3.624850048e-08
HIGH SHELF,192000,5000,1,-24,1,4923.076923,-11.56024205,-11.56024201,4.27509006e-08
HIGH SHELF,192000,5000,1,-24,1,10200,-35.548781,-35.54877892,2.084646765e-06
HIGH SHELF,192000,5000,1,-24,1,90000,-24.00204665,-24.00204715,5.091888085e-07
HIGH SHELF,192000,5000,1,0,1,1246.753247,0,0,0
HIGH SHELF,192000,5000,1,0,1,4923.076923,0,0,0
HIGH SHELF,192000,5000,1,0,1,10200,0,0,0
HIGH SHELF,192000,5000,1,0,1,90000,0,0,0
HIGH SHELF,192000,5000,1,24,1,1246.753247,-2.210164322,-2.210164327,4.526433228e-09
HIGH SHELF,192000,5000,1,24,1,4923.076923,11.5602415,11.56024155,4.437778056e-08
HIGH SHELF,192000,5000,1,24,1,10200,35.54877782,35.54877782,3.828251494e-09
HIGH SHELF,192000,5000,1,24,1,90000,24.00204618,24.00204626,7.402493374e-08
HIGH SHELF,192000,10000,0,-24,1,2493.506494,-1.759773338,-1.759773345,6.958092214e-09
HIGH SHELF,192000,10000,0,-24,1,10200,-12.20965973,-12.20965976,3.020548656e-08
HIGH SHELF,192000,10000,0,-24,1,20250,-18.83649836,-18.83649829,6.853754053e-08
HIGH SHELF,192000,10000,0,-24,1,90000,-23.99143542,-23.99143828,2.862223801e-06
HIGH SHELF,192000,10000,0,0,1,2493.506494,0,0,0
HIGH SHELF,192000,10000,0,0,1,10200,0,0,0
HIGH SHELF,192000,10000,0,0,1,20250,0,0,0
HIGH SHELF,192000,10000,0,0,1,90000,0,0,0
HIGH SHELF,192000,10000,0,24,1,2493.506494,1.759773252,1.759773251,1.181586551e-09
HIGH SHELF,192000,10000,0,24,1,10200,12.20965932,12.20965931,1.200051791e-08
HIGH SHELF,192000,10000,0,24,1,20250,18.83649757,18.83649763,5.90437117e-08
HIGH SHELF,192000,10000,0,24,1,90000,23.99143744,23.99143739,5.53008821e-08
HIGH SHELF,192000,10000,0.1000000015,-24,1,2493.506494,0.3725420161,0.3725420395,2.34527846e-08
HIGH SHELF,192000,10000,0.1000000015,-24,1,10200,-12.36131301,-12.36131304,3.085954603e-08
HIGH SHELF,192000,10000,0.1000000015,-24,1,20250,-22.79904804,-22.79904795,8.84014284e-08
HIGH SHELF,192000,10000,0.1000000015,-24,1,90000,-24.00263395,-24.00263424,2.974562587e-07
HIGH SHELF,192000,10000,0.1000000015,0,1,2493.506494,0,0,0
HIGH SHELF,192000,10000,0.1000000015,0,1,10200,0,0,0
HIGH SHELF,192000,10000,0.1000000015,0,1,20250,0,0,0
HIGH SHELF,192000,10000,0.1000000015,0,1,90000,0,0,0
HIGH SHELF,192000,10000,0.1000000015,24,1,2493.506494,-0.372542046,-0.3725420298,1.619437223e-08
HIGH SHELF,192000,10000,0.1000000015,24,1,10200,12.3613126,12.36131259,1.43394443e-08
HIGH SHELF,192000,10000,0.1000000015,24,1,20250,22.79904726,22.79904724,1.854620013e-08
HIGH SHELF,192000,10000,0.1000000015,24,1,90000,24.00263331,24.00263335,3.178171948e-08
HIGH SHELF,192000,10000,0.6000000238,-24,1,2493.506494,2.033398942,2.033398924,1.826248297e-08
HIGH SHELF,192000,10000,0.6000000238,-24,1,10200,-12.54910425,-12.54910438,1.319377372e-07
HIGH SHELF,192000,10000,0.6000000238,-24,1,20250,-31.984631,-31.98463032,6.799370267e-07
HIGH SHELF,192000,10000,0.6000000238,-24,1,90000,-24.00793706,-24.00793632,7.397156807e-07
HIGH SHELF,192000,10000,0.6000000238,0,1,2493.506494,0,0,0
HIGH SHELF,192000,10000,0.6000000238,0,1,10200,0,0,0
HIGH SHELF,192000,10000,0.6000000238,0,1,20250,0,0,0
HIGH SHELF,192000,10000,0.6000000238,0,1,90000,0,0,0
HIGH SHELF,192000,10000,0.6000000238,24,1,2493.506494,-2.033398832,-2.033398795,3.643890845e-08
HIGH SHELF,192000,10000,0.6000000238,24,1,10200,12.54910394,12.54910394,8.189016132e-09
HIGH SHELF,192000,10000,0.6000000238,24,1,20250,31.98462936,31.98462937,9.213703578e-09
HIGH SHELF,192000,10000,0.6000000238,24,1,90000,24.00793548,24.00793542,5.225111988e-08
HIGH SHELF,192000,10000,1,-24,1,2493.506494,2.178535255,2.178535268,1.216293077e-08
HIGH SHELF,192000,10000,1,-24,1,10200,-12.569573,-12.56957323,2.362683955e-07
HIGH SHELF,192000,10000,1,-24,1,20250,-35.42390387,-35.42390428,4.073448583e-07
HIGH SHELF,192000,10000,1,-24,1,90000,-24.00830318,-24.00830301,1.647991512e-07
HIGH SHELF,192000,10000,1,0,1,2493.506494,0,0,0
HIGH SHELF,192000,10000,1,0,1,10200,0,0,0
HIGH SHELF,192000,10000,1,0,1,20250,0,0,0
HIGH SHELF,192000,10000,1,0,1,90000,0,0,0
HIGH SHELF,192000,10000,1,24,1,2493.506494,-2.178535152,-2.178535126,2.584063619e-08
HIGH SHELF,192000,10000,1,24,1,10200,12.56957281,12.5695728,4.155541689e-09
HIGH SHELF,192000,10000,1,24,1,20250,35.42390306,35.42390303,3.278155791e-08
HIGH SHELF,192000,10000,1,24,1,90000,24.00830203,24.00830212,8.56249418e-08
HIGH SHELF,192000,20000,0,-24,1,4923.076923,-1.641321604,-1.641321608,4.487618277e-09
HIGH SHELF,192000,20000,0,-24,1,20250,-12.1389789,-12.13897883,7.064803897e-08
HIGH SHELF,192000,20000,0,-24,1,39750,-19.35488875,-19.35488882,6.94686273e-08
HIGH SHELF,192000,20000,0,-24,1,90000,-23.96387299,-23.96387206,9.305392403e-07
HIGH SHELF,192000,20000,0,0,1,4923.076923,0,0,0
HIGH SHELF,192000,20000,0,0,1,20250,0,0,0
HIGH SHELF,192000,20000,0,0,1,39750,0,0,0
HIGH SHELF,192000,20000,0,0,1,90000,0,0,0
HIGH SHELF,192000,20000,0,24,1,4923.076923,1.641321495,1.641321519,2.4172431e-08
HIGH SHELF,192000,20000,0,24,1,20250,12.13897841,12.13897838,3.495920309e-08
HIGH SHELF,192000,20000,0,24,1,39750,19.35488817,19.35488814,2.911055264e-08
HIGH SHELF,192000,20000,0,24,1,90000,23.96387132,23.96387116,1.611592744e-07
HIGH SHELF,192000,20000,0.1000000015,-24,1,4923.076923,0.3626851713,0.3626850708,1.005241588e-07
HIGH SHELF,192000,20000,0.1000000015,-24,1,20250,-12.23950858,-12.23950873,1.515863617e-07
HIGH SHELF,192000,20000,0.1000000015,-24,1,39750,-23.30673448,-23.30673427,2.151592149e-07
HIGH SHELF,192000,20000,0.1000000015,-24,1,90000,-24.01108282,-24.01108259,2.274551338e-07
HIGH SHELF,192000,20000,0.1000000015,0,1,4923.076923,0,0,0
HIGH SHELF,192000,20000,0.1000000015,0,1,20250,0,0,0
HIGH SHELF,192000,20000,0.1000000015,0,1,39750,0,0,0
HIGH SHELF,192000,20000,0.1000000015,0,1,90000,0,0,0
HIGH SHELF,192000,20000,0.1000000015,24,1,4923.076923,-0.3626849936,-0.3626850597,6.609822777e-08
HIGH SHELF,192000,20000,0.1000000015,24,1,20250,12.23950821,12.23950828,7.133974034e-08
HIGH SHELF,192000,20000,0.1000000015,24,1,39750,23.30673351,23.30673352,9.676895729e-09
HIGH SHELF,192000,20000,0.1000000015,24,1,90000,24.01108174,24.0110817,4.167236689e-08
HIGH SHELF,192000,20000,0.6000000238,-24,1,4923.076923,1.866359577,1.866359518,5.949888621e-08
HIGH SHELF,192000,20000,0.6000000238,-24,1,20250,-12.36393959,-12.3639395,8.982676825e-08
HIGH SHELF,192000,20000,0.6000000238,-24,1,39750,-31.54042614,-31.54042729,1.147553136e-06
HIGH SHELF,192000,20000,0.6000000238,-24,1,90000,-24.03359493,-24.0335962,1.274460088e-06
HIGH SHELF,192000,20000,0.6000000238,0,1,4923.076923,0,0,0
HIGH SHELF,192000,20000,0.6000000238,0,1,20250,0,0,0
HIGH SHELF,192000,20000,0.6000000238,0,1,39750,0,0,0
HIGH SHELF,192000,20000,0.6000000238,0,1,90000,0,0,0
HIGH SHELF,192000,20000,0.6000000238,24,1,4923.076923,-1.866359391,-1.8663594,8.996463352e-09
HIGH SHELF,192000,20000,0.6000000238,24,1,20250,12.36393905,12.36393906,7.452167328e-09
HIGH SHELF,192000,20000,0.6000000238,24,1,39750,31.54042609,31.54042607,1.408142047e-08
HIGH SHELF,192000,20000,0.6000000238,24,1,90000,24.03359531,24.03359531,3.529023296e-09
HIGH SHELF,192000,20000,1,-24,1,4923.076923,1.994813368,1.994813414,4.638392703e-08
HIGH SHELF,192000,20000,1,-24,1,20250,-12.37749614,-12.37749601,1.342601208e-07
HIGH SHELF,192000,20000,1,-24,1,39750,-33.90297595,-33.90297635,3.974832365e-07
HIGH SHELF,192000,20000,1,-24,1,90000,-24.03515785,-24.03515699,8.641878688e-07
HIGH SHELF,192000,20000,1,0,1,4923.076923,0,0,0
HIGH SHELF,192000,20000,1,0,1,20250,0,0,0
HIGH SHELF,192000,20000,1,0,1,39750,0,0,0
HIGH SHELF,192000,20000,1,0,1,90000,0,0,0
HIGH SHELF,192000,20000,1,24,1,4923.076923,-1.994813322,-1.994813286,3.553645517e-08
HIGH SHELF,192000,20000,1,24,1,20250,12.37749567,12.37749557,1.002057126e-07
HIGH SHELF,192000,20000,1,24,1,39750,33.90297477,33.90297476,1.744320688e-08
HIGH SHELF,192000,20000,1,24,1,90000,24.03515612,24.03515609,3.375566493e-08
HIGH SHELF,192000,1000,0.1000000015,6,0,250,0,0,0
HIGH SHELF,192000,1000,0.1000000015,6,0,1000,0,0,0
HIGH SHELF,192000,1000,0.1000000015,6,0,2000,0,0,0
HIGH SHELF,192000,1000,0.1000000015,6,0,90000,0,0,0
HIGH SHELF,192000,1000,0.1000000015,6,0.349999994,250,-0.04596267668,-0.04596269117,1.448813027e-08
HIGH SHELF,192000,1000,0.1000000015,6,0.349999994,1000,0.8159594488,0.8159594702,2.142775088e-08
HIGH SHELF,192000,1000,0.1000000015,6,0.349999994,2000,2.546441966,2.546441926,4.047496405e-08
HIGH SHELF,192000,1000,0.1000000015,6,0.349999994,90000,2.596002076,2.596002059,1.764458191e-08
HIGH SHELF,192000,1000,0.1000000015,6,1,250,-0.09588577532,-0.09588577681,1.496540395e-09
HIGH SHELF,192000,1000,0.1000000015,6,1,1000,3.000000025,2.999999994,3.020210693e-08
HIGH SHELF,192000,1000,0.1000000015,6,1,2000,6.071950399,6.07195037,2.963427193e-08
HIGH SHELF,192000,1000,0.1000000015,6,1,90000,6.000004881,6.000004893,1.272200656e-08
